session_id,date,month,channel,device,country,landing_page,pages_viewed,session_duration_secs,bounced,converted,revenue
SES00001,2025-05-24,2025-05,Paid Search,Tablet,Canada,/sale,1,43,True,False,0.0
SES00002,2024-11-18,2024-11,Paid Search,Desktop,United States,/products,1,44,True,False,0.0
SES00003,2024-09-10,2024-09,Direct,Desktop,Germany,/checkout,7,445,False,False,0.0
SES00004,2025-04-06,2025-04,Organic Search,Desktop,United States,/products,1,29,True,False,0.0
SES00005,2025-02-02,2025-02,Organic Search,Mobile,United States,/home,1,20,True,False,0.0
SES00006,2024-08-17,2024-08,Organic Search,Desktop,United States,/products,1,7,True,False,0.0
SES00007,2025-03-16,2025-03,Email,Mobile,United States,/home,10,375,False,False,0.0
SES00008,2025-05-29,2025-05,Direct,Desktop,United States,/home,8,487,False,False,0.0
SES00009,2025-02-15,2025-02,Paid Search,Desktop,Australia,/home,9,447,False,False,0.0
SES00010,2024-07-04,2024-07,Organic Search,Mobile,United States,/home,3,789,False,False,0.0
SES00011,2025-02-02,2025-02,Paid Search,Desktop,Australia,/about,1,19,True,False,0.0
SES00012,2024-09-18,2024-09,Organic Search,Desktop,United States,/products,1,20,True,False,0.0
SES00013,2024-12-20,2024-12,Social Media,Mobile,United States,/contact,1,33,True,False,0.0
SES00014,2025-01-11,2025-01,Social Media,Desktop,Germany,/about,1,12,True,False,0.0
SES00015,2024-12-24,2024-12,Organic Search,Mobile,Canada,/about,2,438,False,False,0.0
SES00016,2025-02-21,2025-02,Organic Search,Desktop,United States,/cart,9,839,False,False,0.0
SES00017,2025-01-10,2025-01,Organic Search,Desktop,United States,/products,1,39,True,False,0.0
SES00018,2024-11-28,2024-11,Direct,Desktop,United States,/products,4,828,False,False,0.0
SES00019,2025-01-02,2025-01,Direct,Desktop,United States,/home,11,613,False,False,0.0
SES00020,2024-07-24,2024-07,Paid Search,Desktop,Australia,/products,5,793,False,False,0.0
SES00021,2024-08-10,2024-08,Organic Search,Mobile,United States,/home,8,758,False,False,0.0
SES00022,2025-01-11,2025-01,Direct,Mobile,United States,/home,1,10,True,False,0.0
SES00023,2025-05-22,2025-05,Paid Search,Desktop,United States,/cart,11,407,False,False,0.0
SES00024,2024-12-29,2024-12,Paid Search,Tablet,United States,/sale,1,17,True,False,0.0
SES00025,2024-11-14,2024-11,Email,Desktop,United States,/products,6,284,False,False,0.0
SES00026,2024-08-06,2024-08,Organic Search,Desktop,Australia,/products,9,292,False,False,0.0
SES00027,2024-11-03,2024-11,Paid Search,Desktop,United States,/home,1,43,True,False,0.0
SES00028,2025-01-11,2025-01,Paid Search,Desktop,United States,/home,1,6,True,False,0.0
SES00029,2025-05-24,2025-05,Paid Search,Desktop,United States,/cart,4,697,False,False,0.0
SES00030,2024-12-14,2024-12,Organic Search,Desktop,Germany,/home,5,498,False,False,0.0
SES00031,2024-10-26,2024-10,Social Media,Desktop,Canada,/products,5,669,False,False,0.0
SES00032,2025-01-22,2025-01,Direct,Mobile,United States,/checkout,1,10,True,False,0.0
SES00033,2024-10-17,2024-10,Direct,Mobile,United States,/home,11,570,False,False,0.0
SES00034,2024-12-09,2024-12,Organic Search,Mobile,United States,/sale,1,43,True,False,0.0
SES00035,2025-03-13,2025-03,Email,Desktop,United States,/home,8,474,False,False,0.0
SES00036,2025-02-20,2025-02,Email,Desktop,Canada,/checkout,1,6,True,False,0.0
SES00037,2024-09-10,2024-09,Referral,Tablet,United States,/cart,1,13,True,False,0.0
SES00038,2025-04-14,2025-04,Organic Search,Mobile,United Kingdom,/cart,7,179,False,False,0.0
SES00039,2025-02-05,2025-02,Email,Mobile,Australia,/checkout,9,313,False,False,0.0
SES00040,2024-10-21,2024-10,Organic Search,Desktop,Canada,/home,3,765,False,False,0.0
SES00041,2025-03-10,2025-03,Direct,Mobile,United States,/about,1,37,True,False,0.0
SES00042,2024-07-25,2024-07,Paid Search,Desktop,United States,/about,4,460,False,False,0.0
SES00043,2024-09-20,2024-09,Organic Search,Mobile,United States,/sale,7,809,False,False,0.0
SES00044,2024-08-02,2024-08,Direct,Tablet,United States,/cart,3,336,False,False,0.0
SES00045,2025-02-25,2025-02,Paid Search,Mobile,United States,/home,4,575,False,False,0.0
SES00046,2024-07-06,2024-07,Organic Search,Mobile,United States,/contact,6,577,False,False,0.0
SES00047,2025-04-01,2025-04,Paid Search,Desktop,Australia,/products,6,666,False,False,0.0
SES00048,2024-12-22,2024-12,Referral,Mobile,United States,/products,1,27,True,False,0.0
SES00049,2025-02-08,2025-02,Organic Search,Desktop,United States,/products,1,7,True,False,0.0
SES00050,2024-07-02,2024-07,Direct,Desktop,United States,/blog,3,698,False,False,0.0
SES00051,2024-11-12,2024-11,Paid Search,Mobile,Canada,/sale,7,235,False,False,0.0
SES00052,2025-03-17,2025-03,Direct,Desktop,United States,/home,9,584,False,False,0.0
SES00053,2024-11-30,2024-11,Organic Search,Desktop,United States,/home,9,571,False,False,0.0
SES00054,2024-10-10,2024-10,Paid Search,Desktop,Australia,/home,1,38,True,False,0.0
SES00055,2024-09-21,2024-09,Organic Search,Mobile,United States,/products,7,373,False,False,0.0
SES00056,2025-03-29,2025-03,Email,Desktop,United States,/products,6,323,False,False,0.0
SES00057,2025-03-08,2025-03,Social Media,Desktop,United States,/home,1,36,True,False,0.0
SES00058,2025-01-02,2025-01,Paid Search,Mobile,United States,/about,3,695,False,False,0.0
SES00059,2024-12-05,2024-12,Direct,Desktop,United States,/products,1,30,True,False,0.0
SES00060,2024-11-01,2024-11,Organic Search,Tablet,United Kingdom,/sale,6,700,False,False,0.0
SES00061,2024-08-13,2024-08,Organic Search,Desktop,United States,/products,10,547,False,False,0.0
SES00062,2025-03-30,2025-03,Email,Mobile,United States,/sale,6,849,False,False,0.0
SES00063,2025-03-01,2025-03,Social Media,Desktop,United States,/home,7,756,False,False,0.0
SES00064,2025-03-28,2025-03,Organic Search,Desktop,United States,/products,5,512,False,False,0.0
SES00065,2024-10-17,2024-10,Paid Search,Desktop,United States,/products,2,313,False,False,0.0
SES00066,2025-06-19,2025-06,Paid Search,Desktop,United States,/sale,1,38,True,False,0.0
SES00067,2024-12-07,2024-12,Organic Search,Desktop,Australia,/products,1,9,True,False,0.0
SES00068,2025-06-09,2025-06,Direct,Mobile,Australia,/contact,5,723,False,False,0.0
SES00069,2025-03-22,2025-03,Direct,Mobile,United States,/checkout,6,327,False,False,0.0
SES00070,2024-08-02,2024-08,Paid Search,Tablet,Australia,/home,1,17,True,False,0.0
SES00071,2025-04-28,2025-04,Organic Search,Desktop,United States,/sale,8,149,False,False,0.0
SES00072,2024-07-04,2024-07,Organic Search,Mobile,United States,/checkout,1,11,True,False,0.0
SES00073,2025-05-20,2025-05,Organic Search,Mobile,United States,/cart,1,40,True,False,0.0
SES00074,2024-08-04,2024-08,Paid Search,Tablet,United States,/products,9,251,False,False,0.0
SES00075,2024-08-06,2024-08,Direct,Mobile,United States,/home,9,722,False,False,0.0
SES00076,2025-03-06,2025-03,Email,Mobile,United States,/about,1,29,True,False,0.0
SES00077,2024-09-06,2024-09,Organic Search,Desktop,United States,/products,10,401,False,False,0.0
SES00078,2025-04-22,2025-04,Organic Search,Desktop,United States,/contact,4,135,False,False,0.0
SES00079,2025-01-25,2025-01,Paid Search,Tablet,Canada,/products,1,20,True,False,0.0
SES00080,2024-08-19,2024-08,Paid Search,Desktop,United States,/sale,5,624,False,False,0.0
SES00081,2025-01-27,2025-01,Social Media,Mobile,United States,/products,1,43,True,False,0.0
SES00082,2024-07-28,2024-07,Referral,Desktop,Canada,/products,3,810,False,False,0.0
SES00083,2024-08-20,2024-08,Organic Search,Mobile,United States,/home,1,11,True,False,0.0
SES00084,2024-12-21,2024-12,Paid Search,Desktop,United States,/cart,3,576,False,False,0.0
SES00085,2024-10-07,2024-10,Paid Search,Desktop,United States,/cart,1,26,True,False,0.0
SES00086,2025-02-15,2025-02,Social Media,Tablet,Germany,/about,1,10,True,False,0.0
SES00087,2024-10-02,2024-10,Direct,Desktop,United States,/about,1,14,True,False,0.0
SES00088,2024-11-05,2024-11,Email,Desktop,United States,/home,11,719,False,True,51.73
SES00089,2025-04-08,2025-04,Organic Search,Mobile,Canada,/sale,1,29,True,False,0.0
SES00090,2025-05-30,2025-05,Email,Desktop,Germany,/home,6,139,False,False,0.0
SES00091,2024-08-17,2024-08,Paid Search,Tablet,United States,/sale,5,500,False,False,0.0
SES00092,2024-09-24,2024-09,Paid Search,Mobile,Canada,/products,1,7,True,False,0.0
SES00093,2025-03-04,2025-03,Email,Desktop,United States,/contact,1,12,True,False,0.0
SES00094,2025-01-22,2025-01,Paid Search,Desktop,United States,/home,5,149,False,False,0.0
SES00095,2024-07-02,2024-07,Paid Search,Desktop,United States,/products,5,763,False,False,0.0
SES00096,2025-02-18,2025-02,Paid Search,Desktop,United States,/products,1,17,True,False,0.0
SES00097,2025-06-22,2025-06,Direct,Desktop,Australia,/checkout,3,315,False,False,0.0
SES00098,2025-04-11,2025-04,Direct,Tablet,United States,/cart,6,178,False,False,0.0
SES00099,2024-10-06,2024-10,Paid Search,Mobile,United States,/blog,1,15,True,False,0.0
SES00100,2024-07-30,2024-07,Direct,Desktop,Germany,/checkout,2,669,False,False,0.0
SES00101,2024-12-08,2024-12,Organic Search,Desktop,United States,/home,1,32,True,False,0.0
SES00102,2025-04-26,2025-04,Social Media,Tablet,Germany,/sale,1,41,True,False,0.0
SES00103,2025-03-29,2025-03,Direct,Mobile,United States,/home,1,13,True,False,0.0
SES00104,2025-03-18,2025-03,Organic Search,Tablet,United States,/home,1,44,True,False,0.0
SES00105,2024-10-04,2024-10,Direct,Desktop,United States,/sale,1,38,True,False,0.0
SES00106,2024-08-04,2024-08,Paid Search,Mobile,United States,/checkout,6,793,False,False,0.0
SES00107,2024-08-31,2024-08,Social Media,Mobile,United States,/products,6,637,False,False,0.0
SES00108,2025-04-23,2025-04,Social Media,Tablet,United States,/blog,1,38,True,False,0.0
SES00109,2025-05-14,2025-05,Direct,Mobile,United States,/about,1,42,True,False,0.0
SES00110,2025-06-02,2025-06,Paid Search,Tablet,United States,/products,2,192,False,False,0.0
SES00111,2024-11-11,2024-11,Social Media,Desktop,United Kingdom,/about,1,24,True,False,0.0
SES00112,2024-12-08,2024-12,Paid Search,Tablet,United States,/products,1,15,True,False,0.0
SES00113,2025-01-19,2025-01,Organic Search,Desktop,United States,/home,1,20,True,False,0.0
SES00114,2025-05-27,2025-05,Direct,Desktop,United States,/cart,1,7,True,False,0.0
SES00115,2024-12-09,2024-12,Paid Search,Tablet,United States,/home,6,64,False,False,0.0
SES00116,2024-07-05,2024-07,Organic Search,Desktop,United States,/products,6,292,False,False,0.0
SES00117,2024-08-21,2024-08,Paid Search,Mobile,United States,/products,1,31,True,False,0.0
SES00118,2024-10-18,2024-10,Organic Search,Mobile,United States,/home,2,85,False,False,0.0
SES00119,2024-12-26,2024-12,Email,Desktop,United States,/blog,9,785,False,False,0.0
SES00120,2025-01-06,2025-01,Organic Search,Mobile,United States,/about,1,30,True,False,0.0
SES00121,2025-02-10,2025-02,Organic Search,Desktop,Canada,/cart,3,565,False,False,0.0
SES00122,2025-05-10,2025-05,Paid Search,Desktop,United States,/about,11,98,False,False,0.0
SES00123,2025-03-28,2025-03,Organic Search,Desktop,United States,/home,1,21,True,False,0.0
SES00124,2025-04-10,2025-04,Organic Search,Desktop,United States,/sale,1,22,True,False,0.0
SES00125,2025-06-05,2025-06,Organic Search,Mobile,United States,/about,1,23,True,False,0.0
SES00126,2024-09-07,2024-09,Paid Search,Desktop,Australia,/sale,1,10,True,False,0.0
SES00127,2024-08-24,2024-08,Direct,Desktop,United States,/home,8,683,False,False,0.0
SES00128,2024-11-22,2024-11,Organic Search,Desktop,United States,/home,8,196,False,False,0.0
SES00129,2024-10-13,2024-10,Organic Search,Mobile,United States,/blog,7,381,False,False,0.0
SES00130,2025-03-16,2025-03,Direct,Tablet,United States,/blog,9,633,False,False,0.0
SES00131,2024-07-27,2024-07,Email,Mobile,United States,/home,1,9,True,False,0.0
SES00132,2025-02-02,2025-02,Organic Search,Desktop,United States,/products,2,199,False,False,0.0
SES00133,2024-12-18,2024-12,Organic Search,Mobile,United States,/sale,5,318,False,False,0.0
SES00134,2024-11-12,2024-11,Organic Search,Desktop,United States,/home,1,6,True,False,0.0
SES00135,2025-02-12,2025-02,Organic Search,Mobile,United States,/sale,2,836,False,False,0.0
SES00136,2024-07-05,2024-07,Direct,Desktop,United States,/products,1,9,True,False,0.0
SES00137,2025-06-19,2025-06,Social Media,Tablet,United States,/about,10,647,False,False,0.0
SES00138,2025-01-06,2025-01,Paid Search,Tablet,Canada,/home,9,838,False,False,0.0
SES00139,2024-09-04,2024-09,Social Media,Desktop,United States,/home,1,9,True,False,0.0
SES00140,2025-01-03,2025-01,Organic Search,Mobile,Australia,/products,11,148,False,False,0.0
SES00141,2024-07-21,2024-07,Direct,Desktop,Canada,/cart,7,82,False,False,0.0
SES00142,2024-11-05,2024-11,Paid Search,Mobile,United States,/products,3,880,False,False,0.0
SES00143,2025-04-13,2025-04,Email,Mobile,United States,/contact,8,238,False,False,0.0
SES00144,2025-05-14,2025-05,Organic Search,Desktop,United Kingdom,/sale,5,537,False,False,0.0
SES00145,2024-10-30,2024-10,Email,Mobile,United States,/products,6,470,False,False,0.0
SES00146,2024-09-29,2024-09,Social Media,Desktop,United States,/about,11,177,False,False,0.0
SES00147,2024-12-18,2024-12,Social Media,Desktop,United Kingdom,/home,9,74,False,False,0.0
SES00148,2025-06-08,2025-06,Social Media,Desktop,United States,/about,3,470,False,False,0.0
SES00149,2024-11-14,2024-11,Direct,Mobile,United States,/home,1,9,True,False,0.0
SES00150,2025-06-25,2025-06,Social Media,Tablet,United States,/home,1,27,True,False,0.0
SES00151,2024-07-20,2024-07,Paid Search,Tablet,United States,/sale,3,682,False,False,0.0
SES00152,2025-02-21,2025-02,Direct,Mobile,United States,/cart,1,9,True,False,0.0
SES00153,2024-10-25,2024-10,Email,Mobile,United States,/sale,1,13,True,False,0.0
SES00154,2025-06-03,2025-06,Paid Search,Mobile,Australia,/contact,1,27,True,False,0.0
SES00155,2024-12-16,2024-12,Organic Search,Desktop,United States,/home,1,27,True,False,0.0
SES00156,2024-08-05,2024-08,Email,Mobile,United States,/sale,6,490,False,False,0.0
SES00157,2025-05-25,2025-05,Organic Search,Desktop,United Kingdom,/home,10,862,False,False,0.0
SES00158,2025-04-01,2025-04,Paid Search,Mobile,Australia,/products,1,22,True,False,0.0
SES00159,2024-07-15,2024-07,Paid Search,Tablet,United States,/home,1,28,True,False,0.0
SES00160,2024-11-11,2024-11,Direct,Desktop,United States,/products,1,33,True,False,0.0
SES00161,2024-11-13,2024-11,Direct,Mobile,United States,/sale,1,11,True,False,0.0
SES00162,2025-05-02,2025-05,Referral,Desktop,United States,/cart,1,44,True,False,0.0
SES00163,2024-12-08,2024-12,Paid Search,Mobile,United States,/about,1,23,True,False,0.0
SES00164,2025-03-19,2025-03,Organic Search,Desktop,United States,/products,1,20,True,False,0.0
SES00165,2025-04-22,2025-04,Direct,Desktop,United Kingdom,/products,1,6,True,False,0.0
SES00166,2024-07-23,2024-07,Paid Search,Desktop,United States,/about,5,323,False,True,218.9
SES00167,2025-04-02,2025-04,Email,Desktop,United States,/sale,2,146,False,False,0.0
SES00168,2025-06-09,2025-06,Referral,Mobile,United Kingdom,/products,1,7,True,False,0.0
SES00169,2025-02-06,2025-02,Organic Search,Mobile,United States,/home,1,41,True,False,0.0
SES00170,2025-06-06,2025-06,Organic Search,Mobile,United States,/home,9,137,False,False,0.0
SES00171,2025-06-05,2025-06,Direct,Mobile,Germany,/contact,7,528,False,False,0.0
SES00172,2024-12-01,2024-12,Paid Search,Desktop,United States,/sale,2,210,False,False,0.0
SES00173,2024-12-15,2024-12,Social Media,Desktop,Australia,/sale,1,22,True,False,0.0
SES00174,2024-11-29,2024-11,Email,Mobile,United States,/home,3,766,False,False,0.0
SES00175,2025-06-06,2025-06,Direct,Desktop,United States,/products,10,285,False,False,0.0
SES00176,2024-09-28,2024-09,Email,Desktop,Germany,/about,2,773,False,False,0.0
SES00177,2025-04-07,2025-04,Direct,Tablet,United States,/home,3,174,False,False,0.0
SES00178,2024-10-16,2024-10,Paid Search,Mobile,Canada,/products,1,13,True,False,0.0
SES00179,2025-04-23,2025-04,Organic Search,Mobile,Germany,/products,3,786,False,False,0.0
SES00180,2025-02-12,2025-02,Direct,Mobile,United States,/checkout,10,93,False,False,0.0
SES00181,2025-02-28,2025-02,Direct,Mobile,United Kingdom,/home,11,401,False,False,0.0
SES00182,2024-09-25,2024-09,Organic Search,Tablet,Australia,/sale,10,880,False,False,0.0
SES00183,2025-06-05,2025-06,Organic Search,Tablet,United States,/products,11,617,False,False,0.0
SES00184,2024-10-29,2024-10,Organic Search,Desktop,Canada,/home,5,430,False,False,0.0
SES00185,2024-10-10,2024-10,Organic Search,Desktop,United States,/products,1,43,True,False,0.0
SES00186,2024-07-24,2024-07,Direct,Tablet,United States,/contact,1,26,True,False,0.0
SES00187,2025-03-01,2025-03,Social Media,Desktop,United States,/home,1,39,True,False,0.0
SES00188,2024-08-07,2024-08,Social Media,Mobile,Germany,/home,1,13,True,False,0.0
SES00189,2025-05-19,2025-05,Social Media,Desktop,United States,/about,1,29,True,False,0.0
SES00190,2025-06-22,2025-06,Direct,Mobile,United States,/home,3,288,False,False,0.0
SES00191,2024-09-14,2024-09,Organic Search,Tablet,United States,/home,6,103,False,True,206.67
SES00192,2024-08-24,2024-08,Referral,Mobile,Canada,/products,9,398,False,False,0.0
SES00193,2025-06-22,2025-06,Social Media,Mobile,Canada,/sale,1,10,True,False,0.0
SES00194,2024-07-26,2024-07,Referral,Tablet,United States,/sale,10,597,False,False,0.0
SES00195,2024-09-01,2024-09,Organic Search,Mobile,Australia,/home,6,145,False,False,0.0
SES00196,2025-06-07,2025-06,Email,Desktop,Canada,/home,9,557,False,False,0.0
SES00197,2024-12-10,2024-12,Paid Search,Mobile,Canada,/home,4,461,False,False,0.0
SES00198,2025-05-10,2025-05,Paid Search,Mobile,Canada,/products,3,190,False,False,0.0
SES00199,2025-02-04,2025-02,Direct,Desktop,Canada,/home,9,556,False,False,0.0
SES00200,2024-09-20,2024-09,Paid Search,Mobile,Canada,/products,11,167,False,False,0.0
SES00201,2024-11-10,2024-11,Organic Search,Desktop,Australia,/home,8,840,False,False,0.0
SES00202,2024-11-19,2024-11,Paid Search,Tablet,United Kingdom,/blog,5,88,False,False,0.0
SES00203,2025-05-17,2025-05,Social Media,Desktop,United States,/sale,1,14,True,False,0.0
SES00204,2025-02-11,2025-02,Organic Search,Desktop,United States,/about,1,7,True,False,0.0
SES00205,2024-11-24,2024-11,Paid Search,Desktop,United Kingdom,/about,1,41,True,False,0.0
SES00206,2024-12-19,2024-12,Organic Search,Desktop,Germany,/products,1,28,True,False,0.0
SES00207,2025-04-03,2025-04,Organic Search,Tablet,United Kingdom,/home,1,10,True,False,0.0
SES00208,2024-09-16,2024-09,Referral,Mobile,United States,/cart,1,38,True,False,0.0
SES00209,2025-06-21,2025-06,Organic Search,Tablet,United States,/contact,1,14,True,False,0.0
SES00210,2024-10-18,2024-10,Organic Search,Desktop,United States,/contact,1,10,True,False,0.0
SES00211,2025-01-25,2025-01,Social Media,Mobile,United States,/products,1,24,True,False,0.0
SES00212,2025-02-24,2025-02,Referral,Desktop,United States,/about,1,21,True,False,0.0
SES00213,2024-10-14,2024-10,Organic Search,Mobile,United States,/home,10,388,False,False,0.0
SES00214,2025-04-26,2025-04,Email,Mobile,United States,/products,10,254,False,True,240.02
SES00215,2025-04-21,2025-04,Email,Mobile,Canada,/sale,3,183,False,True,108.85
SES00216,2024-12-28,2024-12,Organic Search,Mobile,United States,/home,1,17,True,False,0.0
SES00217,2025-01-16,2025-01,Email,Tablet,United States,/cart,4,757,False,False,0.0
SES00218,2025-01-31,2025-01,Direct,Mobile,United States,/cart,2,321,False,False,0.0
SES00219,2025-05-05,2025-05,Paid Search,Mobile,United States,/home,10,840,False,False,0.0
SES00220,2024-11-17,2024-11,Social Media,Mobile,Canada,/sale,1,42,True,False,0.0
SES00221,2024-07-15,2024-07,Organic Search,Mobile,Germany,/products,1,35,True,False,0.0
SES00222,2025-06-08,2025-06,Social Media,Desktop,United States,/about,3,415,False,False,0.0
SES00223,2024-09-23,2024-09,Direct,Mobile,United States,/home,2,292,False,False,0.0
SES00224,2025-05-15,2025-05,Direct,Desktop,United States,/products,4,385,False,False,0.0
SES00225,2025-04-30,2025-04,Organic Search,Desktop,United States,/checkout,6,337,False,True,235.88
SES00226,2025-05-26,2025-05,Direct,Desktop,United States,/about,7,460,False,False,0.0
SES00227,2024-10-02,2024-10,Direct,Desktop,United States,/home,1,18,True,False,0.0
SES00228,2025-01-11,2025-01,Referral,Tablet,Canada,/home,1,16,True,False,0.0
SES00229,2025-02-18,2025-02,Organic Search,Desktop,United States,/products,1,15,True,False,0.0
SES00230,2025-01-11,2025-01,Direct,Desktop,United States,/blog,1,21,True,False,0.0
SES00231,2025-02-01,2025-02,Organic Search,Mobile,United States,/checkout,1,15,True,False,0.0
SES00232,2024-08-11,2024-08,Organic Search,Desktop,Canada,/sale,4,441,False,False,0.0
SES00233,2024-07-27,2024-07,Organic Search,Desktop,Australia,/products,5,833,False,False,0.0
SES00234,2025-05-29,2025-05,Social Media,Desktop,United States,/products,1,42,True,False,0.0
SES00235,2025-05-30,2025-05,Organic Search,Desktop,United States,/sale,1,16,True,False,0.0
SES00236,2024-07-16,2024-07,Direct,Desktop,United States,/home,10,716,False,False,0.0
SES00237,2024-07-11,2024-07,Organic Search,Desktop,United States,/products,8,446,False,False,0.0
SES00238,2025-02-28,2025-02,Social Media,Desktop,Australia,/contact,5,617,False,False,0.0
SES00239,2024-10-20,2024-10,Paid Search,Desktop,United States,/sale,5,799,False,False,0.0
SES00240,2025-01-05,2025-01,Direct,Desktop,United States,/sale,1,6,True,False,0.0
SES00241,2025-05-07,2025-05,Social Media,Desktop,United States,/home,3,379,False,False,0.0
SES00242,2024-09-22,2024-09,Paid Search,Tablet,Canada,/sale,10,860,False,False,0.0
SES00243,2024-07-14,2024-07,Referral,Tablet,Canada,/about,10,460,False,False,0.0
SES00244,2025-01-09,2025-01,Organic Search,Mobile,United States,/products,1,32,True,False,0.0
SES00245,2024-10-10,2024-10,Direct,Mobile,United States,/products,1,6,True,False,0.0
SES00246,2025-06-19,2025-06,Paid Search,Mobile,United States,/checkout,11,162,False,False,0.0
SES00247,2025-06-22,2025-06,Organic Search,Mobile,Canada,/checkout,3,165,False,False,0.0
SES00248,2025-05-04,2025-05,Organic Search,Desktop,United States,/about,7,68,False,False,0.0
SES00249,2025-04-16,2025-04,Email,Desktop,United States,/about,9,899,False,False,0.0
SES00250,2025-02-05,2025-02,Direct,Mobile,United States,/checkout,8,518,False,False,0.0
SES00251,2025-05-28,2025-05,Email,Mobile,United Kingdom,/products,1,7,True,False,0.0
SES00252,2025-02-01,2025-02,Organic Search,Desktop,United States,/about,8,583,False,False,0.0
SES00253,2025-01-02,2025-01,Organic Search,Mobile,United States,/blog,5,744,False,False,0.0
SES00254,2025-06-28,2025-06,Organic Search,Mobile,Canada,/products,1,22,True,False,0.0
SES00255,2024-09-29,2024-09,Organic Search,Mobile,United States,/products,4,773,False,False,0.0
SES00256,2024-11-16,2024-11,Paid Search,Desktop,United States,/home,8,391,False,False,0.0
SES00257,2025-03-05,2025-03,Organic Search,Tablet,United States,/checkout,6,575,False,False,0.0
SES00258,2025-04-30,2025-04,Social Media,Mobile,United States,/products,1,36,True,False,0.0
SES00259,2024-11-03,2024-11,Direct,Desktop,United States,/sale,3,833,False,False,0.0
SES00260,2025-02-16,2025-02,Direct,Tablet,United States,/products,1,7,True,False,0.0
SES00261,2025-02-23,2025-02,Direct,Mobile,Canada,/home,9,159,False,False,0.0
SES00262,2024-12-20,2024-12,Email,Desktop,United States,/blog,1,41,True,False,0.0
SES00263,2024-12-14,2024-12,Email,Desktop,United States,/cart,1,18,True,False,0.0
SES00264,2024-10-17,2024-10,Paid Search,Desktop,United States,/home,1,29,True,False,0.0
SES00265,2024-11-10,2024-11,Referral,Desktop,Canada,/products,1,44,True,False,0.0
SES00266,2025-05-02,2025-05,Direct,Desktop,United States,/home,11,766,False,False,0.0
SES00267,2024-07-06,2024-07,Paid Search,Desktop,United States,/sale,10,316,False,False,0.0
SES00268,2024-11-01,2024-11,Paid Search,Mobile,Australia,/home,7,343,False,False,0.0
SES00269,2024-11-01,2024-11,Organic Search,Mobile,Canada,/products,2,691,False,False,0.0
SES00270,2025-03-09,2025-03,Social Media,Mobile,United Kingdom,/home,1,24,True,False,0.0
SES00271,2024-07-09,2024-07,Organic Search,Desktop,United States,/contact,1,33,True,False,0.0
SES00272,2024-10-22,2024-10,Direct,Desktop,United States,/home,2,750,False,False,0.0
SES00273,2025-06-05,2025-06,Organic Search,Desktop,Germany,/contact,3,276,False,False,0.0
SES00274,2025-03-29,2025-03,Direct,Mobile,United States,/products,1,27,True,False,0.0
SES00275,2025-04-08,2025-04,Direct,Desktop,United States,/products,1,20,True,False,0.0
SES00276,2025-06-25,2025-06,Email,Mobile,United States,/home,8,835,False,False,0.0
SES00277,2024-10-27,2024-10,Organic Search,Desktop,Germany,/home,1,5,True,False,0.0
SES00278,2024-10-07,2024-10,Social Media,Tablet,Canada,/products,1,21,True,False,0.0
SES00279,2025-04-01,2025-04,Social Media,Mobile,Canada,/home,10,873,False,False,0.0
SES00280,2024-10-07,2024-10,Email,Mobile,Australia,/checkout,1,9,True,False,0.0
SES00281,2025-03-05,2025-03,Direct,Desktop,United States,/sale,1,13,True,False,0.0
SES00282,2025-04-28,2025-04,Email,Tablet,Canada,/home,10,383,False,False,0.0
SES00283,2024-11-22,2024-11,Direct,Mobile,Australia,/products,3,653,False,False,0.0
SES00284,2024-11-29,2024-11,Email,Desktop,United Kingdom,/products,1,11,True,False,0.0
SES00285,2024-09-30,2024-09,Organic Search,Desktop,United States,/products,1,25,True,False,0.0
SES00286,2025-06-28,2025-06,Paid Search,Mobile,United States,/products,4,161,False,False,0.0
SES00287,2024-07-28,2024-07,Organic Search,Mobile,Canada,/sale,10,62,False,False,0.0
SES00288,2024-09-03,2024-09,Paid Search,Tablet,United Kingdom,/cart,11,724,False,False,0.0
SES00289,2024-08-22,2024-08,Paid Search,Desktop,United States,/products,8,385,False,False,0.0
SES00290,2025-02-26,2025-02,Social Media,Mobile,United States,/checkout,1,20,True,False,0.0
SES00291,2024-12-22,2024-12,Direct,Mobile,United States,/contact,1,19,True,False,0.0
SES00292,2024-07-27,2024-07,Organic Search,Desktop,United States,/home,1,8,True,False,0.0
SES00293,2025-03-02,2025-03,Organic Search,Desktop,United States,/checkout,1,39,True,False,0.0
SES00294,2024-08-03,2024-08,Direct,Desktop,Canada,/products,5,149,False,False,0.0
SES00295,2025-05-19,2025-05,Organic Search,Desktop,Canada,/home,8,371,False,False,0.0
SES00296,2025-04-15,2025-04,Social Media,Desktop,Australia,/products,7,834,False,False,0.0
SES00297,2024-11-05,2024-11,Social Media,Desktop,United States,/home,1,17,True,False,0.0
SES00298,2025-01-30,2025-01,Direct,Mobile,Australia,/home,10,842,False,False,0.0
SES00299,2024-10-24,2024-10,Direct,Desktop,United Kingdom,/cart,2,213,False,False,0.0
SES00300,2025-02-12,2025-02,Organic Search,Desktop,Canada,/cart,1,43,True,False,0.0
SES00301,2025-04-28,2025-04,Direct,Desktop,United States,/products,3,640,False,False,0.0
SES00302,2025-05-14,2025-05,Organic Search,Mobile,United Kingdom,/home,1,21,True,False,0.0
SES00303,2024-08-20,2024-08,Organic Search,Desktop,United States,/home,11,649,False,False,0.0
SES00304,2024-10-17,2024-10,Direct,Desktop,United States,/home,1,11,True,False,0.0
SES00305,2024-08-11,2024-08,Direct,Desktop,United States,/about,1,15,True,False,0.0
SES00306,2024-09-27,2024-09,Referral,Desktop,United States,/about,11,347,False,False,0.0
SES00307,2025-01-26,2025-01,Organic Search,Desktop,United States,/cart,4,132,False,False,0.0
SES00308,2024-11-27,2024-11,Organic Search,Desktop,United States,/home,1,6,True,False,0.0
SES00309,2024-11-25,2024-11,Direct,Desktop,United States,/home,9,621,False,False,0.0
SES00310,2025-02-18,2025-02,Direct,Desktop,United States,/home,1,6,True,False,0.0
SES00311,2024-10-28,2024-10,Referral,Mobile,United States,/about,5,323,False,False,0.0
SES00312,2025-05-17,2025-05,Direct,Desktop,Germany,/sale,10,370,False,False,0.0
SES00313,2024-10-10,2024-10,Paid Search,Desktop,United States,/about,1,21,True,False,0.0
SES00314,2025-04-05,2025-04,Organic Search,Tablet,United States,/products,1,27,True,False,0.0
SES00315,2024-09-15,2024-09,Paid Search,Desktop,Germany,/contact,2,692,False,False,0.0
SES00316,2024-08-06,2024-08,Direct,Desktop,United States,/checkout,1,36,True,False,0.0
SES00317,2024-12-05,2024-12,Organic Search,Mobile,United Kingdom,/about,5,540,False,False,0.0
SES00318,2024-11-25,2024-11,Organic Search,Desktop,United States,/products,10,508,False,False,0.0
SES00319,2024-12-03,2024-12,Organic Search,Desktop,United States,/sale,8,321,False,False,0.0
SES00320,2025-03-14,2025-03,Email,Desktop,Germany,/cart,11,71,False,False,0.0
SES00321,2025-05-03,2025-05,Email,Desktop,United Kingdom,/products,1,28,True,False,0.0
SES00322,2025-02-07,2025-02,Paid Search,Mobile,United States,/home,10,458,False,False,0.0
SES00323,2024-07-14,2024-07,Paid Search,Desktop,Canada,/products,1,24,True,False,0.0
SES00324,2025-06-11,2025-06,Direct,Tablet,United States,/products,2,223,False,False,0.0
SES00325,2024-07-11,2024-07,Direct,Desktop,Australia,/checkout,5,542,False,False,0.0
SES00326,2024-11-15,2024-11,Paid Search,Desktop,United States,/home,3,596,False,False,0.0
SES00327,2024-09-28,2024-09,Organic Search,Desktop,United Kingdom,/home,5,717,False,False,0.0
SES00328,2024-11-20,2024-11,Organic Search,Mobile,United States,/home,1,6,True,False,0.0
SES00329,2025-04-26,2025-04,Direct,Desktop,United States,/checkout,11,404,False,False,0.0
SES00330,2024-08-16,2024-08,Organic Search,Tablet,United States,/sale,10,142,False,False,0.0
SES00331,2024-12-12,2024-12,Organic Search,Desktop,United Kingdom,/home,8,139,False,False,0.0
SES00332,2024-12-16,2024-12,Direct,Mobile,United States,/home,6,418,False,False,0.0
SES00333,2025-06-05,2025-06,Organic Search,Desktop,Canada,/checkout,3,122,False,False,0.0
SES00334,2025-04-08,2025-04,Social Media,Desktop,Canada,/products,1,31,True,False,0.0
SES00335,2024-08-15,2024-08,Paid Search,Mobile,Canada,/about,1,6,True,False,0.0
SES00336,2024-12-13,2024-12,Organic Search,Desktop,United Kingdom,/sale,1,27,True,False,0.0
SES00337,2025-01-23,2025-01,Organic Search,Mobile,United States,/home,3,552,False,False,0.0
SES00338,2024-07-01,2024-07,Referral,Mobile,Germany,/products,4,556,False,False,0.0
SES00339,2025-01-28,2025-01,Paid Search,Desktop,United Kingdom,/home,1,30,True,False,0.0
SES00340,2025-03-23,2025-03,Organic Search,Mobile,United States,/sale,1,39,True,False,0.0
SES00341,2025-03-13,2025-03,Paid Search,Desktop,United States,/checkout,2,164,False,False,0.0
SES00342,2024-10-13,2024-10,Organic Search,Mobile,Australia,/checkout,1,33,True,False,0.0
SES00343,2024-09-06,2024-09,Organic Search,Tablet,United States,/checkout,8,861,False,False,0.0
SES00344,2025-06-23,2025-06,Paid Search,Desktop,United States,/cart,8,232,False,True,58.79
SES00345,2025-05-19,2025-05,Social Media,Desktop,Canada,/home,1,27,True,False,0.0
SES00346,2024-10-31,2024-10,Direct,Desktop,United States,/home,6,207,False,False,0.0
SES00347,2024-07-08,2024-07,Social Media,Desktop,United States,/products,1,19,True,False,0.0
SES00348,2024-08-17,2024-08,Email,Mobile,United States,/products,1,9,True,False,0.0
SES00349,2024-08-28,2024-08,Direct,Mobile,United States,/home,2,282,False,False,0.0
SES00350,2024-09-17,2024-09,Social Media,Desktop,Germany,/sale,1,7,True,False,0.0
SES00351,2024-11-27,2024-11,Organic Search,Mobile,United Kingdom,/sale,11,178,False,False,0.0
SES00352,2025-03-05,2025-03,Organic Search,Tablet,United Kingdom,/home,9,829,False,False,0.0
SES00353,2025-04-09,2025-04,Direct,Mobile,Canada,/checkout,1,38,True,False,0.0
SES00354,2024-10-06,2024-10,Organic Search,Desktop,Australia,/home,10,547,False,False,0.0
SES00355,2024-09-08,2024-09,Paid Search,Desktop,United States,/contact,5,784,False,False,0.0
SES00356,2025-01-29,2025-01,Direct,Desktop,United States,/blog,1,36,True,False,0.0
SES00357,2025-03-17,2025-03,Organic Search,Mobile,United States,/products,1,25,True,False,0.0
SES00358,2024-07-02,2024-07,Social Media,Desktop,United Kingdom,/about,1,11,True,False,0.0
SES00359,2024-11-30,2024-11,Organic Search,Desktop,United States,/about,10,593,False,False,0.0
SES00360,2025-06-03,2025-06,Paid Search,Mobile,United States,/sale,5,342,False,False,0.0
SES00361,2025-04-02,2025-04,Referral,Desktop,United States,/products,1,26,True,False,0.0
SES00362,2024-12-18,2024-12,Paid Search,Mobile,United States,/home,4,82,False,False,0.0
SES00363,2025-02-19,2025-02,Direct,Mobile,United States,/about,9,421,False,False,0.0
SES00364,2025-06-23,2025-06,Direct,Mobile,Canada,/cart,1,8,True,False,0.0
SES00365,2025-01-13,2025-01,Organic Search,Desktop,United Kingdom,/home,1,14,True,False,0.0
SES00366,2025-01-27,2025-01,Social Media,Mobile,United States,/sale,1,17,True,False,0.0
SES00367,2025-02-28,2025-02,Paid Search,Mobile,United Kingdom,/checkout,2,73,False,False,0.0
SES00368,2025-01-14,2025-01,Social Media,Mobile,Canada,/about,8,129,False,False,0.0
SES00369,2025-05-30,2025-05,Email,Tablet,United States,/products,5,595,False,False,0.0
SES00370,2024-07-19,2024-07,Organic Search,Desktop,Canada,/home,1,43,True,False,0.0
SES00371,2025-04-29,2025-04,Organic Search,Mobile,United States,/checkout,1,24,True,False,0.0
SES00372,2024-08-21,2024-08,Paid Search,Mobile,United States,/about,6,395,False,False,0.0
SES00373,2025-03-27,2025-03,Organic Search,Mobile,United States,/products,3,218,False,True,30.16
SES00374,2024-09-12,2024-09,Organic Search,Mobile,United States,/sale,1,16,True,False,0.0
SES00375,2025-06-01,2025-06,Social Media,Mobile,United Kingdom,/products,5,409,False,False,0.0
SES00376,2024-11-13,2024-11,Organic Search,Desktop,United States,/home,1,32,True,False,0.0
SES00377,2025-06-20,2025-06,Social Media,Tablet,Australia,/sale,1,21,True,False,0.0
SES00378,2024-08-11,2024-08,Direct,Desktop,United States,/sale,8,196,False,False,0.0
SES00379,2025-03-31,2025-03,Referral,Desktop,United States,/blog,1,7,True,False,0.0
SES00380,2024-12-10,2024-12,Organic Search,Desktop,United Kingdom,/home,2,622,False,False,0.0
SES00381,2025-03-07,2025-03,Email,Desktop,United States,/cart,6,108,False,True,122.92
SES00382,2024-08-05,2024-08,Email,Mobile,United States,/home,1,43,True,False,0.0
SES00383,2025-06-16,2025-06,Paid Search,Desktop,Canada,/about,7,745,False,False,0.0
SES00384,2024-08-16,2024-08,Direct,Desktop,Canada,/sale,5,784,False,False,0.0
SES00385,2025-05-21,2025-05,Organic Search,Desktop,United States,/home,4,279,False,False,0.0
SES00386,2024-09-24,2024-09,Social Media,Tablet,United States,/products,10,264,False,False,0.0
SES00387,2024-07-24,2024-07,Organic Search,Desktop,United Kingdom,/home,1,22,True,False,0.0
SES00388,2024-07-29,2024-07,Email,Desktop,United States,/products,1,11,True,False,0.0
SES00389,2025-01-08,2025-01,Organic Search,Desktop,Canada,/products,9,714,False,False,0.0
SES00390,2025-01-27,2025-01,Email,Desktop,United Kingdom,/checkout,10,224,False,False,0.0
SES00391,2024-09-26,2024-09,Referral,Desktop,Canada,/home,1,28,True,False,0.0
SES00392,2025-05-09,2025-05,Organic Search,Desktop,Australia,/contact,10,220,False,False,0.0
SES00393,2024-11-01,2024-11,Organic Search,Desktop,United States,/cart,8,348,False,False,0.0
SES00394,2024-10-27,2024-10,Paid Search,Desktop,United Kingdom,/about,10,482,False,False,0.0
SES00395,2024-11-08,2024-11,Direct,Mobile,United States,/products,2,576,False,False,0.0
SES00396,2025-02-24,2025-02,Email,Mobile,Canada,/products,4,696,False,False,0.0
SES00397,2024-09-19,2024-09,Social Media,Desktop,United Kingdom,/home,1,14,True,False,0.0
SES00398,2024-12-24,2024-12,Referral,Mobile,United States,/products,6,591,False,False,0.0
SES00399,2025-02-03,2025-02,Paid Search,Mobile,Canada,/home,9,272,False,False,0.0
SES00400,2024-12-02,2024-12,Direct,Desktop,United States,/contact,1,44,True,False,0.0
SES00401,2025-01-13,2025-01,Referral,Mobile,United States,/home,4,103,False,False,0.0
SES00402,2025-01-12,2025-01,Paid Search,Desktop,United States,/sale,10,438,False,False,0.0
SES00403,2025-06-24,2025-06,Paid Search,Mobile,Germany,/home,1,14,True,False,0.0
SES00404,2025-06-03,2025-06,Organic Search,Desktop,Canada,/home,1,12,True,False,0.0
SES00405,2024-07-05,2024-07,Social Media,Desktop,Australia,/products,1,24,True,False,0.0
SES00406,2025-06-17,2025-06,Direct,Desktop,United States,/products,3,99,False,False,0.0
SES00407,2025-05-07,2025-05,Paid Search,Mobile,United States,/products,6,319,False,False,0.0
SES00408,2024-11-24,2024-11,Social Media,Tablet,United Kingdom,/home,8,75,False,False,0.0
SES00409,2024-12-28,2024-12,Referral,Desktop,United States,/about,1,38,True,False,0.0
SES00410,2024-10-06,2024-10,Organic Search,Mobile,United States,/home,6,596,False,False,0.0
SES00411,2025-06-03,2025-06,Organic Search,Desktop,United Kingdom,/home,6,286,False,False,0.0
SES00412,2024-08-19,2024-08,Organic Search,Mobile,United Kingdom,/products,4,631,False,False,0.0
SES00413,2024-12-06,2024-12,Organic Search,Desktop,United Kingdom,/products,6,787,False,True,136.2
SES00414,2025-01-03,2025-01,Social Media,Desktop,United States,/about,9,277,False,False,0.0
SES00415,2024-11-29,2024-11,Organic Search,Desktop,United States,/products,1,22,True,False,0.0
SES00416,2025-01-29,2025-01,Social Media,Mobile,United States,/products,1,9,True,False,0.0
SES00417,2024-09-06,2024-09,Social Media,Mobile,United States,/home,3,125,False,False,0.0
SES00418,2025-01-04,2025-01,Organic Search,Desktop,Canada,/home,5,183,False,False,0.0
SES00419,2024-09-23,2024-09,Referral,Desktop,United States,/products,1,29,True,False,0.0
SES00420,2025-03-04,2025-03,Organic Search,Desktop,United States,/about,6,361,False,False,0.0
SES00421,2024-12-21,2024-12,Social Media,Tablet,United States,/checkout,3,174,False,False,0.0
SES00422,2024-08-08,2024-08,Email,Mobile,United States,/home,1,42,True,False,0.0
SES00423,2024-10-24,2024-10,Organic Search,Desktop,United States,/products,5,340,False,False,0.0
SES00424,2025-01-20,2025-01,Paid Search,Desktop,Germany,/home,10,142,False,False,0.0
SES00425,2025-01-04,2025-01,Referral,Mobile,Canada,/checkout,1,11,True,False,0.0
SES00426,2025-01-19,2025-01,Direct,Mobile,United States,/products,1,23,True,False,0.0
SES00427,2025-04-01,2025-04,Email,Desktop,Canada,/products,1,44,True,False,0.0
SES00428,2025-01-05,2025-01,Organic Search,Desktop,United States,/home,6,798,False,False,0.0
SES00429,2025-04-26,2025-04,Organic Search,Mobile,United States,/home,1,32,True,False,0.0
SES00430,2025-05-23,2025-05,Email,Mobile,United States,/cart,8,75,False,False,0.0
SES00431,2024-10-28,2024-10,Organic Search,Mobile,United States,/sale,3,528,False,False,0.0
SES00432,2025-04-14,2025-04,Paid Search,Desktop,United Kingdom,/sale,1,37,True,False,0.0
SES00433,2025-05-09,2025-05,Social Media,Mobile,United States,/cart,1,38,True,False,0.0
SES00434,2024-08-02,2024-08,Email,Mobile,United States,/products,7,647,False,False,0.0
SES00435,2025-06-24,2025-06,Paid Search,Desktop,United States,/home,1,26,True,False,0.0
SES00436,2025-01-26,2025-01,Direct,Mobile,United States,/about,1,8,True,False,0.0
SES00437,2024-07-24,2024-07,Direct,Desktop,United States,/checkout,4,551,False,False,0.0
SES00438,2025-03-10,2025-03,Referral,Mobile,Canada,/products,1,27,True,False,0.0
SES00439,2024-10-29,2024-10,Paid Search,Mobile,United States,/home,7,789,False,False,0.0
SES00440,2025-02-18,2025-02,Email,Desktop,United States,/products,2,483,False,False,0.0
SES00441,2025-06-22,2025-06,Paid Search,Desktop,United States,/sale,7,108,False,False,0.0
SES00442,2024-09-18,2024-09,Organic Search,Desktop,United States,/home,11,866,False,False,0.0
SES00443,2025-03-08,2025-03,Social Media,Mobile,United States,/home,1,13,True,False,0.0
SES00444,2024-11-21,2024-11,Social Media,Desktop,United Kingdom,/products,1,43,True,False,0.0
SES00445,2025-01-06,2025-01,Direct,Desktop,Canada,/home,1,15,True,False,0.0
SES00446,2025-02-13,2025-02,Organic Search,Desktop,United States,/products,9,515,False,False,0.0
SES00447,2024-08-20,2024-08,Direct,Desktop,Canada,/home,11,162,False,False,0.0
SES00448,2025-05-27,2025-05,Referral,Mobile,United Kingdom,/home,1,34,True,False,0.0
SES00449,2025-01-20,2025-01,Organic Search,Desktop,United States,/sale,1,6,True,False,0.0
SES00450,2024-09-01,2024-09,Direct,Mobile,Canada,/home,9,143,False,False,0.0
SES00451,2024-08-16,2024-08,Email,Desktop,United States,/about,3,856,False,False,0.0
SES00452,2025-05-02,2025-05,Direct,Desktop,United States,/home,3,622,False,False,0.0
SES00453,2024-12-18,2024-12,Email,Mobile,Australia,/about,1,31,True,False,0.0
SES00454,2024-09-03,2024-09,Social Media,Mobile,United Kingdom,/blog,3,140,False,False,0.0
SES00455,2025-04-10,2025-04,Direct,Mobile,United States,/home,1,19,True,False,0.0
SES00456,2024-10-19,2024-10,Organic Search,Desktop,United States,/products,8,467,False,False,0.0
SES00457,2024-09-14,2024-09,Direct,Mobile,Canada,/products,4,488,False,False,0.0
SES00458,2024-11-19,2024-11,Organic Search,Desktop,United Kingdom,/products,3,859,False,False,0.0
SES00459,2024-09-05,2024-09,Social Media,Mobile,Australia,/products,1,44,True,False,0.0
SES00460,2024-09-28,2024-09,Email,Desktop,United States,/home,1,37,True,False,0.0
SES00461,2024-07-14,2024-07,Paid Search,Desktop,United States,/sale,1,41,True,False,0.0
SES00462,2024-12-31,2024-12,Email,Desktop,United States,/home,3,478,False,False,0.0
SES00463,2024-12-13,2024-12,Organic Search,Desktop,United States,/products,1,42,True,False,0.0
SES00464,2024-11-13,2024-11,Social Media,Mobile,United Kingdom,/sale,1,42,True,False,0.0
SES00465,2025-02-01,2025-02,Paid Search,Mobile,United States,/products,9,403,False,False,0.0
SES00466,2025-03-01,2025-03,Paid Search,Tablet,United States,/home,1,31,True,False,0.0
SES00467,2025-01-02,2025-01,Organic Search,Desktop,Canada,/products,11,544,False,False,0.0
SES00468,2025-03-15,2025-03,Social Media,Desktop,United States,/products,1,10,True,False,0.0
SES00469,2025-05-11,2025-05,Direct,Mobile,Germany,/home,1,21,True,False,0.0
SES00470,2025-06-03,2025-06,Paid Search,Desktop,United States,/home,2,733,False,False,0.0
SES00471,2024-07-16,2024-07,Organic Search,Desktop,United Kingdom,/products,1,38,True,False,0.0
SES00472,2025-03-03,2025-03,Organic Search,Desktop,United States,/products,6,359,False,False,0.0
SES00473,2024-08-25,2024-08,Social Media,Mobile,United States,/sale,1,39,True,False,0.0
SES00474,2025-02-13,2025-02,Organic Search,Mobile,United States,/checkout,1,39,True,False,0.0
SES00475,2024-08-11,2024-08,Email,Mobile,United States,/sale,1,41,True,False,0.0
SES00476,2024-09-14,2024-09,Social Media,Desktop,United Kingdom,/about,1,23,True,False,0.0
SES00477,2024-11-18,2024-11,Organic Search,Mobile,United States,/products,7,720,False,False,0.0
SES00478,2025-06-30,2025-06,Social Media,Mobile,United States,/sale,1,16,True,False,0.0
SES00479,2025-05-02,2025-05,Referral,Tablet,United States,/home,5,641,False,False,0.0
SES00480,2025-05-06,2025-05,Direct,Desktop,United States,/home,9,466,False,False,0.0
SES00481,2024-08-28,2024-08,Paid Search,Desktop,United States,/sale,4,790,False,False,0.0
SES00482,2025-04-09,2025-04,Paid Search,Mobile,Canada,/sale,4,107,False,False,0.0
SES00483,2025-02-17,2025-02,Referral,Desktop,United States,/sale,2,899,False,False,0.0
SES00484,2025-02-18,2025-02,Organic Search,Mobile,United States,/products,1,35,True,False,0.0
SES00485,2024-08-18,2024-08,Social Media,Mobile,Australia,/home,1,7,True,False,0.0
SES00486,2024-12-08,2024-12,Direct,Desktop,United States,/products,3,740,False,False,0.0
SES00487,2024-09-17,2024-09,Organic Search,Desktop,Germany,/home,4,429,False,False,0.0
SES00488,2024-08-16,2024-08,Direct,Mobile,United States,/home,2,351,False,False,0.0
SES00489,2024-08-19,2024-08,Social Media,Mobile,United States,/about,6,247,False,False,0.0
SES00490,2024-09-05,2024-09,Direct,Mobile,United Kingdom,/sale,9,594,False,False,0.0
SES00491,2025-04-14,2025-04,Paid Search,Desktop,United States,/products,7,134,False,False,0.0
SES00492,2025-01-27,2025-01,Organic Search,Desktop,United Kingdom,/contact,1,38,True,False,0.0
SES00493,2025-06-06,2025-06,Organic Search,Desktop,United Kingdom,/sale,2,434,False,False,0.0
SES00494,2024-07-27,2024-07,Social Media,Desktop,United States,/home,11,72,False,False,0.0
SES00495,2024-12-28,2024-12,Direct,Desktop,United Kingdom,/products,1,27,True,False,0.0
SES00496,2025-03-17,2025-03,Email,Desktop,Australia,/products,1,43,True,False,0.0
SES00497,2025-06-02,2025-06,Organic Search,Mobile,Germany,/sale,6,846,False,False,0.0
SES00498,2024-12-27,2024-12,Direct,Desktop,Australia,/products,11,69,False,False,0.0
SES00499,2024-11-20,2024-11,Social Media,Mobile,United States,/products,1,32,True,False,0.0
SES00500,2025-02-05,2025-02,Organic Search,Desktop,United States,/sale,5,264,False,False,0.0
SES00501,2025-05-15,2025-05,Email,Mobile,United States,/home,3,819,False,False,0.0
SES00502,2024-07-14,2024-07,Direct,Desktop,Canada,/products,2,213,False,False,0.0
SES00503,2025-06-21,2025-06,Direct,Mobile,Australia,/sale,1,12,True,False,0.0
SES00504,2024-10-01,2024-10,Organic Search,Desktop,Canada,/products,1,15,True,False,0.0
SES00505,2024-12-06,2024-12,Social Media,Desktop,United States,/cart,5,671,False,False,0.0
SES00506,2024-10-01,2024-10,Email,Tablet,United States,/products,9,750,False,False,0.0
SES00507,2025-01-22,2025-01,Organic Search,Mobile,United States,/products,1,31,True,False,0.0
SES00508,2025-05-21,2025-05,Social Media,Mobile,United States,/home,6,595,False,False,0.0
SES00509,2025-03-29,2025-03,Social Media,Tablet,Canada,/home,1,25,True,False,0.0
SES00510,2025-01-31,2025-01,Paid Search,Mobile,Germany,/home,7,363,False,False,0.0
SES00511,2024-12-07,2024-12,Paid Search,Mobile,United States,/home,4,295,False,False,0.0
SES00512,2025-04-17,2025-04,Organic Search,Mobile,United States,/sale,5,90,False,False,0.0
SES00513,2024-09-18,2024-09,Direct,Desktop,United Kingdom,/about,1,26,True,False,0.0
SES00514,2025-05-13,2025-05,Organic Search,Mobile,United States,/home,1,28,True,False,0.0
SES00515,2024-08-11,2024-08,Email,Desktop,Canada,/blog,1,25,True,False,0.0
SES00516,2025-06-04,2025-06,Direct,Desktop,United States,/home,4,584,False,False,0.0
SES00517,2025-01-29,2025-01,Organic Search,Desktop,United States,/home,1,14,True,False,0.0
SES00518,2025-03-20,2025-03,Organic Search,Desktop,United States,/home,1,40,True,False,0.0
SES00519,2025-02-06,2025-02,Email,Desktop,Canada,/products,1,16,True,False,0.0
SES00520,2025-06-13,2025-06,Direct,Desktop,United States,/contact,11,289,False,False,0.0
SES00521,2025-06-07,2025-06,Social Media,Desktop,United States,/home,1,32,True,False,0.0
SES00522,2024-10-21,2024-10,Referral,Desktop,United States,/about,1,34,True,False,0.0
SES00523,2025-05-03,2025-05,Paid Search,Desktop,United States,/products,1,29,True,False,0.0
SES00524,2024-10-13,2024-10,Social Media,Desktop,United States,/products,1,20,True,False,0.0
SES00525,2024-10-17,2024-10,Direct,Mobile,United States,/cart,4,516,False,False,0.0
SES00526,2024-11-26,2024-11,Paid Search,Mobile,United States,/home,1,26,True,False,0.0
SES00527,2024-07-04,2024-07,Organic Search,Mobile,Canada,/contact,3,471,False,False,0.0
SES00528,2024-09-05,2024-09,Paid Search,Desktop,Canada,/sale,1,44,True,False,0.0
SES00529,2025-06-26,2025-06,Email,Mobile,Germany,/products,1,19,True,False,0.0
SES00530,2025-04-13,2025-04,Direct,Mobile,United States,/about,8,421,False,False,0.0
SES00531,2024-08-06,2024-08,Email,Mobile,United States,/home,6,515,False,False,0.0
SES00532,2025-02-09,2025-02,Direct,Desktop,Canada,/home,1,42,True,False,0.0
SES00533,2024-08-09,2024-08,Organic Search,Desktop,Australia,/about,3,853,False,False,0.0
SES00534,2025-04-20,2025-04,Organic Search,Desktop,United States,/products,1,37,True,False,0.0
SES00535,2025-05-24,2025-05,Referral,Mobile,United States,/products,1,25,True,False,0.0
SES00536,2024-08-28,2024-08,Referral,Mobile,Australia,/about,1,18,True,False,0.0
SES00537,2024-12-14,2024-12,Paid Search,Desktop,United States,/home,1,33,True,False,0.0
SES00538,2025-05-13,2025-05,Paid Search,Mobile,Canada,/home,3,582,False,False,0.0
SES00539,2025-01-02,2025-01,Paid Search,Mobile,United States,/sale,1,30,True,False,0.0
SES00540,2024-08-24,2024-08,Paid Search,Desktop,United States,/cart,1,27,True,False,0.0
SES00541,2025-04-28,2025-04,Organic Search,Mobile,Germany,/home,1,33,True,False,0.0
SES00542,2024-08-10,2024-08,Email,Tablet,Germany,/products,3,306,False,False,0.0
SES00543,2024-12-21,2024-12,Paid Search,Mobile,United Kingdom,/products,1,34,True,False,0.0
SES00544,2024-09-25,2024-09,Direct,Mobile,United States,/sale,1,26,True,False,0.0
SES00545,2025-05-21,2025-05,Email,Mobile,United Kingdom,/checkout,1,32,True,False,0.0
SES00546,2025-03-19,2025-03,Email,Desktop,United States,/home,1,44,True,False,0.0
SES00547,2024-12-26,2024-12,Social Media,Mobile,United States,/products,1,33,True,False,0.0
SES00548,2025-05-27,2025-05,Paid Search,Mobile,United States,/home,9,306,False,False,0.0
SES00549,2024-09-13,2024-09,Email,Tablet,United States,/about,1,7,True,False,0.0
SES00550,2024-09-27,2024-09,Paid Search,Mobile,Australia,/contact,11,777,False,False,0.0
SES00551,2025-06-01,2025-06,Direct,Tablet,United States,/sale,1,22,True,False,0.0
SES00552,2025-05-18,2025-05,Direct,Desktop,United States,/cart,5,325,False,False,0.0
SES00553,2025-04-23,2025-04,Social Media,Mobile,United States,/contact,1,26,True,False,0.0
SES00554,2025-04-16,2025-04,Email,Desktop,Germany,/sale,9,720,False,False,0.0
SES00555,2024-12-13,2024-12,Paid Search,Mobile,United States,/products,8,386,False,False,0.0
SES00556,2024-09-16,2024-09,Social Media,Desktop,Canada,/checkout,1,24,True,False,0.0
SES00557,2025-02-26,2025-02,Paid Search,Desktop,United States,/home,1,23,True,False,0.0
SES00558,2024-12-03,2024-12,Direct,Desktop,United States,/products,11,330,False,False,0.0
SES00559,2024-12-28,2024-12,Email,Desktop,United States,/checkout,5,595,False,False,0.0
SES00560,2025-02-17,2025-02,Paid Search,Mobile,United States,/products,1,27,True,False,0.0
SES00561,2025-01-05,2025-01,Email,Desktop,United States,/products,10,759,False,True,142.56
SES00562,2024-08-16,2024-08,Organic Search,Tablet,United States,/products,5,574,False,False,0.0
SES00563,2025-02-22,2025-02,Email,Desktop,United States,/products,4,570,False,False,0.0
SES00564,2024-07-22,2024-07,Direct,Desktop,Canada,/sale,6,596,False,False,0.0
SES00565,2025-05-30,2025-05,Organic Search,Desktop,United States,/products,1,40,True,False,0.0
SES00566,2025-05-06,2025-05,Referral,Mobile,United States,/sale,1,20,True,False,0.0
SES00567,2024-09-16,2024-09,Organic Search,Mobile,Canada,/home,10,710,False,False,0.0
SES00568,2024-12-23,2024-12,Direct,Desktop,United States,/contact,10,694,False,False,0.0
SES00569,2025-05-27,2025-05,Social Media,Desktop,United States,/products,1,40,True,False,0.0
SES00570,2024-11-04,2024-11,Referral,Desktop,United States,/home,8,257,False,False,0.0
SES00571,2025-03-26,2025-03,Email,Mobile,Canada,/cart,2,477,False,False,0.0
SES00572,2025-01-07,2025-01,Social Media,Desktop,United States,/products,5,304,False,False,0.0
SES00573,2024-12-21,2024-12,Email,Mobile,Canada,/sale,8,251,False,True,136.66
SES00574,2025-05-20,2025-05,Paid Search,Desktop,United Kingdom,/about,3,428,False,False,0.0
SES00575,2024-08-18,2024-08,Organic Search,Mobile,United States,/about,3,760,False,False,0.0
SES00576,2024-11-07,2024-11,Organic Search,Mobile,United States,/about,2,227,False,False,0.0
SES00577,2025-05-05,2025-05,Organic Search,Desktop,Canada,/cart,4,718,False,False,0.0
SES00578,2025-04-25,2025-04,Paid Search,Desktop,United Kingdom,/home,5,487,False,False,0.0
SES00579,2024-12-06,2024-12,Organic Search,Mobile,Canada,/checkout,8,265,False,False,0.0
SES00580,2025-01-17,2025-01,Direct,Mobile,United Kingdom,/cart,1,22,True,False,0.0
SES00581,2025-06-28,2025-06,Organic Search,Desktop,United States,/home,6,390,False,False,0.0
SES00582,2025-01-09,2025-01,Organic Search,Desktop,Australia,/products,6,177,False,False,0.0
SES00583,2024-09-04,2024-09,Organic Search,Desktop,United States,/products,7,256,False,False,0.0
SES00584,2025-06-16,2025-06,Organic Search,Desktop,United States,/blog,5,753,False,False,0.0
SES00585,2025-06-09,2025-06,Social Media,Desktop,United Kingdom,/checkout,1,33,True,False,0.0
SES00586,2025-01-02,2025-01,Organic Search,Desktop,United States,/products,1,12,True,False,0.0
SES00587,2024-12-06,2024-12,Organic Search,Desktop,United States,/blog,1,9,True,False,0.0
SES00588,2024-10-18,2024-10,Referral,Mobile,United States,/sale,1,31,True,False,0.0
SES00589,2025-03-06,2025-03,Paid Search,Desktop,United States,/products,1,39,True,False,0.0
SES00590,2024-09-09,2024-09,Organic Search,Desktop,Canada,/contact,1,43,True,False,0.0
SES00591,2024-11-29,2024-11,Organic Search,Tablet,United States,/products,5,167,False,False,0.0
SES00592,2025-04-03,2025-04,Paid Search,Desktop,United States,/sale,7,894,False,False,0.0
SES00593,2024-07-20,2024-07,Paid Search,Mobile,United States,/sale,7,804,False,False,0.0
SES00594,2025-05-13,2025-05,Paid Search,Desktop,United States,/home,1,23,True,False,0.0
SES00595,2025-01-09,2025-01,Organic Search,Desktop,Australia,/about,1,25,True,False,0.0
SES00596,2024-10-01,2024-10,Organic Search,Mobile,Canada,/sale,2,360,False,False,0.0
SES00597,2024-09-23,2024-09,Direct,Desktop,United States,/contact,5,132,False,True,213.96
SES00598,2025-01-03,2025-01,Organic Search,Mobile,Germany,/home,3,854,False,False,0.0
SES00599,2025-02-13,2025-02,Paid Search,Desktop,Canada,/cart,5,664,False,False,0.0
SES00600,2025-02-15,2025-02,Paid Search,Desktop,Germany,/home,1,24,True,False,0.0
SES00601,2024-10-31,2024-10,Organic Search,Mobile,United Kingdom,/home,1,37,True,False,0.0
SES00602,2025-02-26,2025-02,Organic Search,Desktop,United States,/home,3,889,False,False,0.0
SES00603,2025-06-13,2025-06,Direct,Mobile,United States,/contact,11,397,False,False,0.0
SES00604,2025-02-22,2025-02,Social Media,Mobile,Australia,/products,4,892,False,False,0.0
SES00605,2025-03-15,2025-03,Organic Search,Tablet,United States,/about,2,132,False,False,0.0
SES00606,2024-10-11,2024-10,Organic Search,Mobile,United States,/cart,2,753,False,False,0.0
SES00607,2024-11-06,2024-11,Email,Desktop,United Kingdom,/products,1,42,True,False,0.0
SES00608,2025-03-04,2025-03,Paid Search,Desktop,United States,/contact,3,122,False,False,0.0
SES00609,2024-08-22,2024-08,Organic Search,Desktop,United States,/products,8,632,False,False,0.0
SES00610,2024-09-02,2024-09,Paid Search,Desktop,United States,/home,1,7,True,False,0.0
SES00611,2024-09-21,2024-09,Paid Search,Mobile,United States,/home,1,33,True,False,0.0
SES00612,2025-03-20,2025-03,Organic Search,Desktop,Canada,/cart,1,24,True,False,0.0
SES00613,2025-02-09,2025-02,Paid Search,Mobile,United States,/contact,1,31,True,False,0.0
SES00614,2024-10-22,2024-10,Paid Search,Mobile,United States,/products,5,212,False,False,0.0
SES00615,2024-07-14,2024-07,Social Media,Desktop,United Kingdom,/checkout,1,43,True,False,0.0
SES00616,2025-01-19,2025-01,Organic Search,Desktop,Australia,/home,4,98,False,False,0.0
SES00617,2024-08-11,2024-08,Organic Search,Mobile,Canada,/checkout,1,27,True,False,0.0
SES00618,2024-07-15,2024-07,Paid Search,Desktop,United States,/home,1,41,True,False,0.0
SES00619,2024-08-20,2024-08,Paid Search,Mobile,United States,/products,2,306,False,False,0.0
SES00620,2024-09-13,2024-09,Organic Search,Mobile,Canada,/products,1,26,True,False,0.0
SES00621,2024-11-24,2024-11,Paid Search,Desktop,United States,/about,4,693,False,False,0.0
SES00622,2024-09-10,2024-09,Paid Search,Desktop,United States,/products,8,306,False,False,0.0
SES00623,2025-05-12,2025-05,Organic Search,Desktop,United States,/about,1,28,True,False,0.0
SES00624,2024-08-10,2024-08,Direct,Mobile,United States,/products,1,23,True,False,0.0
SES00625,2024-10-19,2024-10,Direct,Desktop,Canada,/home,3,558,False,False,0.0
SES00626,2025-05-08,2025-05,Paid Search,Mobile,United States,/contact,2,304,False,False,0.0
SES00627,2024-11-25,2024-11,Organic Search,Desktop,United States,/sale,1,11,True,False,0.0
SES00628,2024-09-01,2024-09,Organic Search,Mobile,Canada,/about,1,43,True,False,0.0
SES00629,2025-01-31,2025-01,Paid Search,Desktop,United Kingdom,/home,4,266,False,False,0.0
SES00630,2024-08-02,2024-08,Email,Desktop,Canada,/cart,1,32,True,False,0.0
SES00631,2025-03-13,2025-03,Direct,Mobile,United States,/cart,10,558,False,True,53.66
SES00632,2025-03-21,2025-03,Organic Search,Mobile,United States,/checkout,10,488,False,False,0.0
SES00633,2024-11-27,2024-11,Paid Search,Desktop,United States,/sale,1,22,True,False,0.0
SES00634,2025-05-11,2025-05,Email,Desktop,United States,/cart,10,351,False,False,0.0
SES00635,2024-10-04,2024-10,Social Media,Mobile,Germany,/products,7,394,False,False,0.0
SES00636,2025-01-01,2025-01,Organic Search,Tablet,United States,/products,1,7,True,False,0.0
SES00637,2025-03-27,2025-03,Paid Search,Desktop,United States,/products,5,181,False,False,0.0
SES00638,2025-03-17,2025-03,Organic Search,Tablet,United States,/checkout,2,407,False,False,0.0
SES00639,2025-02-26,2025-02,Direct,Desktop,United States,/home,1,40,True,False,0.0
SES00640,2025-01-15,2025-01,Social Media,Mobile,United Kingdom,/about,8,539,False,False,0.0
SES00641,2024-07-09,2024-07,Paid Search,Desktop,Canada,/sale,1,33,True,False,0.0
SES00642,2024-08-04,2024-08,Paid Search,Mobile,United States,/products,1,21,True,False,0.0
SES00643,2025-06-02,2025-06,Organic Search,Mobile,United States,/about,11,544,False,False,0.0
SES00644,2024-12-18,2024-12,Paid Search,Mobile,United States,/products,1,15,True,False,0.0
SES00645,2024-12-28,2024-12,Organic Search,Desktop,United States,/home,3,665,False,False,0.0
SES00646,2024-09-28,2024-09,Email,Mobile,Canada,/sale,11,573,False,False,0.0
SES00647,2025-06-22,2025-06,Organic Search,Desktop,United States,/contact,2,443,False,False,0.0
SES00648,2024-09-08,2024-09,Paid Search,Mobile,United States,/about,1,5,True,False,0.0
SES00649,2025-02-20,2025-02,Paid Search,Mobile,United States,/home,1,31,True,False,0.0
SES00650,2024-10-12,2024-10,Direct,Desktop,Canada,/checkout,1,8,True,False,0.0
SES00651,2024-10-11,2024-10,Paid Search,Tablet,United Kingdom,/about,5,263,False,False,0.0
SES00652,2024-12-06,2024-12,Organic Search,Desktop,United States,/home,6,667,False,False,0.0
SES00653,2025-04-05,2025-04,Organic Search,Mobile,United States,/sale,7,276,False,True,227.03
SES00654,2025-05-28,2025-05,Email,Desktop,Australia,/blog,1,42,True,False,0.0
SES00655,2024-12-30,2024-12,Organic Search,Mobile,United Kingdom,/about,7,747,False,False,0.0
SES00656,2025-06-01,2025-06,Social Media,Tablet,Australia,/checkout,1,14,True,False,0.0
SES00657,2024-09-02,2024-09,Organic Search,Desktop,United States,/products,2,862,False,False,0.0
SES00658,2025-01-21,2025-01,Organic Search,Desktop,United Kingdom,/sale,6,862,False,False,0.0
SES00659,2025-01-14,2025-01,Organic Search,Desktop,Australia,/about,1,40,True,False,0.0
SES00660,2024-10-04,2024-10,Organic Search,Mobile,United States,/sale,6,184,False,False,0.0
SES00661,2025-03-23,2025-03,Direct,Mobile,Germany,/about,1,6,True,False,0.0
SES00662,2024-08-12,2024-08,Direct,Desktop,United States,/sale,9,710,False,False,0.0
SES00663,2025-05-05,2025-05,Email,Desktop,United States,/home,4,720,False,False,0.0
SES00664,2024-11-28,2024-11,Referral,Mobile,United Kingdom,/about,1,29,True,False,0.0
SES00665,2024-08-10,2024-08,Paid Search,Tablet,United Kingdom,/products,1,22,True,False,0.0
SES00666,2024-11-29,2024-11,Organic Search,Tablet,United States,/home,1,29,True,False,0.0
SES00667,2025-05-05,2025-05,Direct,Desktop,United States,/sale,5,252,False,False,0.0
SES00668,2025-02-13,2025-02,Organic Search,Mobile,United States,/sale,1,33,True,False,0.0
SES00669,2024-07-22,2024-07,Email,Desktop,Canada,/home,9,177,False,False,0.0
SES00670,2025-05-11,2025-05,Direct,Tablet,United States,/contact,3,864,False,False,0.0
SES00671,2024-07-30,2024-07,Social Media,Mobile,United States,/about,1,44,True,False,0.0
SES00672,2025-05-23,2025-05,Direct,Mobile,United States,/home,2,699,False,False,0.0
SES00673,2025-06-13,2025-06,Direct,Desktop,Canada,/sale,1,20,True,False,0.0
SES00674,2024-07-16,2024-07,Email,Mobile,United States,/about,1,28,True,False,0.0
SES00675,2025-05-08,2025-05,Email,Desktop,United States,/home,2,810,False,False,0.0
SES00676,2024-09-03,2024-09,Direct,Mobile,Australia,/about,1,24,True,False,0.0
SES00677,2025-05-27,2025-05,Organic Search,Desktop,United States,/sale,1,34,True,False,0.0
SES00678,2025-01-13,2025-01,Organic Search,Mobile,United Kingdom,/products,11,861,False,True,131.86
SES00679,2024-09-17,2024-09,Organic Search,Tablet,United States,/products,5,864,False,False,0.0
SES00680,2025-01-07,2025-01,Social Media,Tablet,United States,/home,1,44,True,False,0.0
SES00681,2024-08-09,2024-08,Organic Search,Mobile,United States,/home,11,98,False,False,0.0
SES00682,2025-01-20,2025-01,Paid Search,Desktop,United States,/blog,1,30,True,False,0.0
SES00683,2024-11-20,2024-11,Social Media,Desktop,United States,/cart,1,27,True,False,0.0
SES00684,2024-08-28,2024-08,Organic Search,Mobile,Canada,/sale,1,9,True,False,0.0
SES00685,2024-10-04,2024-10,Paid Search,Mobile,United States,/products,8,204,False,False,0.0
SES00686,2025-04-14,2025-04,Paid Search,Tablet,United States,/about,1,38,True,False,0.0
SES00687,2024-11-11,2024-11,Paid Search,Mobile,United States,/sale,9,458,False,False,0.0
SES00688,2025-05-10,2025-05,Organic Search,Desktop,United States,/sale,1,36,True,False,0.0
SES00689,2025-03-09,2025-03,Email,Desktop,United States,/products,1,20,True,False,0.0
SES00690,2024-09-08,2024-09,Direct,Mobile,Canada,/sale,10,286,False,False,0.0
SES00691,2025-02-13,2025-02,Social Media,Desktop,Canada,/products,9,288,False,False,0.0
SES00692,2024-12-11,2024-12,Paid Search,Mobile,United States,/cart,7,191,False,False,0.0
SES00693,2025-04-08,2025-04,Referral,Tablet,Canada,/home,7,179,False,False,0.0
SES00694,2024-09-19,2024-09,Organic Search,Desktop,United States,/home,3,779,False,False,0.0
SES00695,2025-05-23,2025-05,Organic Search,Tablet,Germany,/sale,1,10,True,False,0.0
SES00696,2025-01-02,2025-01,Paid Search,Mobile,United States,/home,2,886,False,False,0.0
SES00697,2024-10-11,2024-10,Social Media,Mobile,United States,/sale,10,346,False,False,0.0
SES00698,2025-03-10,2025-03,Organic Search,Mobile,United States,/home,1,17,True,False,0.0
SES00699,2025-04-10,2025-04,Direct,Mobile,United States,/products,2,540,False,False,0.0
SES00700,2025-04-09,2025-04,Direct,Desktop,United States,/home,1,31,True,False,0.0
SES00701,2024-08-14,2024-08,Organic Search,Desktop,United States,/home,1,17,True,False,0.0
SES00702,2025-01-20,2025-01,Paid Search,Desktop,Canada,/home,3,817,False,False,0.0
SES00703,2025-03-27,2025-03,Paid Search,Mobile,Germany,/about,1,33,True,False,0.0
SES00704,2025-01-26,2025-01,Direct,Desktop,Canada,/about,8,526,False,False,0.0
SES00705,2024-12-10,2024-12,Direct,Tablet,United States,/products,8,443,False,False,0.0
SES00706,2025-06-14,2025-06,Organic Search,Mobile,United States,/checkout,2,103,False,False,0.0
SES00707,2025-04-09,2025-04,Organic Search,Desktop,United States,/home,2,296,False,False,0.0
SES00708,2024-09-05,2024-09,Organic Search,Mobile,United States,/home,2,166,False,False,0.0
SES00709,2024-07-29,2024-07,Social Media,Desktop,Canada,/home,2,540,False,False,0.0
SES00710,2024-12-03,2024-12,Organic Search,Mobile,United States,/contact,1,10,True,False,0.0
SES00711,2024-12-13,2024-12,Paid Search,Desktop,Canada,/products,9,292,False,False,0.0
SES00712,2025-03-23,2025-03,Organic Search,Desktop,United States,/products,3,122,False,False,0.0
SES00713,2024-11-06,2024-11,Organic Search,Mobile,United States,/sale,1,42,True,False,0.0
SES00714,2025-04-09,2025-04,Organic Search,Mobile,United States,/products,1,26,True,False,0.0
SES00715,2025-05-17,2025-05,Organic Search,Desktop,Germany,/home,1,36,True,False,0.0
SES00716,2025-03-31,2025-03,Paid Search,Desktop,United States,/checkout,1,39,True,False,0.0
SES00717,2025-05-25,2025-05,Organic Search,Desktop,United Kingdom,/home,1,44,True,False,0.0
SES00718,2025-04-24,2025-04,Paid Search,Tablet,Australia,/products,1,42,True,False,0.0
SES00719,2025-06-03,2025-06,Organic Search,Desktop,United States,/sale,9,434,False,False,0.0
SES00720,2024-12-20,2024-12,Referral,Desktop,United States,/home,7,132,False,False,0.0
SES00721,2024-07-15,2024-07,Social Media,Mobile,United States,/cart,1,9,True,False,0.0
SES00722,2025-05-25,2025-05,Organic Search,Tablet,United Kingdom,/products,10,752,False,False,0.0
SES00723,2024-10-16,2024-10,Organic Search,Mobile,United Kingdom,/products,8,191,False,False,0.0
SES00724,2025-05-24,2025-05,Organic Search,Mobile,United States,/home,1,34,True,False,0.0
SES00725,2025-05-18,2025-05,Email,Mobile,United Kingdom,/checkout,6,505,False,False,0.0
SES00726,2024-12-02,2024-12,Paid Search,Desktop,Canada,/contact,5,361,False,False,0.0
SES00727,2025-06-16,2025-06,Direct,Mobile,United States,/products,8,150,False,False,0.0
SES00728,2025-06-18,2025-06,Email,Mobile,United States,/sale,1,7,True,False,0.0
SES00729,2025-02-11,2025-02,Paid Search,Mobile,Australia,/home,1,15,True,False,0.0
SES00730,2025-02-23,2025-02,Social Media,Desktop,United States,/products,1,42,True,False,0.0
SES00731,2025-05-07,2025-05,Organic Search,Desktop,United States,/about,1,34,True,False,0.0
SES00732,2024-12-11,2024-12,Email,Desktop,Australia,/checkout,9,504,False,False,0.0
SES00733,2025-01-21,2025-01,Organic Search,Desktop,United Kingdom,/home,1,25,True,False,0.0
SES00734,2025-01-06,2025-01,Organic Search,Desktop,United States,/home,2,498,False,False,0.0
SES00735,2024-11-01,2024-11,Organic Search,Tablet,United States,/home,11,753,False,False,0.0
SES00736,2024-11-04,2024-11,Email,Mobile,United States,/cart,1,20,True,False,0.0
SES00737,2024-07-26,2024-07,Paid Search,Mobile,United States,/home,1,21,True,False,0.0
SES00738,2025-01-13,2025-01,Social Media,Desktop,Australia,/sale,9,504,False,False,0.0
SES00739,2024-09-20,2024-09,Direct,Mobile,United Kingdom,/home,9,734,False,False,0.0
SES00740,2024-12-08,2024-12,Organic Search,Mobile,United States,/products,1,38,True,False,0.0
SES00741,2024-09-20,2024-09,Organic Search,Desktop,United States,/home,3,205,False,False,0.0
SES00742,2025-03-13,2025-03,Organic Search,Tablet,United Kingdom,/home,8,458,False,False,0.0
SES00743,2024-08-16,2024-08,Direct,Tablet,Canada,/home,4,671,False,False,0.0
SES00744,2024-11-01,2024-11,Direct,Tablet,United States,/products,1,21,True,False,0.0
SES00745,2024-12-28,2024-12,Email,Tablet,United States,/about,1,10,True,False,0.0
SES00746,2024-11-22,2024-11,Direct,Mobile,United States,/products,5,867,False,False,0.0
SES00747,2025-05-31,2025-05,Organic Search,Mobile,United States,/products,3,346,False,False,0.0
SES00748,2024-07-05,2024-07,Organic Search,Desktop,Germany,/home,8,616,False,False,0.0
SES00749,2024-11-13,2024-11,Social Media,Desktop,United States,/products,10,857,False,False,0.0
SES00750,2025-01-04,2025-01,Social Media,Mobile,Canada,/products,1,38,True,False,0.0
SES00751,2024-07-27,2024-07,Social Media,Desktop,United Kingdom,/products,1,8,True,False,0.0
SES00752,2024-10-08,2024-10,Social Media,Desktop,United States,/home,1,36,True,False,0.0
SES00753,2024-11-25,2024-11,Organic Search,Tablet,United States,/cart,1,7,True,False,0.0
SES00754,2025-03-16,2025-03,Social Media,Mobile,Canada,/products,1,21,True,False,0.0
SES00755,2025-04-08,2025-04,Direct,Desktop,Canada,/checkout,1,26,True,False,0.0
SES00756,2025-05-16,2025-05,Organic Search,Desktop,United States,/products,11,574,False,False,0.0
SES00757,2024-08-19,2024-08,Referral,Desktop,United States,/products,1,13,True,False,0.0
SES00758,2024-12-21,2024-12,Organic Search,Mobile,United States,/products,8,89,False,False,0.0
SES00759,2024-09-12,2024-09,Social Media,Desktop,United States,/products,1,14,True,False,0.0
SES00760,2025-03-18,2025-03,Email,Desktop,United States,/home,10,84,False,True,173.89
SES00761,2024-07-20,2024-07,Direct,Desktop,United States,/home,1,25,True,False,0.0
SES00762,2024-12-18,2024-12,Email,Desktop,United States,/home,3,180,False,False,0.0
SES00763,2024-09-15,2024-09,Paid Search,Desktop,United States,/sale,3,542,False,False,0.0
SES00764,2024-12-15,2024-12,Organic Search,Mobile,United States,/checkout,11,135,False,False,0.0
SES00765,2025-01-18,2025-01,Paid Search,Mobile,United States,/home,9,322,False,False,0.0
SES00766,2024-12-01,2024-12,Organic Search,Desktop,United States,/home,2,122,False,False,0.0
SES00767,2025-03-18,2025-03,Organic Search,Desktop,United Kingdom,/contact,5,855,False,False,0.0
SES00768,2024-12-01,2024-12,Organic Search,Mobile,United States,/home,11,130,False,True,36.54
SES00769,2024-12-17,2024-12,Paid Search,Desktop,United States,/products,5,846,False,False,0.0
SES00770,2025-04-25,2025-04,Organic Search,Desktop,United States,/cart,1,33,True,False,0.0
SES00771,2025-06-18,2025-06,Organic Search,Desktop,United States,/products,3,89,False,False,0.0
SES00772,2024-11-13,2024-11,Paid Search,Mobile,United States,/sale,5,593,False,False,0.0
SES00773,2025-04-23,2025-04,Organic Search,Desktop,United States,/home,7,641,False,False,0.0
SES00774,2025-04-25,2025-04,Email,Mobile,United States,/products,3,576,False,False,0.0
SES00775,2025-05-14,2025-05,Organic Search,Mobile,United States,/sale,3,648,False,False,0.0
SES00776,2025-06-14,2025-06,Referral,Desktop,Germany,/blog,1,34,True,False,0.0
SES00777,2025-04-20,2025-04,Paid Search,Mobile,United States,/sale,6,347,False,False,0.0
SES00778,2024-07-10,2024-07,Direct,Desktop,United States,/products,2,203,False,False,0.0
SES00779,2025-01-28,2025-01,Direct,Desktop,United States,/home,8,400,False,False,0.0
SES00780,2025-05-10,2025-05,Social Media,Desktop,United Kingdom,/home,2,407,False,False,0.0
SES00781,2024-08-01,2024-08,Organic Search,Mobile,United Kingdom,/checkout,11,851,False,False,0.0
SES00782,2025-04-14,2025-04,Paid Search,Desktop,United States,/home,1,15,True,False,0.0
SES00783,2025-06-05,2025-06,Social Media,Desktop,Canada,/sale,1,6,True,False,0.0
SES00784,2025-01-09,2025-01,Social Media,Desktop,United States,/products,1,32,True,False,0.0
SES00785,2024-09-27,2024-09,Social Media,Desktop,Canada,/home,1,17,True,False,0.0
SES00786,2025-03-30,2025-03,Direct,Mobile,United States,/sale,1,26,True,False,0.0
SES00787,2024-12-29,2024-12,Organic Search,Mobile,United States,/blog,11,660,False,False,0.0
SES00788,2025-06-14,2025-06,Email,Desktop,United States,/home,10,797,False,False,0.0
SES00789,2025-05-09,2025-05,Social Media,Desktop,United Kingdom,/sale,1,40,True,False,0.0
SES00790,2024-11-04,2024-11,Organic Search,Desktop,Canada,/contact,1,33,True,False,0.0
SES00791,2024-11-30,2024-11,Social Media,Mobile,United States,/home,1,25,True,False,0.0
SES00792,2024-11-30,2024-11,Organic Search,Desktop,United States,/products,11,391,False,False,0.0
SES00793,2025-06-19,2025-06,Organic Search,Mobile,Germany,/about,5,499,False,False,0.0
SES00794,2024-12-26,2024-12,Social Media,Mobile,Canada,/contact,1,7,True,False,0.0
SES00795,2024-11-18,2024-11,Organic Search,Mobile,United States,/contact,1,25,True,False,0.0
SES00796,2025-04-20,2025-04,Direct,Mobile,United States,/about,2,658,False,False,0.0
SES00797,2025-01-19,2025-01,Direct,Desktop,United States,/home,10,369,False,False,0.0
SES00798,2024-09-13,2024-09,Email,Mobile,United States,/products,1,44,True,False,0.0
SES00799,2024-11-25,2024-11,Organic Search,Desktop,Australia,/home,4,844,False,False,0.0
SES00800,2025-02-12,2025-02,Direct,Desktop,United States,/checkout,5,350,False,False,0.0
SES00801,2024-10-18,2024-10,Email,Mobile,United Kingdom,/products,1,6,True,False,0.0
SES00802,2025-04-02,2025-04,Direct,Desktop,United States,/home,1,24,True,False,0.0
SES00803,2025-04-14,2025-04,Organic Search,Desktop,United Kingdom,/blog,7,789,False,False,0.0
SES00804,2025-05-12,2025-05,Organic Search,Mobile,United States,/products,6,170,False,False,0.0
SES00805,2024-07-26,2024-07,Organic Search,Desktop,United Kingdom,/sale,4,732,False,False,0.0
SES00806,2025-05-23,2025-05,Direct,Desktop,United States,/sale,1,24,True,False,0.0
SES00807,2024-08-21,2024-08,Social Media,Mobile,United States,/about,1,17,True,False,0.0
SES00808,2025-02-27,2025-02,Direct,Mobile,United States,/products,1,26,True,False,0.0
SES00809,2024-09-09,2024-09,Organic Search,Desktop,United States,/products,1,30,True,False,0.0
SES00810,2025-04-08,2025-04,Organic Search,Desktop,United Kingdom,/sale,8,494,False,False,0.0
SES00811,2025-05-31,2025-05,Direct,Mobile,United States,/sale,7,669,False,False,0.0
SES00812,2025-03-02,2025-03,Paid Search,Mobile,United States,/products,11,279,False,False,0.0
SES00813,2024-11-25,2024-11,Email,Mobile,United States,/about,1,11,True,False,0.0
SES00814,2025-05-27,2025-05,Direct,Desktop,United States,/about,1,16,True,False,0.0
SES00815,2024-08-15,2024-08,Paid Search,Tablet,United States,/products,10,328,False,False,0.0
SES00816,2024-07-20,2024-07,Social Media,Mobile,United States,/sale,2,66,False,False,0.0
SES00817,2024-09-29,2024-09,Paid Search,Desktop,Australia,/home,8,557,False,True,156.52
SES00818,2025-01-20,2025-01,Referral,Desktop,United States,/products,5,841,False,False,0.0
SES00819,2024-11-26,2024-11,Organic Search,Mobile,Germany,/products,5,152,False,True,221.35
SES00820,2025-04-17,2025-04,Paid Search,Tablet,United States,/sale,6,635,False,False,0.0
SES00821,2024-12-19,2024-12,Paid Search,Desktop,United States,/products,1,11,True,False,0.0
SES00822,2025-05-25,2025-05,Direct,Tablet,United States,/products,8,555,False,False,0.0
SES00823,2024-09-07,2024-09,Direct,Desktop,United States,/home,6,247,False,False,0.0
SES00824,2024-10-07,2024-10,Organic Search,Mobile,United States,/home,2,130,False,False,0.0
SES00825,2025-02-20,2025-02,Direct,Mobile,United States,/products,4,351,False,False,0.0
SES00826,2024-07-08,2024-07,Paid Search,Desktop,United States,/cart,3,215,False,False,0.0
SES00827,2025-04-17,2025-04,Organic Search,Desktop,United States,/products,5,480,False,False,0.0
SES00828,2025-05-09,2025-05,Organic Search,Tablet,Canada,/sale,5,601,False,False,0.0
SES00829,2025-02-04,2025-02,Organic Search,Desktop,United States,/checkout,3,149,False,False,0.0
SES00830,2025-06-08,2025-06,Organic Search,Tablet,United States,/cart,1,27,True,False,0.0
SES00831,2024-09-10,2024-09,Organic Search,Desktop,United States,/checkout,4,160,False,False,0.0
SES00832,2024-07-04,2024-07,Paid Search,Tablet,United States,/cart,1,14,True,False,0.0
SES00833,2024-10-29,2024-10,Social Media,Tablet,United States,/blog,1,25,True,False,0.0
SES00834,2024-11-14,2024-11,Organic Search,Desktop,United States,/products,3,751,False,False,0.0
SES00835,2025-04-20,2025-04,Organic Search,Desktop,United States,/home,1,22,True,False,0.0
SES00836,2025-05-31,2025-05,Paid Search,Desktop,United States,/home,1,15,True,False,0.0
SES00837,2024-10-29,2024-10,Social Media,Mobile,United States,/checkout,1,26,True,False,0.0
SES00838,2024-08-30,2024-08,Organic Search,Tablet,United States,/products,6,626,False,False,0.0
SES00839,2025-06-17,2025-06,Organic Search,Mobile,United States,/products,4,690,False,False,0.0
SES00840,2025-06-26,2025-06,Paid Search,Desktop,United Kingdom,/checkout,6,613,False,False,0.0
SES00841,2025-05-24,2025-05,Organic Search,Mobile,United States,/products,8,182,False,False,0.0
SES00842,2025-05-11,2025-05,Organic Search,Desktop,United States,/products,1,10,True,False,0.0
SES00843,2024-09-07,2024-09,Paid Search,Mobile,Germany,/cart,9,181,False,False,0.0
SES00844,2025-05-07,2025-05,Organic Search,Desktop,United States,/home,1,27,True,False,0.0
SES00845,2025-06-25,2025-06,Paid Search,Tablet,United States,/home,6,386,False,False,0.0
SES00846,2025-04-02,2025-04,Organic Search,Desktop,United States,/products,6,487,False,False,0.0
SES00847,2024-11-04,2024-11,Organic Search,Tablet,United Kingdom,/home,10,365,False,False,0.0
SES00848,2024-08-11,2024-08,Organic Search,Desktop,United States,/products,10,479,False,False,0.0
SES00849,2025-01-02,2025-01,Paid Search,Tablet,Canada,/contact,1,22,True,False,0.0
SES00850,2025-04-15,2025-04,Email,Desktop,United States,/sale,1,32,True,False,0.0
SES00851,2025-04-07,2025-04,Direct,Desktop,United States,/products,5,791,False,False,0.0
SES00852,2025-04-01,2025-04,Organic Search,Desktop,United States,/contact,1,12,True,False,0.0
SES00853,2024-12-15,2024-12,Paid Search,Tablet,United States,/products,6,596,False,False,0.0
SES00854,2025-06-14,2025-06,Organic Search,Mobile,United States,/sale,1,16,True,False,0.0
SES00855,2025-04-25,2025-04,Organic Search,Desktop,United States,/checkout,4,368,False,False,0.0
SES00856,2025-02-14,2025-02,Direct,Tablet,Canada,/products,2,622,False,False,0.0
SES00857,2025-03-20,2025-03,Social Media,Mobile,United States,/home,1,16,True,False,0.0
SES00858,2025-04-15,2025-04,Social Media,Desktop,United States,/checkout,1,41,True,False,0.0
SES00859,2025-02-22,2025-02,Direct,Desktop,United States,/products,8,369,False,False,0.0
SES00860,2024-07-12,2024-07,Organic Search,Mobile,Canada,/blog,1,12,True,False,0.0
SES00861,2024-07-02,2024-07,Organic Search,Tablet,Australia,/cart,10,548,False,False,0.0
SES00862,2024-07-24,2024-07,Organic Search,Desktop,Canada,/products,8,411,False,False,0.0
SES00863,2025-04-04,2025-04,Paid Search,Mobile,United States,/home,10,674,False,False,0.0
SES00864,2024-08-05,2024-08,Direct,Mobile,United States,/about,9,494,False,False,0.0
SES00865,2024-11-24,2024-11,Paid Search,Mobile,United States,/home,1,13,True,False,0.0
SES00866,2024-09-08,2024-09,Social Media,Desktop,United States,/products,2,402,False,False,0.0
SES00867,2025-05-27,2025-05,Organic Search,Tablet,United States,/sale,3,596,False,False,0.0
SES00868,2025-01-12,2025-01,Organic Search,Desktop,Australia,/home,7,134,False,False,0.0
SES00869,2025-01-10,2025-01,Direct,Tablet,United States,/products,1,28,True,False,0.0
SES00870,2025-06-15,2025-06,Organic Search,Mobile,United States,/home,4,761,False,False,0.0
SES00871,2024-09-07,2024-09,Direct,Desktop,United States,/home,3,404,False,False,0.0
SES00872,2024-09-30,2024-09,Organic Search,Mobile,United Kingdom,/sale,7,558,False,False,0.0
SES00873,2024-09-04,2024-09,Organic Search,Desktop,United States,/home,9,498,False,False,0.0
SES00874,2024-07-02,2024-07,Paid Search,Desktop,United States,/sale,7,107,False,False,0.0
SES00875,2025-02-23,2025-02,Organic Search,Mobile,United Kingdom,/about,3,659,False,False,0.0
SES00876,2025-03-30,2025-03,Paid Search,Mobile,United States,/sale,1,13,True,False,0.0
SES00877,2024-10-26,2024-10,Organic Search,Desktop,United States,/products,1,9,True,False,0.0
SES00878,2024-12-25,2024-12,Paid Search,Mobile,Canada,/sale,1,17,True,False,0.0
SES00879,2024-10-05,2024-10,Organic Search,Mobile,United States,/home,4,555,False,False,0.0
SES00880,2024-08-27,2024-08,Organic Search,Desktop,United States,/home,1,41,True,False,0.0
SES00881,2025-06-04,2025-06,Organic Search,Mobile,United States,/sale,1,14,True,False,0.0
SES00882,2024-07-09,2024-07,Email,Desktop,United States,/sale,1,27,True,False,0.0
SES00883,2024-08-04,2024-08,Direct,Mobile,United States,/products,1,30,True,False,0.0
SES00884,2024-07-18,2024-07,Social Media,Mobile,Canada,/contact,1,21,True,False,0.0
SES00885,2025-06-10,2025-06,Organic Search,Tablet,United States,/sale,8,641,False,False,0.0
SES00886,2024-07-23,2024-07,Paid Search,Desktop,United States,/products,1,9,True,False,0.0
SES00887,2024-10-28,2024-10,Organic Search,Desktop,United States,/home,9,420,False,False,0.0
SES00888,2024-07-29,2024-07,Paid Search,Mobile,Australia,/checkout,1,23,True,False,0.0
SES00889,2024-11-26,2024-11,Referral,Desktop,United States,/home,1,44,True,False,0.0
SES00890,2025-04-21,2025-04,Social Media,Desktop,United States,/products,1,21,True,False,0.0
SES00891,2025-05-03,2025-05,Organic Search,Mobile,United Kingdom,/about,10,577,False,False,0.0
SES00892,2024-10-30,2024-10,Direct,Tablet,Canada,/products,1,21,True,False,0.0
SES00893,2024-09-12,2024-09,Direct,Desktop,United States,/products,4,134,False,False,0.0
SES00894,2025-01-28,2025-01,Email,Desktop,Germany,/products,1,43,True,False,0.0
SES00895,2024-08-01,2024-08,Social Media,Mobile,Australia,/products,1,11,True,False,0.0
SES00896,2025-04-29,2025-04,Organic Search,Mobile,Canada,/sale,5,94,False,False,0.0
SES00897,2025-05-17,2025-05,Email,Desktop,United States,/about,7,231,False,False,0.0
SES00898,2024-07-25,2024-07,Organic Search,Mobile,Canada,/sale,5,224,False,False,0.0
SES00899,2025-06-09,2025-06,Paid Search,Mobile,United States,/checkout,1,36,True,False,0.0
SES00900,2025-03-26,2025-03,Email,Tablet,United States,/products,1,35,True,False,0.0
SES00901,2025-01-30,2025-01,Organic Search,Desktop,United States,/sale,1,18,True,False,0.0
SES00902,2024-12-01,2024-12,Organic Search,Desktop,United States,/cart,1,12,True,False,0.0
SES00903,2025-04-02,2025-04,Direct,Mobile,United Kingdom,/home,9,411,False,False,0.0
SES00904,2024-12-01,2024-12,Direct,Tablet,Australia,/home,3,505,False,False,0.0
SES00905,2025-02-23,2025-02,Organic Search,Mobile,United States,/home,8,536,False,False,0.0
SES00906,2025-01-30,2025-01,Organic Search,Desktop,United States,/home,7,445,False,False,0.0
SES00907,2024-11-02,2024-11,Organic Search,Mobile,United States,/products,1,25,True,False,0.0
SES00908,2024-12-17,2024-12,Paid Search,Mobile,Australia,/cart,2,332,False,False,0.0
SES00909,2025-01-06,2025-01,Organic Search,Desktop,Australia,/sale,1,34,True,False,0.0
SES00910,2024-10-06,2024-10,Direct,Tablet,United States,/contact,1,20,True,False,0.0
SES00911,2025-01-10,2025-01,Paid Search,Mobile,United States,/cart,3,324,False,False,0.0
SES00912,2024-08-07,2024-08,Direct,Desktop,United States,/checkout,1,33,True,False,0.0
SES00913,2025-04-27,2025-04,Organic Search,Desktop,Canada,/contact,2,572,False,False,0.0
SES00914,2025-03-03,2025-03,Organic Search,Desktop,United States,/products,1,36,True,False,0.0
SES00915,2024-12-18,2024-12,Direct,Desktop,Canada,/cart,1,20,True,False,0.0
SES00916,2024-07-08,2024-07,Organic Search,Mobile,United States,/sale,1,22,True,False,0.0
SES00917,2024-10-06,2024-10,Paid Search,Mobile,Canada,/checkout,2,138,False,False,0.0
SES00918,2025-03-03,2025-03,Social Media,Mobile,United States,/products,5,894,False,False,0.0
SES00919,2025-06-26,2025-06,Social Media,Desktop,United States,/home,1,5,True,False,0.0
SES00920,2024-10-31,2024-10,Email,Desktop,United Kingdom,/home,11,580,False,False,0.0
SES00921,2025-01-11,2025-01,Organic Search,Desktop,United States,/checkout,5,470,False,False,0.0
SES00922,2024-12-05,2024-12,Organic Search,Desktop,United States,/home,1,11,True,False,0.0
SES00923,2025-03-20,2025-03,Organic Search,Mobile,United States,/products,7,518,False,False,0.0
SES00924,2025-02-26,2025-02,Email,Desktop,United States,/home,3,818,False,False,0.0
SES00925,2024-10-13,2024-10,Referral,Desktop,Canada,/checkout,1,26,True,False,0.0
SES00926,2025-01-28,2025-01,Direct,Desktop,United States,/home,1,5,True,False,0.0
SES00927,2024-10-22,2024-10,Social Media,Mobile,United States,/contact,6,587,False,True,62.98
SES00928,2025-04-10,2025-04,Email,Desktop,United States,/about,11,763,False,False,0.0
SES00929,2025-01-30,2025-01,Email,Mobile,Australia,/home,1,11,True,False,0.0
SES00930,2024-10-09,2024-10,Paid Search,Mobile,Germany,/about,1,20,True,False,0.0
SES00931,2025-01-11,2025-01,Organic Search,Mobile,United States,/products,6,711,False,False,0.0
SES00932,2025-04-08,2025-04,Social Media,Mobile,United States,/home,6,117,False,False,0.0
SES00933,2024-11-09,2024-11,Organic Search,Desktop,United States,/home,11,520,False,False,0.0
SES00934,2025-05-25,2025-05,Referral,Tablet,United States,/home,8,763,False,False,0.0
SES00935,2024-12-28,2024-12,Organic Search,Mobile,United States,/checkout,1,20,True,False,0.0
SES00936,2025-04-06,2025-04,Referral,Desktop,United Kingdom,/products,1,19,True,False,0.0
SES00937,2025-04-04,2025-04,Direct,Mobile,United States,/products,8,574,False,False,0.0
SES00938,2025-03-26,2025-03,Social Media,Mobile,Australia,/checkout,1,18,True,False,0.0
SES00939,2024-08-08,2024-08,Direct,Tablet,United States,/checkout,5,185,False,False,0.0
SES00940,2024-07-04,2024-07,Organic Search,Desktop,Germany,/sale,1,16,True,False,0.0
SES00941,2025-05-19,2025-05,Direct,Mobile,United States,/checkout,1,21,True,False,0.0
SES00942,2025-06-28,2025-06,Organic Search,Desktop,United States,/products,1,11,True,False,0.0
SES00943,2024-10-20,2024-10,Paid Search,Desktop,United States,/home,11,774,False,False,0.0
SES00944,2025-05-13,2025-05,Organic Search,Mobile,United States,/products,9,483,False,False,0.0
SES00945,2025-03-05,2025-03,Organic Search,Mobile,United States,/checkout,10,377,False,True,207.77
SES00946,2025-03-30,2025-03,Organic Search,Desktop,United States,/sale,11,774,False,True,79.05
SES00947,2025-03-29,2025-03,Paid Search,Desktop,United States,/cart,11,555,False,False,0.0
SES00948,2024-11-24,2024-11,Organic Search,Mobile,United States,/cart,1,33,True,False,0.0
SES00949,2025-06-23,2025-06,Organic Search,Tablet,Canada,/sale,10,264,False,False,0.0
SES00950,2024-09-30,2024-09,Organic Search,Desktop,United States,/about,1,30,True,False,0.0
SES00951,2024-08-19,2024-08,Paid Search,Desktop,Germany,/products,6,190,False,False,0.0
SES00952,2025-05-14,2025-05,Paid Search,Tablet,United States,/about,2,755,False,False,0.0
SES00953,2024-11-14,2024-11,Organic Search,Desktop,United Kingdom,/products,5,689,False,False,0.0
SES00954,2025-01-24,2025-01,Direct,Mobile,United Kingdom,/checkout,2,620,False,False,0.0
SES00955,2025-06-22,2025-06,Organic Search,Desktop,United States,/sale,1,43,True,False,0.0
SES00956,2025-06-16,2025-06,Paid Search,Mobile,United States,/about,11,149,False,False,0.0
SES00957,2025-05-29,2025-05,Direct,Desktop,United States,/products,4,495,False,False,0.0
SES00958,2025-01-11,2025-01,Paid Search,Desktop,United States,/checkout,1,16,True,False,0.0
SES00959,2025-03-01,2025-03,Referral,Mobile,United States,/sale,1,30,True,False,0.0
SES00960,2024-07-05,2024-07,Paid Search,Desktop,United States,/home,8,138,False,False,0.0
SES00961,2025-02-08,2025-02,Organic Search,Desktop,United States,/about,5,758,False,False,0.0
SES00962,2024-08-18,2024-08,Email,Desktop,Canada,/cart,4,733,False,False,0.0
SES00963,2024-10-26,2024-10,Email,Desktop,United States,/home,1,22,True,False,0.0
SES00964,2025-06-20,2025-06,Organic Search,Mobile,United States,/products,8,539,False,False,0.0
SES00965,2024-07-24,2024-07,Email,Desktop,United Kingdom,/home,8,502,False,False,0.0
SES00966,2024-11-21,2024-11,Direct,Desktop,United Kingdom,/about,6,352,False,False,0.0
SES00967,2024-07-17,2024-07,Organic Search,Desktop,United States,/products,1,12,True,False,0.0
SES00968,2024-12-09,2024-12,Organic Search,Mobile,United Kingdom,/sale,1,39,True,False,0.0
SES00969,2024-10-15,2024-10,Organic Search,Desktop,Canada,/home,8,297,False,False,0.0
SES00970,2025-06-30,2025-06,Paid Search,Mobile,United States,/checkout,4,828,False,False,0.0
SES00971,2024-12-01,2024-12,Direct,Mobile,United States,/products,1,26,True,False,0.0
SES00972,2024-11-01,2024-11,Email,Mobile,United States,/home,11,833,False,False,0.0
SES00973,2025-06-12,2025-06,Organic Search,Mobile,United States,/sale,10,61,False,False,0.0
SES00974,2024-09-10,2024-09,Paid Search,Desktop,United States,/home,5,171,False,False,0.0
SES00975,2024-08-10,2024-08,Organic Search,Desktop,United States,/sale,7,813,False,False,0.0
SES00976,2024-07-28,2024-07,Organic Search,Mobile,United States,/contact,1,28,True,False,0.0
SES00977,2024-10-27,2024-10,Paid Search,Desktop,Canada,/checkout,7,615,False,False,0.0
SES00978,2025-05-11,2025-05,Email,Desktop,United States,/sale,7,622,False,False,0.0
SES00979,2024-12-15,2024-12,Organic Search,Tablet,United States,/sale,1,43,True,False,0.0
SES00980,2024-11-17,2024-11,Paid Search,Desktop,United States,/home,11,342,False,False,0.0
SES00981,2024-10-25,2024-10,Organic Search,Mobile,United States,/blog,1,29,True,False,0.0
SES00982,2025-01-09,2025-01,Organic Search,Desktop,United States,/checkout,8,291,False,False,0.0
SES00983,2025-06-04,2025-06,Email,Desktop,United States,/products,5,862,False,False,0.0
SES00984,2024-11-29,2024-11,Email,Desktop,Canada,/products,9,601,False,False,0.0
SES00985,2024-08-12,2024-08,Paid Search,Desktop,Canada,/contact,1,30,True,False,0.0
SES00986,2025-01-11,2025-01,Email,Mobile,Canada,/home,4,269,False,False,0.0
SES00987,2025-01-16,2025-01,Paid Search,Desktop,Canada,/home,1,5,True,False,0.0
SES00988,2024-08-24,2024-08,Organic Search,Desktop,United States,/home,1,9,True,False,0.0
SES00989,2024-12-05,2024-12,Organic Search,Desktop,United States,/home,9,757,False,False,0.0
SES00990,2024-08-22,2024-08,Paid Search,Desktop,United States,/contact,1,17,True,False,0.0
SES00991,2024-10-04,2024-10,Email,Mobile,United States,/products,11,147,False,False,0.0
SES00992,2025-03-20,2025-03,Organic Search,Desktop,Canada,/checkout,1,19,True,False,0.0
SES00993,2024-07-14,2024-07,Email,Mobile,Australia,/sale,1,19,True,False,0.0
SES00994,2025-04-10,2025-04,Organic Search,Tablet,Canada,/sale,1,19,True,False,0.0
SES00995,2025-05-03,2025-05,Organic Search,Mobile,United States,/home,11,480,False,False,0.0
SES00996,2024-07-07,2024-07,Referral,Desktop,United States,/products,1,43,True,False,0.0
SES00997,2025-01-15,2025-01,Organic Search,Desktop,United States,/about,5,675,False,False,0.0
SES00998,2025-04-13,2025-04,Direct,Desktop,United States,/products,6,315,False,False,0.0
SES00999,2025-04-19,2025-04,Email,Desktop,United States,/cart,7,343,False,False,0.0
SES01000,2024-09-25,2024-09,Social Media,Desktop,Australia,/about,1,18,True,False,0.0
SES01001,2024-12-02,2024-12,Organic Search,Desktop,United States,/home,1,12,True,False,0.0
SES01002,2024-09-13,2024-09,Email,Tablet,United States,/home,1,19,True,False,0.0
SES01003,2025-02-08,2025-02,Organic Search,Desktop,United States,/products,1,8,True,False,0.0
SES01004,2024-12-01,2024-12,Email,Desktop,United States,/products,3,479,False,True,166.5
SES01005,2024-11-06,2024-11,Direct,Mobile,Canada,/products,10,285,False,False,0.0
SES01006,2025-03-11,2025-03,Social Media,Desktop,United States,/products,1,19,True,False,0.0
SES01007,2024-10-09,2024-10,Organic Search,Tablet,United States,/home,2,226,False,False,0.0
SES01008,2024-07-04,2024-07,Direct,Desktop,Germany,/cart,11,817,False,False,0.0
SES01009,2025-05-14,2025-05,Organic Search,Mobile,Canada,/products,1,13,True,False,0.0
SES01010,2024-12-16,2024-12,Direct,Desktop,Australia,/home,9,619,False,False,0.0
SES01011,2025-05-30,2025-05,Paid Search,Desktop,Australia,/about,10,426,False,False,0.0
SES01012,2024-12-12,2024-12,Direct,Desktop,Australia,/home,5,766,False,False,0.0
SES01013,2025-03-03,2025-03,Direct,Desktop,United Kingdom,/products,1,16,True,False,0.0
SES01014,2025-01-20,2025-01,Paid Search,Desktop,Australia,/home,8,305,False,False,0.0
SES01015,2025-06-21,2025-06,Direct,Desktop,Germany,/products,2,96,False,False,0.0
SES01016,2024-11-02,2024-11,Email,Desktop,United States,/home,1,40,True,False,0.0
SES01017,2024-11-21,2024-11,Direct,Tablet,United States,/home,6,639,False,False,0.0
SES01018,2024-08-28,2024-08,Paid Search,Mobile,United States,/products,10,290,False,False,0.0
SES01019,2025-04-06,2025-04,Email,Desktop,Canada,/blog,1,25,True,False,0.0
SES01020,2025-04-08,2025-04,Organic Search,Mobile,United States,/home,1,25,True,False,0.0
SES01021,2025-02-22,2025-02,Organic Search,Desktop,United States,/home,5,504,False,False,0.0
SES01022,2024-11-27,2024-11,Email,Desktop,United States,/sale,9,668,False,True,152.9
SES01023,2025-01-26,2025-01,Social Media,Tablet,United States,/products,10,130,False,False,0.0
SES01024,2024-12-03,2024-12,Organic Search,Mobile,Australia,/contact,1,27,True,False,0.0
SES01025,2025-06-03,2025-06,Organic Search,Mobile,Australia,/home,1,25,True,False,0.0
SES01026,2025-02-02,2025-02,Direct,Desktop,United States,/products,2,296,False,False,0.0
SES01027,2025-05-03,2025-05,Organic Search,Mobile,United States,/home,7,114,False,False,0.0
SES01028,2025-03-17,2025-03,Organic Search,Desktop,United Kingdom,/products,8,257,False,False,0.0
SES01029,2025-01-31,2025-01,Organic Search,Mobile,Australia,/home,3,334,False,False,0.0
SES01030,2025-01-01,2025-01,Email,Desktop,United States,/contact,5,388,False,False,0.0
SES01031,2025-05-01,2025-05,Organic Search,Desktop,United States,/sale,2,896,False,False,0.0
SES01032,2024-11-05,2024-11,Referral,Desktop,United States,/products,5,483,False,False,0.0
SES01033,2025-05-28,2025-05,Organic Search,Tablet,United Kingdom,/products,9,344,False,False,0.0
SES01034,2025-05-27,2025-05,Organic Search,Mobile,Canada,/products,10,782,False,False,0.0
SES01035,2024-12-17,2024-12,Direct,Desktop,United Kingdom,/home,2,700,False,False,0.0
SES01036,2024-07-06,2024-07,Organic Search,Desktop,United Kingdom,/products,1,39,True,False,0.0
SES01037,2024-10-22,2024-10,Direct,Desktop,United Kingdom,/home,2,168,False,False,0.0
SES01038,2025-04-24,2025-04,Paid Search,Desktop,United States,/sale,7,205,False,False,0.0
SES01039,2025-01-08,2025-01,Social Media,Desktop,Canada,/sale,1,33,True,False,0.0
SES01040,2025-06-13,2025-06,Organic Search,Desktop,Australia,/sale,5,461,False,False,0.0
SES01041,2024-12-24,2024-12,Organic Search,Desktop,United States,/about,9,314,False,False,0.0
SES01042,2024-11-29,2024-11,Direct,Mobile,United States,/sale,8,527,False,False,0.0
SES01043,2024-08-29,2024-08,Organic Search,Mobile,United States,/home,8,875,False,False,0.0
SES01044,2024-12-26,2024-12,Social Media,Desktop,United States,/products,1,5,True,False,0.0
SES01045,2025-02-19,2025-02,Social Media,Desktop,Australia,/about,11,417,False,False,0.0
SES01046,2024-12-26,2024-12,Social Media,Desktop,United Kingdom,/products,1,21,True,False,0.0
SES01047,2025-02-10,2025-02,Organic Search,Mobile,Canada,/sale,8,178,False,False,0.0
SES01048,2024-08-04,2024-08,Organic Search,Desktop,Germany,/home,1,38,True,False,0.0
SES01049,2025-06-29,2025-06,Social Media,Desktop,United Kingdom,/products,1,7,True,False,0.0
SES01050,2024-12-23,2024-12,Email,Mobile,United States,/home,2,578,False,False,0.0
SES01051,2024-09-23,2024-09,Organic Search,Mobile,United States,/about,5,705,False,False,0.0
SES01052,2025-03-22,2025-03,Social Media,Mobile,United States,/products,1,25,True,False,0.0
SES01053,2024-09-20,2024-09,Paid Search,Tablet,Germany,/checkout,1,41,True,False,0.0
SES01054,2025-02-04,2025-02,Organic Search,Desktop,United States,/products,9,520,False,False,0.0
SES01055,2025-01-24,2025-01,Email,Mobile,United States,/sale,9,300,False,False,0.0
SES01056,2025-06-02,2025-06,Organic Search,Mobile,United States,/products,5,407,False,True,181.01
SES01057,2025-05-11,2025-05,Social Media,Desktop,United Kingdom,/home,11,455,False,False,0.0
SES01058,2025-02-05,2025-02,Direct,Mobile,Germany,/home,6,552,False,False,0.0
SES01059,2024-10-14,2024-10,Direct,Tablet,United States,/about,1,20,True,False,0.0
SES01060,2025-06-26,2025-06,Direct,Desktop,United States,/products,8,176,False,False,0.0
SES01061,2024-08-22,2024-08,Direct,Mobile,United States,/home,8,125,False,False,0.0
SES01062,2025-01-04,2025-01,Email,Desktop,Canada,/home,1,20,True,False,0.0
SES01063,2025-02-20,2025-02,Paid Search,Desktop,Australia,/cart,1,27,True,False,0.0
SES01064,2025-06-09,2025-06,Organic Search,Mobile,United Kingdom,/about,10,394,False,False,0.0
SES01065,2025-05-24,2025-05,Direct,Mobile,United States,/sale,1,26,True,False,0.0
SES01066,2025-01-15,2025-01,Social Media,Desktop,United Kingdom,/home,1,41,True,False,0.0
SES01067,2025-04-27,2025-04,Paid Search,Desktop,United States,/home,1,22,True,False,0.0
SES01068,2024-12-28,2024-12,Organic Search,Desktop,United States,/products,3,409,False,False,0.0
SES01069,2025-06-10,2025-06,Direct,Desktop,Australia,/products,8,360,False,False,0.0
SES01070,2025-05-11,2025-05,Social Media,Mobile,United States,/sale,1,30,True,False,0.0
SES01071,2025-06-10,2025-06,Organic Search,Desktop,United States,/products,1,27,True,False,0.0
SES01072,2024-08-30,2024-08,Social Media,Tablet,United States,/products,1,23,True,False,0.0
SES01073,2024-08-29,2024-08,Social Media,Desktop,United States,/products,1,8,True,False,0.0
SES01074,2025-06-21,2025-06,Paid Search,Mobile,United States,/sale,1,42,True,False,0.0
SES01075,2025-01-15,2025-01,Direct,Mobile,United Kingdom,/blog,3,662,False,False,0.0
SES01076,2025-01-13,2025-01,Organic Search,Mobile,Australia,/products,4,730,False,False,0.0
SES01077,2025-04-02,2025-04,Organic Search,Mobile,Canada,/sale,4,269,False,False,0.0
SES01078,2024-09-27,2024-09,Organic Search,Mobile,United Kingdom,/cart,3,247,False,False,0.0
SES01079,2024-09-10,2024-09,Social Media,Tablet,United States,/products,1,25,True,False,0.0
SES01080,2025-02-16,2025-02,Organic Search,Tablet,United States,/products,11,760,False,False,0.0
SES01081,2024-07-05,2024-07,Social Media,Mobile,United States,/home,1,9,True,False,0.0
SES01082,2024-10-08,2024-10,Organic Search,Mobile,United States,/sale,5,106,False,False,0.0
SES01083,2025-03-16,2025-03,Email,Desktop,United States,/home,7,214,False,False,0.0
SES01084,2025-03-09,2025-03,Social Media,Desktop,United States,/checkout,1,15,True,False,0.0
SES01085,2025-02-13,2025-02,Paid Search,Desktop,Canada,/products,9,430,False,False,0.0
SES01086,2024-07-16,2024-07,Direct,Desktop,Canada,/products,3,308,False,False,0.0
SES01087,2024-07-17,2024-07,Paid Search,Mobile,Canada,/about,1,20,True,False,0.0
SES01088,2025-04-02,2025-04,Email,Desktop,United States,/contact,1,44,True,False,0.0
SES01089,2025-02-20,2025-02,Organic Search,Mobile,United States,/home,6,284,False,False,0.0
SES01090,2025-03-11,2025-03,Paid Search,Desktop,Germany,/contact,4,876,False,False,0.0
SES01091,2024-08-28,2024-08,Direct,Mobile,Canada,/sale,1,11,True,False,0.0
SES01092,2025-04-05,2025-04,Direct,Desktop,Canada,/products,10,188,False,False,0.0
SES01093,2024-07-22,2024-07,Organic Search,Desktop,United States,/products,7,696,False,False,0.0
SES01094,2024-10-20,2024-10,Organic Search,Mobile,United States,/sale,3,263,False,False,0.0
SES01095,2025-05-31,2025-05,Direct,Desktop,Germany,/home,2,268,False,False,0.0
SES01096,2024-07-17,2024-07,Paid Search,Desktop,Germany,/home,1,7,True,False,0.0
SES01097,2024-12-26,2024-12,Direct,Desktop,United States,/products,11,508,False,False,0.0
SES01098,2024-08-30,2024-08,Organic Search,Tablet,Germany,/home,9,75,False,False,0.0
SES01099,2025-04-28,2025-04,Social Media,Desktop,Australia,/sale,3,838,False,False,0.0
SES01100,2025-05-09,2025-05,Social Media,Desktop,Australia,/contact,1,17,True,False,0.0
SES01101,2024-09-23,2024-09,Referral,Desktop,United States,/products,8,374,False,False,0.0
SES01102,2024-10-14,2024-10,Paid Search,Desktop,Australia,/home,3,514,False,False,0.0
SES01103,2025-03-30,2025-03,Organic Search,Mobile,Canada,/home,1,17,True,False,0.0
SES01104,2025-04-02,2025-04,Organic Search,Desktop,United States,/home,1,29,True,False,0.0
SES01105,2025-06-26,2025-06,Paid Search,Desktop,United States,/products,1,28,True,False,0.0
SES01106,2025-04-20,2025-04,Direct,Desktop,United States,/home,1,40,True,False,0.0
SES01107,2025-03-21,2025-03,Organic Search,Desktop,United States,/products,3,80,False,False,0.0
SES01108,2024-08-18,2024-08,Organic Search,Desktop,United States,/home,1,30,True,False,0.0
SES01109,2025-01-27,2025-01,Paid Search,Mobile,United States,/checkout,2,160,False,False,0.0
SES01110,2025-06-01,2025-06,Organic Search,Desktop,United States,/sale,1,43,True,False,0.0
SES01111,2024-09-06,2024-09,Organic Search,Mobile,United States,/home,1,41,True,False,0.0
SES01112,2025-06-30,2025-06,Social Media,Desktop,United States,/home,1,16,True,False,0.0
SES01113,2024-11-04,2024-11,Organic Search,Mobile,Australia,/contact,2,128,False,False,0.0
SES01114,2025-03-08,2025-03,Email,Mobile,United States,/home,1,13,True,False,0.0
SES01115,2025-05-20,2025-05,Organic Search,Desktop,United States,/products,1,10,True,False,0.0
SES01116,2025-01-29,2025-01,Direct,Desktop,United States,/sale,1,43,True,False,0.0
SES01117,2024-08-08,2024-08,Organic Search,Mobile,United States,/sale,7,488,False,False,0.0
SES01118,2024-08-17,2024-08,Direct,Tablet,United States,/home,10,520,False,False,0.0
SES01119,2025-06-21,2025-06,Organic Search,Mobile,Germany,/cart,3,295,False,False,0.0
SES01120,2025-03-07,2025-03,Direct,Tablet,United States,/home,1,37,True,False,0.0
SES01121,2024-07-02,2024-07,Organic Search,Desktop,United States,/checkout,10,312,False,False,0.0
SES01122,2024-08-17,2024-08,Organic Search,Desktop,Germany,/sale,10,750,False,False,0.0
SES01123,2025-06-06,2025-06,Organic Search,Tablet,United Kingdom,/home,7,868,False,False,0.0
SES01124,2025-03-31,2025-03,Direct,Mobile,United Kingdom,/home,6,117,False,False,0.0
SES01125,2024-10-17,2024-10,Organic Search,Mobile,Germany,/products,3,345,False,False,0.0
SES01126,2024-11-23,2024-11,Organic Search,Desktop,United States,/blog,1,30,True,False,0.0
SES01127,2025-04-22,2025-04,Direct,Mobile,United States,/products,1,16,True,False,0.0
SES01128,2025-03-06,2025-03,Paid Search,Mobile,United States,/products,6,159,False,False,0.0
SES01129,2024-07-25,2024-07,Organic Search,Desktop,Australia,/home,1,34,True,False,0.0
SES01130,2025-05-17,2025-05,Paid Search,Desktop,Germany,/cart,10,334,False,False,0.0
SES01131,2024-09-02,2024-09,Paid Search,Mobile,United States,/home,9,85,False,False,0.0
SES01132,2025-02-19,2025-02,Paid Search,Mobile,United States,/about,1,37,True,False,0.0
SES01133,2025-02-05,2025-02,Paid Search,Mobile,United States,/checkout,1,30,True,False,0.0
SES01134,2025-06-18,2025-06,Organic Search,Desktop,United States,/home,2,341,False,False,0.0
SES01135,2024-12-02,2024-12,Direct,Mobile,United States,/products,1,37,True,False,0.0
SES01136,2024-11-18,2024-11,Paid Search,Desktop,United States,/products,1,43,True,False,0.0
SES01137,2025-01-01,2025-01,Paid Search,Desktop,United States,/home,1,10,True,False,0.0
SES01138,2025-01-07,2025-01,Social Media,Desktop,Canada,/sale,9,844,False,False,0.0
SES01139,2024-07-27,2024-07,Paid Search,Desktop,Australia,/products,1,10,True,False,0.0
SES01140,2024-12-04,2024-12,Paid Search,Tablet,United States,/cart,8,163,False,False,0.0
SES01141,2025-02-05,2025-02,Organic Search,Mobile,United States,/about,10,138,False,False,0.0
SES01142,2024-07-01,2024-07,Paid Search,Mobile,Australia,/contact,1,39,True,False,0.0
SES01143,2024-08-09,2024-08,Paid Search,Desktop,Germany,/sale,1,23,True,False,0.0
SES01144,2024-10-24,2024-10,Organic Search,Tablet,United States,/sale,10,665,False,False,0.0
SES01145,2024-07-05,2024-07,Paid Search,Tablet,United States,/products,10,189,False,False,0.0
SES01146,2025-02-02,2025-02,Organic Search,Desktop,United States,/products,8,885,False,False,0.0
SES01147,2024-10-26,2024-10,Organic Search,Desktop,United States,/products,1,20,True,False,0.0
SES01148,2024-08-22,2024-08,Email,Tablet,United States,/products,1,27,True,False,0.0
SES01149,2025-01-05,2025-01,Referral,Mobile,United States,/blog,11,393,False,False,0.0
SES01150,2024-09-07,2024-09,Social Media,Desktop,United States,/sale,1,22,True,False,0.0
SES01151,2025-06-12,2025-06,Paid Search,Mobile,United Kingdom,/products,1,10,True,False,0.0
SES01152,2025-03-29,2025-03,Paid Search,Desktop,United States,/sale,9,565,False,False,0.0
SES01153,2024-09-23,2024-09,Email,Mobile,United Kingdom,/home,7,274,False,False,0.0
SES01154,2025-05-18,2025-05,Email,Desktop,Germany,/home,2,787,False,False,0.0
SES01155,2025-05-12,2025-05,Referral,Desktop,United States,/blog,8,436,False,False,0.0
SES01156,2024-08-14,2024-08,Organic Search,Mobile,Australia,/sale,6,117,False,False,0.0
SES01157,2024-09-02,2024-09,Organic Search,Mobile,United States,/products,7,719,False,False,0.0
SES01158,2025-02-05,2025-02,Direct,Desktop,Canada,/products,1,7,True,False,0.0
SES01159,2024-09-10,2024-09,Direct,Desktop,Australia,/sale,1,29,True,False,0.0
SES01160,2025-05-27,2025-05,Organic Search,Mobile,Canada,/sale,1,43,True,False,0.0
SES01161,2025-04-10,2025-04,Organic Search,Mobile,United Kingdom,/blog,6,531,False,False,0.0
SES01162,2024-11-23,2024-11,Social Media,Mobile,United States,/sale,3,391,False,False,0.0
SES01163,2025-06-03,2025-06,Organic Search,Desktop,Germany,/cart,9,874,False,False,0.0
SES01164,2025-05-07,2025-05,Paid Search,Desktop,United States,/sale,3,586,False,False,0.0
SES01165,2024-11-29,2024-11,Organic Search,Mobile,United States,/about,9,364,False,False,0.0
SES01166,2024-10-31,2024-10,Paid Search,Desktop,United States,/home,4,533,False,False,0.0
SES01167,2025-03-13,2025-03,Direct,Mobile,United States,/products,10,848,False,False,0.0
SES01168,2024-07-07,2024-07,Email,Desktop,Germany,/products,5,217,False,False,0.0
SES01169,2024-09-06,2024-09,Social Media,Desktop,United States,/products,1,37,True,False,0.0
SES01170,2025-04-18,2025-04,Social Media,Desktop,United States,/products,1,21,True,False,0.0
SES01171,2025-04-06,2025-04,Email,Tablet,United States,/products,10,767,False,False,0.0
SES01172,2024-08-07,2024-08,Referral,Mobile,United States,/about,1,34,True,False,0.0
SES01173,2024-08-04,2024-08,Organic Search,Desktop,United States,/products,1,44,True,False,0.0
SES01174,2024-10-19,2024-10,Organic Search,Desktop,Canada,/products,1,21,True,False,0.0
SES01175,2024-07-31,2024-07,Organic Search,Desktop,United States,/about,10,663,False,False,0.0
SES01176,2024-11-24,2024-11,Direct,Desktop,United States,/home,8,828,False,False,0.0
SES01177,2025-01-29,2025-01,Email,Tablet,United States,/products,10,565,False,False,0.0
SES01178,2025-05-24,2025-05,Email,Desktop,Canada,/products,11,795,False,False,0.0
SES01179,2024-11-20,2024-11,Organic Search,Desktop,United States,/home,1,31,True,False,0.0
SES01180,2024-08-10,2024-08,Paid Search,Tablet,United States,/home,11,196,False,False,0.0
SES01181,2024-09-18,2024-09,Direct,Tablet,United States,/sale,4,112,False,False,0.0
SES01182,2025-05-21,2025-05,Organic Search,Desktop,United Kingdom,/cart,8,159,False,False,0.0
SES01183,2025-05-26,2025-05,Direct,Desktop,United States,/sale,1,41,True,False,0.0
SES01184,2025-06-23,2025-06,Social Media,Mobile,United States,/home,1,19,True,False,0.0
SES01185,2024-10-31,2024-10,Direct,Mobile,United States,/checkout,1,15,True,False,0.0
SES01186,2024-08-14,2024-08,Paid Search,Tablet,Canada,/home,3,498,False,False,0.0
SES01187,2025-05-10,2025-05,Organic Search,Desktop,United States,/blog,4,752,False,False,0.0
SES01188,2025-06-02,2025-06,Direct,Desktop,Canada,/home,11,230,False,False,0.0
SES01189,2025-06-28,2025-06,Referral,Mobile,United States,/contact,1,36,True,False,0.0
SES01190,2024-07-06,2024-07,Organic Search,Desktop,United States,/products,1,13,True,False,0.0
SES01191,2024-12-25,2024-12,Organic Search,Mobile,United States,/products,9,302,False,False,0.0
SES01192,2024-11-10,2024-11,Organic Search,Desktop,United States,/cart,1,18,True,False,0.0
SES01193,2024-09-03,2024-09,Direct,Desktop,United States,/products,8,539,False,False,0.0
SES01194,2024-08-30,2024-08,Organic Search,Tablet,United States,/checkout,7,430,False,True,45.21
SES01195,2025-02-05,2025-02,Organic Search,Desktop,United States,/home,1,44,True,False,0.0
SES01196,2024-08-02,2024-08,Email,Mobile,United States,/home,1,16,True,False,0.0
SES01197,2025-04-22,2025-04,Organic Search,Desktop,Canada,/products,3,529,False,False,0.0
SES01198,2025-03-19,2025-03,Organic Search,Mobile,Australia,/products,1,18,True,False,0.0
SES01199,2025-03-13,2025-03,Paid Search,Desktop,United States,/home,9,534,False,False,0.0
SES01200,2024-09-19,2024-09,Email,Desktop,United States,/products,1,30,True,False,0.0
SES01201,2024-08-22,2024-08,Organic Search,Mobile,Canada,/home,8,535,False,False,0.0
SES01202,2024-08-29,2024-08,Organic Search,Desktop,Germany,/home,1,29,True,False,0.0
SES01203,2025-03-18,2025-03,Direct,Tablet,United States,/home,1,24,True,False,0.0
SES01204,2024-07-07,2024-07,Organic Search,Desktop,United States,/products,1,27,True,False,0.0
SES01205,2025-02-27,2025-02,Email,Desktop,United States,/about,4,269,False,False,0.0
SES01206,2024-09-30,2024-09,Organic Search,Desktop,United States,/home,10,462,False,False,0.0
SES01207,2025-04-10,2025-04,Email,Desktop,United States,/home,5,206,False,False,0.0
SES01208,2025-06-01,2025-06,Direct,Mobile,United Kingdom,/home,11,398,False,False,0.0
SES01209,2025-01-30,2025-01,Email,Desktop,Germany,/checkout,3,775,False,False,0.0
SES01210,2024-08-09,2024-08,Referral,Desktop,United States,/sale,3,772,False,False,0.0
SES01211,2025-06-10,2025-06,Direct,Desktop,United Kingdom,/contact,9,817,False,False,0.0
SES01212,2025-03-22,2025-03,Paid Search,Mobile,United States,/checkout,4,539,False,False,0.0
SES01213,2024-08-05,2024-08,Social Media,Mobile,United States,/sale,6,844,False,False,0.0
SES01214,2024-12-07,2024-12,Paid Search,Tablet,United States,/home,1,39,True,False,0.0
SES01215,2025-04-10,2025-04,Referral,Mobile,Germany,/sale,1,7,True,False,0.0
SES01216,2025-01-05,2025-01,Paid Search,Desktop,Canada,/products,1,15,True,False,0.0
SES01217,2025-04-15,2025-04,Direct,Desktop,United States,/home,9,881,False,False,0.0
SES01218,2024-11-02,2024-11,Paid Search,Desktop,United States,/sale,2,220,False,False,0.0
SES01219,2025-03-10,2025-03,Paid Search,Mobile,United States,/home,2,264,False,False,0.0
SES01220,2025-04-06,2025-04,Direct,Mobile,United States,/sale,10,712,False,False,0.0
SES01221,2024-07-04,2024-07,Paid Search,Desktop,United States,/home,2,292,False,True,116.96
SES01222,2025-04-04,2025-04,Paid Search,Desktop,United States,/about,1,40,True,False,0.0
SES01223,2025-06-21,2025-06,Paid Search,Desktop,Canada,/home,9,177,False,False,0.0
SES01224,2024-07-01,2024-07,Paid Search,Desktop,United States,/sale,7,294,False,False,0.0
SES01225,2024-12-05,2024-12,Social Media,Mobile,United Kingdom,/products,1,37,True,False,0.0
SES01226,2025-03-29,2025-03,Organic Search,Tablet,United States,/home,8,290,False,False,0.0
SES01227,2024-07-31,2024-07,Email,Tablet,United States,/products,8,434,False,False,0.0
SES01228,2024-11-21,2024-11,Organic Search,Desktop,United States,/products,1,33,True,False,0.0
SES01229,2024-10-27,2024-10,Organic Search,Mobile,United States,/products,2,335,False,False,0.0
SES01230,2025-06-24,2025-06,Email,Mobile,United States,/sale,10,392,False,False,0.0
SES01231,2024-08-13,2024-08,Direct,Mobile,Australia,/home,7,448,False,False,0.0
SES01232,2025-05-23,2025-05,Organic Search,Mobile,United States,/cart,8,481,False,False,0.0
SES01233,2025-04-17,2025-04,Paid Search,Tablet,United States,/checkout,1,26,True,False,0.0
SES01234,2025-06-05,2025-06,Organic Search,Desktop,Canada,/sale,11,263,False,False,0.0
SES01235,2024-11-11,2024-11,Organic Search,Desktop,United States,/products,11,440,False,False,0.0
SES01236,2025-01-18,2025-01,Direct,Mobile,United States,/cart,2,267,False,False,0.0
SES01237,2024-12-10,2024-12,Email,Desktop,United States,/products,10,671,False,False,0.0
SES01238,2024-10-12,2024-10,Organic Search,Desktop,United Kingdom,/products,1,13,True,False,0.0
SES01239,2025-04-26,2025-04,Organic Search,Mobile,United Kingdom,/about,1,19,True,False,0.0
SES01240,2024-08-24,2024-08,Paid Search,Tablet,United States,/home,1,42,True,False,0.0
SES01241,2025-02-24,2025-02,Direct,Desktop,Canada,/products,1,29,True,False,0.0
SES01242,2024-08-31,2024-08,Organic Search,Mobile,Canada,/contact,9,692,False,False,0.0
SES01243,2024-10-15,2024-10,Paid Search,Mobile,United States,/sale,10,373,False,False,0.0
SES01244,2024-08-31,2024-08,Organic Search,Mobile,United States,/home,1,24,True,False,0.0
SES01245,2025-06-17,2025-06,Organic Search,Mobile,United States,/contact,1,44,True,False,0.0
SES01246,2025-06-26,2025-06,Paid Search,Desktop,United States,/home,11,172,False,True,32.39
SES01247,2024-12-15,2024-12,Paid Search,Mobile,United States,/about,1,42,True,False,0.0
SES01248,2025-06-30,2025-06,Direct,Tablet,Canada,/cart,1,14,True,False,0.0
SES01249,2024-12-30,2024-12,Paid Search,Mobile,United Kingdom,/products,1,40,True,False,0.0
SES01250,2024-07-26,2024-07,Direct,Desktop,United States,/checkout,10,761,False,False,0.0
SES01251,2024-09-28,2024-09,Direct,Mobile,United States,/products,1,16,True,False,0.0
SES01252,2025-01-24,2025-01,Organic Search,Mobile,United States,/sale,4,362,False,False,0.0
SES01253,2025-04-08,2025-04,Organic Search,Desktop,Germany,/products,1,43,True,False,0.0
SES01254,2025-02-22,2025-02,Organic Search,Desktop,United States,/about,1,5,True,False,0.0
SES01255,2024-09-10,2024-09,Paid Search,Desktop,Australia,/products,1,11,True,False,0.0
SES01256,2024-08-01,2024-08,Organic Search,Mobile,United States,/home,11,851,False,False,0.0
SES01257,2024-09-05,2024-09,Organic Search,Desktop,United Kingdom,/about,1,17,True,False,0.0
SES01258,2025-01-22,2025-01,Email,Mobile,United States,/checkout,3,514,False,False,0.0
SES01259,2025-05-27,2025-05,Organic Search,Mobile,United States,/about,1,43,True,False,0.0
SES01260,2025-04-27,2025-04,Referral,Desktop,United States,/home,1,6,True,False,0.0
SES01261,2024-08-08,2024-08,Referral,Mobile,Australia,/about,1,23,True,False,0.0
SES01262,2024-08-03,2024-08,Organic Search,Desktop,United Kingdom,/home,1,15,True,False,0.0
SES01263,2025-05-27,2025-05,Email,Desktop,United States,/home,7,422,False,False,0.0
SES01264,2024-12-17,2024-12,Email,Desktop,United States,/home,1,41,True,False,0.0
SES01265,2025-02-22,2025-02,Organic Search,Desktop,Germany,/sale,1,5,True,False,0.0
SES01266,2025-04-20,2025-04,Paid Search,Desktop,United States,/products,1,17,True,False,0.0
SES01267,2025-01-19,2025-01,Paid Search,Desktop,United States,/home,2,498,False,False,0.0
SES01268,2025-02-04,2025-02,Organic Search,Desktop,Australia,/sale,1,29,True,False,0.0
SES01269,2024-10-18,2024-10,Paid Search,Mobile,United States,/checkout,6,776,False,False,0.0
SES01270,2025-02-14,2025-02,Direct,Desktop,Canada,/products,2,329,False,True,63.12
SES01271,2025-05-14,2025-05,Direct,Tablet,United Kingdom,/home,9,403,False,False,0.0
SES01272,2025-03-13,2025-03,Paid Search,Mobile,Australia,/cart,1,14,True,False,0.0
SES01273,2025-04-08,2025-04,Direct,Desktop,United States,/home,11,648,False,False,0.0
SES01274,2025-01-13,2025-01,Social Media,Desktop,United States,/products,1,34,True,False,0.0
SES01275,2024-10-11,2024-10,Paid Search,Tablet,United States,/about,2,867,False,False,0.0
SES01276,2024-11-05,2024-11,Paid Search,Mobile,United States,/checkout,10,797,False,False,0.0
SES01277,2024-07-10,2024-07,Organic Search,Desktop,United States,/contact,8,82,False,False,0.0
SES01278,2024-12-31,2024-12,Organic Search,Mobile,United States,/sale,3,81,False,False,0.0
SES01279,2024-12-24,2024-12,Direct,Mobile,United States,/home,9,235,False,False,0.0
SES01280,2025-01-15,2025-01,Paid Search,Mobile,United Kingdom,/about,1,40,True,False,0.0
SES01281,2024-07-14,2024-07,Organic Search,Desktop,United States,/about,1,11,True,False,0.0
SES01282,2024-10-21,2024-10,Paid Search,Desktop,Canada,/products,1,28,True,False,0.0
SES01283,2024-11-21,2024-11,Paid Search,Mobile,United States,/products,1,6,True,False,0.0
SES01284,2025-02-27,2025-02,Social Media,Mobile,United States,/cart,1,15,True,False,0.0
SES01285,2025-04-26,2025-04,Paid Search,Mobile,Australia,/sale,3,130,False,False,0.0
SES01286,2024-08-21,2024-08,Organic Search,Desktop,United States,/products,1,24,True,False,0.0
SES01287,2024-11-01,2024-11,Paid Search,Desktop,United States,/home,1,15,True,False,0.0
SES01288,2024-07-29,2024-07,Direct,Desktop,United Kingdom,/products,8,208,False,False,0.0
SES01289,2025-04-21,2025-04,Social Media,Desktop,Canada,/home,2,851,False,False,0.0
SES01290,2024-12-29,2024-12,Social Media,Desktop,United States,/home,9,776,False,False,0.0
SES01291,2024-09-27,2024-09,Organic Search,Mobile,United States,/sale,1,15,True,False,0.0
SES01292,2025-04-30,2025-04,Email,Desktop,Canada,/home,1,43,True,False,0.0
SES01293,2025-06-23,2025-06,Organic Search,Mobile,United States,/checkout,1,18,True,False,0.0
SES01294,2025-04-29,2025-04,Paid Search,Desktop,United States,/products,1,30,True,False,0.0
SES01295,2025-06-24,2025-06,Direct,Desktop,United Kingdom,/home,1,34,True,False,0.0
SES01296,2025-04-17,2025-04,Organic Search,Desktop,United States,/products,2,700,False,False,0.0
SES01297,2024-10-05,2024-10,Email,Mobile,Canada,/cart,5,164,False,False,0.0
SES01298,2025-03-10,2025-03,Paid Search,Desktop,United States,/home,7,782,False,False,0.0
SES01299,2024-07-20,2024-07,Direct,Desktop,United States,/sale,1,41,True,False,0.0
SES01300,2024-10-28,2024-10,Email,Mobile,United States,/sale,7,633,False,True,28.89
SES01301,2025-03-02,2025-03,Paid Search,Mobile,United States,/home,1,14,True,False,0.0
SES01302,2025-05-11,2025-05,Organic Search,Desktop,United States,/contact,1,22,True,False,0.0
SES01303,2024-09-05,2024-09,Email,Desktop,United States,/about,1,13,True,False,0.0
SES01304,2024-09-29,2024-09,Direct,Mobile,United States,/blog,6,452,False,False,0.0
SES01305,2024-12-13,2024-12,Organic Search,Tablet,United States,/home,1,26,True,False,0.0
SES01306,2024-09-14,2024-09,Paid Search,Mobile,United States,/contact,10,221,False,False,0.0
SES01307,2024-08-26,2024-08,Referral,Desktop,United States,/home,7,864,False,False,0.0
SES01308,2024-08-07,2024-08,Organic Search,Mobile,Australia,/blog,1,40,True,False,0.0
SES01309,2025-06-05,2025-06,Direct,Desktop,United States,/products,5,505,False,False,0.0
SES01310,2024-12-02,2024-12,Organic Search,Mobile,United Kingdom,/home,1,41,True,False,0.0
SES01311,2024-09-19,2024-09,Paid Search,Tablet,United States,/products,8,336,False,False,0.0
SES01312,2025-05-24,2025-05,Paid Search,Desktop,Canada,/cart,10,605,False,False,0.0
SES01313,2024-09-28,2024-09,Social Media,Mobile,United States,/checkout,7,124,False,False,0.0
SES01314,2025-05-11,2025-05,Organic Search,Mobile,United States,/home,8,555,False,False,0.0
SES01315,2025-04-28,2025-04,Organic Search,Desktop,United States,/sale,11,158,False,False,0.0
SES01316,2025-06-18,2025-06,Paid Search,Mobile,United Kingdom,/contact,1,12,True,False,0.0
SES01317,2024-09-29,2024-09,Organic Search,Desktop,United Kingdom,/home,2,79,False,False,0.0
SES01318,2025-04-20,2025-04,Social Media,Desktop,United States,/products,1,29,True,False,0.0
SES01319,2025-04-17,2025-04,Direct,Mobile,United Kingdom,/contact,1,14,True,False,0.0
SES01320,2025-05-05,2025-05,Referral,Desktop,United Kingdom,/home,1,20,True,False,0.0
SES01321,2025-05-10,2025-05,Direct,Desktop,Australia,/home,1,12,True,False,0.0
SES01322,2025-04-16,2025-04,Email,Desktop,United States,/home,1,15,True,False,0.0
SES01323,2025-03-12,2025-03,Organic Search,Tablet,Australia,/home,1,14,True,False,0.0
SES01324,2024-08-09,2024-08,Social Media,Desktop,United States,/checkout,1,8,True,False,0.0
SES01325,2024-12-11,2024-12,Paid Search,Desktop,United Kingdom,/products,1,43,True,False,0.0
SES01326,2024-08-15,2024-08,Email,Mobile,United States,/products,10,163,False,False,0.0
SES01327,2024-12-19,2024-12,Direct,Desktop,United States,/cart,11,485,False,False,0.0
SES01328,2024-11-05,2024-11,Paid Search,Desktop,United States,/home,10,727,False,False,0.0
SES01329,2024-08-25,2024-08,Organic Search,Desktop,Canada,/products,3,515,False,False,0.0
SES01330,2025-02-10,2025-02,Organic Search,Desktop,United States,/products,11,215,False,False,0.0
SES01331,2025-01-28,2025-01,Organic Search,Desktop,United States,/products,11,329,False,False,0.0
SES01332,2025-04-06,2025-04,Organic Search,Desktop,United States,/products,1,7,True,False,0.0
SES01333,2025-03-03,2025-03,Paid Search,Mobile,Canada,/products,11,163,False,False,0.0
SES01334,2025-06-17,2025-06,Organic Search,Desktop,United States,/home,1,23,True,False,0.0
SES01335,2025-02-17,2025-02,Email,Mobile,Canada,/about,1,26,True,False,0.0
SES01336,2024-07-18,2024-07,Organic Search,Mobile,United Kingdom,/products,1,25,True,False,0.0
SES01337,2024-12-11,2024-12,Organic Search,Desktop,Australia,/sale,1,15,True,False,0.0
SES01338,2024-08-23,2024-08,Social Media,Mobile,United States,/home,1,34,True,False,0.0
SES01339,2024-09-26,2024-09,Email,Desktop,United States,/sale,5,710,False,False,0.0
SES01340,2024-08-08,2024-08,Organic Search,Desktop,United States,/sale,11,673,False,False,0.0
SES01341,2024-08-17,2024-08,Direct,Desktop,United States,/home,1,17,True,False,0.0
SES01342,2025-05-11,2025-05,Organic Search,Mobile,United States,/about,11,772,False,False,0.0
SES01343,2025-02-06,2025-02,Email,Mobile,United States,/sale,2,211,False,False,0.0
SES01344,2025-02-08,2025-02,Organic Search,Desktop,Australia,/home,1,6,True,False,0.0
SES01345,2024-08-21,2024-08,Organic Search,Tablet,United States,/products,1,24,True,False,0.0
SES01346,2024-10-06,2024-10,Paid Search,Mobile,Canada,/about,1,37,True,False,0.0
SES01347,2025-04-10,2025-04,Referral,Tablet,Australia,/products,8,777,False,False,0.0
SES01348,2024-11-13,2024-11,Email,Mobile,United States,/home,11,617,False,False,0.0
SES01349,2024-08-19,2024-08,Direct,Mobile,United Kingdom,/home,1,33,True,False,0.0
SES01350,2025-04-19,2025-04,Social Media,Mobile,United Kingdom,/home,1,6,True,False,0.0
SES01351,2025-03-09,2025-03,Paid Search,Mobile,United States,/products,1,27,True,False,0.0
SES01352,2025-01-01,2025-01,Email,Desktop,United Kingdom,/products,1,19,True,False,0.0
SES01353,2024-08-14,2024-08,Organic Search,Mobile,United States,/cart,1,22,True,False,0.0
SES01354,2025-06-04,2025-06,Email,Desktop,United States,/home,2,192,False,False,0.0
SES01355,2024-08-19,2024-08,Social Media,Desktop,United States,/products,1,41,True,False,0.0
SES01356,2024-09-26,2024-09,Organic Search,Mobile,United States,/home,10,226,False,False,0.0
SES01357,2025-02-28,2025-02,Direct,Mobile,United States,/home,4,891,False,False,0.0
SES01358,2025-01-20,2025-01,Social Media,Mobile,United Kingdom,/contact,1,13,True,False,0.0
SES01359,2025-06-04,2025-06,Direct,Desktop,United States,/about,1,8,True,False,0.0
SES01360,2025-05-25,2025-05,Paid Search,Desktop,Canada,/home,5,424,False,False,0.0
SES01361,2025-01-12,2025-01,Paid Search,Mobile,United States,/products,1,41,True,False,0.0
SES01362,2025-02-14,2025-02,Email,Desktop,United States,/products,1,13,True,False,0.0
SES01363,2025-02-11,2025-02,Organic Search,Tablet,United States,/about,2,73,False,False,0.0
SES01364,2024-11-15,2024-11,Organic Search,Desktop,Australia,/products,4,206,False,False,0.0
SES01365,2025-06-22,2025-06,Paid Search,Desktop,United States,/checkout,2,405,False,False,0.0
SES01366,2024-12-24,2024-12,Email,Tablet,United States,/sale,9,682,False,False,0.0
SES01367,2025-04-28,2025-04,Direct,Desktop,United States,/home,1,39,True,False,0.0
SES01368,2024-08-01,2024-08,Paid Search,Desktop,United States,/blog,6,421,False,False,0.0
SES01369,2025-01-31,2025-01,Social Media,Desktop,Australia,/cart,11,162,False,False,0.0
SES01370,2025-03-01,2025-03,Organic Search,Mobile,United States,/products,4,723,False,False,0.0
SES01371,2024-12-01,2024-12,Direct,Mobile,United States,/home,1,31,True,False,0.0
SES01372,2024-07-18,2024-07,Organic Search,Tablet,Canada,/home,11,890,False,False,0.0
SES01373,2025-04-19,2025-04,Organic Search,Mobile,Canada,/home,7,163,False,False,0.0
SES01374,2024-08-31,2024-08,Organic Search,Tablet,Germany,/home,8,117,False,False,0.0
SES01375,2024-09-24,2024-09,Direct,Mobile,Germany,/about,6,690,False,False,0.0
SES01376,2024-09-03,2024-09,Organic Search,Mobile,United States,/checkout,1,16,True,False,0.0
SES01377,2024-08-10,2024-08,Social Media,Desktop,Canada,/sale,9,871,False,False,0.0
SES01378,2025-05-18,2025-05,Social Media,Mobile,United States,/about,1,26,True,False,0.0
SES01379,2025-05-01,2025-05,Organic Search,Desktop,Australia,/home,1,30,True,False,0.0
SES01380,2024-08-04,2024-08,Direct,Mobile,Canada,/home,1,13,True,False,0.0
SES01381,2025-04-11,2025-04,Referral,Mobile,United Kingdom,/sale,1,25,True,False,0.0
SES01382,2024-12-14,2024-12,Social Media,Desktop,Australia,/about,9,155,False,False,0.0
SES01383,2024-07-07,2024-07,Organic Search,Desktop,United States,/about,2,471,False,False,0.0
SES01384,2025-03-25,2025-03,Referral,Mobile,United States,/checkout,7,303,False,False,0.0
SES01385,2024-09-15,2024-09,Organic Search,Mobile,United States,/cart,1,13,True,False,0.0
SES01386,2025-04-28,2025-04,Direct,Mobile,United States,/about,11,312,False,False,0.0
SES01387,2024-08-21,2024-08,Paid Search,Mobile,United States,/about,4,339,False,False,0.0
SES01388,2024-08-21,2024-08,Paid Search,Tablet,United Kingdom,/home,11,332,False,False,0.0
SES01389,2024-12-24,2024-12,Referral,Desktop,United States,/products,10,382,False,False,0.0
SES01390,2025-06-01,2025-06,Direct,Desktop,United States,/sale,4,598,False,False,0.0
SES01391,2024-07-20,2024-07,Paid Search,Desktop,United States,/checkout,1,8,True,False,0.0
SES01392,2025-01-23,2025-01,Organic Search,Mobile,Australia,/contact,1,30,True,False,0.0
SES01393,2025-05-08,2025-05,Email,Desktop,Australia,/home,6,794,False,False,0.0
SES01394,2025-01-19,2025-01,Paid Search,Desktop,United Kingdom,/products,10,82,False,False,0.0
SES01395,2024-10-30,2024-10,Organic Search,Desktop,United States,/sale,1,15,True,False,0.0
SES01396,2025-03-01,2025-03,Organic Search,Desktop,United States,/products,11,401,False,False,0.0
SES01397,2024-07-11,2024-07,Organic Search,Mobile,United States,/sale,1,22,True,False,0.0
SES01398,2024-12-03,2024-12,Direct,Desktop,Canada,/home,1,35,True,False,0.0
SES01399,2025-03-09,2025-03,Paid Search,Desktop,Canada,/home,10,61,False,False,0.0
SES01400,2024-10-25,2024-10,Social Media,Tablet,United States,/products,1,31,True,False,0.0
SES01401,2025-02-12,2025-02,Social Media,Desktop,United States,/products,2,575,False,False,0.0
SES01402,2025-01-30,2025-01,Email,Tablet,United States,/cart,11,246,False,False,0.0
SES01403,2025-02-12,2025-02,Direct,Desktop,United States,/about,1,17,True,False,0.0
SES01404,2025-01-25,2025-01,Social Media,Desktop,United Kingdom,/products,7,627,False,False,0.0
SES01405,2025-01-08,2025-01,Social Media,Desktop,United States,/products,11,384,False,False,0.0
SES01406,2024-09-20,2024-09,Organic Search,Desktop,United States,/home,1,14,True,False,0.0
SES01407,2025-06-29,2025-06,Email,Desktop,United States,/about,2,97,False,False,0.0
SES01408,2025-03-26,2025-03,Organic Search,Desktop,Australia,/products,10,217,False,True,217.74
SES01409,2024-10-07,2024-10,Email,Tablet,United States,/products,9,660,False,False,0.0
SES01410,2024-07-30,2024-07,Organic Search,Mobile,United States,/cart,1,23,True,False,0.0
SES01411,2025-02-19,2025-02,Paid Search,Desktop,United States,/home,1,40,True,False,0.0
SES01412,2025-01-01,2025-01,Paid Search,Mobile,United States,/home,10,621,False,False,0.0
SES01413,2025-02-23,2025-02,Social Media,Desktop,Germany,/products,1,20,True,False,0.0
SES01414,2025-05-22,2025-05,Organic Search,Desktop,Canada,/blog,3,124,False,False,0.0
SES01415,2024-11-01,2024-11,Organic Search,Mobile,United States,/sale,1,32,True,False,0.0
SES01416,2025-05-01,2025-05,Direct,Desktop,United States,/home,11,602,False,False,0.0
SES01417,2025-02-28,2025-02,Organic Search,Mobile,United States,/cart,4,240,False,False,0.0
SES01418,2024-09-22,2024-09,Organic Search,Tablet,United Kingdom,/contact,5,818,False,False,0.0
SES01419,2025-06-18,2025-06,Referral,Desktop,United States,/checkout,1,21,True,False,0.0
SES01420,2024-07-15,2024-07,Paid Search,Desktop,United States,/products,1,31,True,False,0.0
SES01421,2024-09-22,2024-09,Organic Search,Desktop,United States,/products,11,799,False,False,0.0
SES01422,2024-10-18,2024-10,Direct,Desktop,Canada,/about,9,727,False,False,0.0
SES01423,2025-06-12,2025-06,Paid Search,Mobile,United Kingdom,/products,1,42,True,False,0.0
SES01424,2025-05-30,2025-05,Organic Search,Mobile,United States,/home,1,6,True,False,0.0
SES01425,2024-07-11,2024-07,Paid Search,Desktop,United States,/home,2,531,False,False,0.0
SES01426,2025-06-15,2025-06,Paid Search,Desktop,United States,/home,1,44,True,False,0.0
SES01427,2024-09-06,2024-09,Social Media,Mobile,United States,/sale,1,35,True,False,0.0
SES01428,2025-05-04,2025-05,Organic Search,Tablet,United States,/products,6,678,False,False,0.0
SES01429,2025-05-08,2025-05,Social Media,Desktop,United States,/sale,10,621,False,False,0.0
SES01430,2025-06-29,2025-06,Direct,Desktop,United States,/products,5,118,False,False,0.0
SES01431,2025-01-09,2025-01,Direct,Tablet,United States,/sale,11,370,False,False,0.0
SES01432,2024-10-20,2024-10,Paid Search,Desktop,United States,/sale,5,126,False,False,0.0
SES01433,2025-05-16,2025-05,Organic Search,Desktop,Canada,/home,1,9,True,False,0.0
SES01434,2024-08-22,2024-08,Organic Search,Mobile,United States,/sale,1,19,True,False,0.0
SES01435,2025-06-05,2025-06,Organic Search,Desktop,Canada,/sale,3,188,False,False,0.0
SES01436,2025-04-14,2025-04,Paid Search,Desktop,United States,/home,4,126,False,False,0.0
SES01437,2024-11-30,2024-11,Organic Search,Desktop,United States,/home,11,447,False,False,0.0
SES01438,2024-12-20,2024-12,Paid Search,Mobile,Germany,/about,8,292,False,False,0.0
SES01439,2024-11-19,2024-11,Organic Search,Mobile,United States,/products,1,39,True,False,0.0
SES01440,2025-06-30,2025-06,Direct,Desktop,United States,/home,4,508,False,False,0.0
SES01441,2024-10-05,2024-10,Referral,Desktop,Germany,/checkout,1,18,True,False,0.0
SES01442,2024-11-01,2024-11,Email,Mobile,United Kingdom,/checkout,4,482,False,False,0.0
SES01443,2025-05-04,2025-05,Organic Search,Mobile,United States,/cart,1,29,True,False,0.0
SES01444,2024-12-11,2024-12,Direct,Mobile,United Kingdom,/home,10,538,False,False,0.0
SES01445,2025-06-01,2025-06,Organic Search,Desktop,United States,/about,4,658,False,False,0.0
SES01446,2025-01-31,2025-01,Direct,Desktop,Australia,/checkout,9,126,False,False,0.0
SES01447,2025-04-25,2025-04,Email,Tablet,United Kingdom,/sale,8,345,False,False,0.0
SES01448,2024-10-06,2024-10,Organic Search,Desktop,United States,/products,1,32,True,False,0.0
SES01449,2024-10-22,2024-10,Referral,Desktop,United States,/blog,10,256,False,False,0.0
SES01450,2025-03-01,2025-03,Social Media,Desktop,Canada,/home,11,220,False,False,0.0
SES01451,2025-03-17,2025-03,Email,Mobile,Germany,/home,1,30,True,False,0.0
SES01452,2024-09-26,2024-09,Direct,Mobile,United States,/home,11,702,False,False,0.0
SES01453,2024-10-01,2024-10,Organic Search,Mobile,Canada,/contact,1,18,True,False,0.0
SES01454,2025-02-27,2025-02,Social Media,Mobile,United States,/checkout,1,6,True,False,0.0
SES01455,2024-11-10,2024-11,Organic Search,Desktop,United States,/home,2,475,False,False,0.0
SES01456,2024-10-02,2024-10,Paid Search,Desktop,United States,/checkout,6,580,False,False,0.0
SES01457,2025-06-01,2025-06,Organic Search,Mobile,United Kingdom,/products,1,33,True,False,0.0
SES01458,2024-12-29,2024-12,Organic Search,Mobile,United States,/checkout,1,7,True,False,0.0
SES01459,2024-12-05,2024-12,Organic Search,Mobile,United States,/cart,2,794,False,False,0.0
SES01460,2025-01-07,2025-01,Organic Search,Mobile,United States,/home,1,30,True,False,0.0
SES01461,2024-11-28,2024-11,Social Media,Desktop,United States,/products,1,35,True,False,0.0
SES01462,2024-08-30,2024-08,Paid Search,Mobile,Australia,/home,7,759,False,False,0.0
SES01463,2025-04-25,2025-04,Organic Search,Desktop,United States,/home,11,651,False,False,0.0
SES01464,2025-02-27,2025-02,Organic Search,Desktop,United States,/about,5,156,False,False,0.0
SES01465,2025-06-14,2025-06,Direct,Desktop,United States,/home,2,872,False,False,0.0
SES01466,2024-07-28,2024-07,Paid Search,Mobile,United States,/home,7,868,False,False,0.0
SES01467,2024-10-11,2024-10,Social Media,Mobile,Australia,/home,1,23,True,False,0.0
SES01468,2025-04-18,2025-04,Social Media,Desktop,United States,/about,8,739,False,False,0.0
SES01469,2024-09-12,2024-09,Organic Search,Mobile,United States,/cart,1,43,True,False,0.0
SES01470,2024-10-01,2024-10,Organic Search,Mobile,United States,/home,6,890,False,False,0.0
SES01471,2025-05-20,2025-05,Email,Mobile,United States,/home,2,800,False,False,0.0
SES01472,2024-07-30,2024-07,Referral,Desktop,United Kingdom,/sale,1,7,True,False,0.0
SES01473,2024-11-18,2024-11,Direct,Desktop,Canada,/cart,1,22,True,False,0.0
SES01474,2024-09-25,2024-09,Email,Mobile,United States,/sale,3,617,False,False,0.0
SES01475,2024-08-15,2024-08,Referral,Mobile,United States,/products,1,27,True,False,0.0
SES01476,2025-02-08,2025-02,Direct,Mobile,Germany,/home,8,699,False,False,0.0
SES01477,2025-03-02,2025-03,Organic Search,Mobile,United States,/home,1,13,True,False,0.0
SES01478,2024-07-20,2024-07,Direct,Mobile,United States,/cart,9,118,False,False,0.0
SES01479,2024-07-08,2024-07,Social Media,Desktop,United States,/about,10,313,False,False,0.0
SES01480,2025-03-29,2025-03,Organic Search,Mobile,United Kingdom,/products,1,13,True,False,0.0
SES01481,2025-06-12,2025-06,Direct,Desktop,Canada,/checkout,1,41,True,False,0.0
SES01482,2024-11-05,2024-11,Organic Search,Mobile,United States,/cart,1,22,True,False,0.0
SES01483,2024-12-24,2024-12,Paid Search,Mobile,Canada,/contact,1,17,True,False,0.0
SES01484,2024-08-22,2024-08,Organic Search,Tablet,United States,/sale,1,19,True,False,0.0
SES01485,2025-04-28,2025-04,Paid Search,Desktop,Canada,/about,1,42,True,False,0.0
SES01486,2024-08-03,2024-08,Direct,Mobile,Canada,/home,4,351,False,False,0.0
SES01487,2024-11-26,2024-11,Direct,Desktop,United States,/checkout,5,540,False,False,0.0
SES01488,2025-03-26,2025-03,Organic Search,Tablet,Canada,/sale,1,18,True,False,0.0
SES01489,2025-06-17,2025-06,Direct,Mobile,United States,/home,4,666,False,False,0.0
SES01490,2025-03-08,2025-03,Social Media,Desktop,United States,/home,1,14,True,False,0.0
SES01491,2024-10-05,2024-10,Organic Search,Tablet,United States,/contact,1,17,True,False,0.0
SES01492,2025-01-23,2025-01,Organic Search,Desktop,United States,/home,1,33,True,False,0.0
SES01493,2024-10-23,2024-10,Email,Desktop,United States,/about,4,166,False,False,0.0
SES01494,2024-07-12,2024-07,Social Media,Desktop,Germany,/products,1,6,True,False,0.0
SES01495,2024-09-25,2024-09,Organic Search,Mobile,Australia,/home,1,32,True,False,0.0
SES01496,2025-06-30,2025-06,Direct,Desktop,Canada,/home,9,238,False,True,129.26
SES01497,2025-05-24,2025-05,Direct,Desktop,Canada,/products,1,5,True,False,0.0
SES01498,2025-03-31,2025-03,Organic Search,Desktop,United Kingdom,/cart,7,476,False,False,0.0
SES01499,2024-07-25,2024-07,Direct,Mobile,Germany,/sale,3,687,False,False,0.0
SES01500,2024-07-11,2024-07,Organic Search,Desktop,United States,/contact,1,11,True,False,0.0
SES01501,2024-08-29,2024-08,Direct,Desktop,United States,/home,8,889,False,False,0.0
SES01502,2025-04-07,2025-04,Paid Search,Mobile,United States,/contact,1,39,True,False,0.0
SES01503,2025-06-25,2025-06,Organic Search,Desktop,United Kingdom,/cart,1,17,True,False,0.0
SES01504,2025-06-21,2025-06,Email,Mobile,United States,/sale,9,578,False,True,135.07
SES01505,2025-02-01,2025-02,Organic Search,Tablet,United States,/sale,4,440,False,False,0.0
SES01506,2024-11-16,2024-11,Organic Search,Desktop,Canada,/about,4,855,False,False,0.0
SES01507,2025-01-31,2025-01,Email,Desktop,United States,/home,9,484,False,False,0.0
SES01508,2025-05-13,2025-05,Direct,Desktop,United States,/blog,1,32,True,False,0.0
SES01509,2024-08-28,2024-08,Email,Desktop,United States,/home,2,887,False,False,0.0
SES01510,2025-05-08,2025-05,Paid Search,Desktop,United States,/sale,1,6,True,False,0.0
SES01511,2024-11-12,2024-11,Email,Tablet,United States,/products,2,797,False,False,0.0
SES01512,2024-12-31,2024-12,Paid Search,Mobile,United States,/cart,4,326,False,False,0.0
SES01513,2024-07-21,2024-07,Organic Search,Mobile,United States,/home,3,794,False,False,0.0
SES01514,2025-06-18,2025-06,Organic Search,Mobile,United States,/products,6,145,False,False,0.0
SES01515,2024-07-02,2024-07,Direct,Desktop,United Kingdom,/sale,1,17,True,False,0.0
SES01516,2024-08-15,2024-08,Organic Search,Desktop,United Kingdom,/sale,4,203,False,False,0.0
SES01517,2025-06-08,2025-06,Organic Search,Tablet,United States,/sale,8,330,False,False,0.0
SES01518,2025-03-19,2025-03,Social Media,Desktop,United States,/sale,1,17,True,False,0.0
SES01519,2024-08-21,2024-08,Direct,Mobile,United States,/home,11,440,False,False,0.0
SES01520,2025-02-19,2025-02,Direct,Desktop,United States,/home,3,205,False,False,0.0
SES01521,2025-02-23,2025-02,Referral,Desktop,United States,/about,1,11,True,False,0.0
SES01522,2024-09-28,2024-09,Email,Mobile,United States,/products,3,427,False,False,0.0
SES01523,2025-01-01,2025-01,Paid Search,Mobile,United States,/home,11,76,False,False,0.0
SES01524,2024-08-29,2024-08,Paid Search,Mobile,United States,/about,1,19,True,False,0.0
SES01525,2024-07-24,2024-07,Paid Search,Desktop,United States,/home,1,31,True,False,0.0
SES01526,2024-09-09,2024-09,Social Media,Desktop,United States,/checkout,7,592,False,False,0.0
SES01527,2024-12-31,2024-12,Email,Mobile,United States,/home,2,302,False,False,0.0
SES01528,2024-11-15,2024-11,Organic Search,Desktop,United Kingdom,/home,9,97,False,False,0.0
SES01529,2024-12-23,2024-12,Social Media,Desktop,Canada,/sale,1,13,True,False,0.0
SES01530,2025-01-22,2025-01,Direct,Desktop,United States,/products,2,898,False,False,0.0
SES01531,2025-01-14,2025-01,Direct,Desktop,United States,/contact,5,126,False,False,0.0
SES01532,2025-02-01,2025-02,Email,Mobile,United Kingdom,/home,5,768,False,False,0.0
SES01533,2024-08-27,2024-08,Organic Search,Tablet,United States,/products,1,23,True,False,0.0
SES01534,2024-07-31,2024-07,Paid Search,Mobile,United States,/products,8,299,False,False,0.0
SES01535,2024-08-23,2024-08,Direct,Tablet,United States,/products,11,370,False,False,0.0
SES01536,2025-04-18,2025-04,Direct,Desktop,United States,/home,9,609,False,False,0.0
SES01537,2025-01-11,2025-01,Email,Mobile,Canada,/checkout,11,249,False,False,0.0
SES01538,2025-06-16,2025-06,Email,Desktop,United States,/products,6,114,False,False,0.0
SES01539,2024-09-05,2024-09,Organic Search,Desktop,United States,/cart,4,729,False,False,0.0
SES01540,2025-01-27,2025-01,Organic Search,Desktop,Australia,/products,10,560,False,False,0.0
SES01541,2025-06-01,2025-06,Organic Search,Desktop,United Kingdom,/sale,1,39,True,False,0.0
SES01542,2025-06-26,2025-06,Direct,Desktop,United States,/checkout,4,120,False,False,0.0
SES01543,2025-04-22,2025-04,Social Media,Mobile,Canada,/home,3,749,False,False,0.0
SES01544,2025-06-08,2025-06,Organic Search,Desktop,United States,/products,10,557,False,False,0.0
SES01545,2025-06-18,2025-06,Organic Search,Mobile,Canada,/home,11,308,False,False,0.0
SES01546,2025-06-04,2025-06,Paid Search,Desktop,United Kingdom,/home,3,564,False,False,0.0
SES01547,2025-06-05,2025-06,Direct,Mobile,United States,/products,8,259,False,False,0.0
SES01548,2025-04-12,2025-04,Paid Search,Mobile,United States,/cart,11,850,False,False,0.0
SES01549,2024-07-06,2024-07,Social Media,Mobile,United States,/home,1,38,True,False,0.0
SES01550,2024-09-19,2024-09,Social Media,Desktop,United States,/checkout,1,22,True,False,0.0
SES01551,2025-02-26,2025-02,Paid Search,Mobile,Australia,/cart,4,141,False,False,0.0
SES01552,2024-08-08,2024-08,Organic Search,Mobile,United States,/home,2,251,False,False,0.0
SES01553,2024-12-17,2024-12,Email,Mobile,United States,/about,6,874,False,True,86.06
SES01554,2024-10-23,2024-10,Paid Search,Mobile,United States,/home,10,91,False,False,0.0
SES01555,2024-10-29,2024-10,Email,Mobile,United Kingdom,/products,1,12,True,False,0.0
SES01556,2025-02-13,2025-02,Organic Search,Desktop,United States,/sale,5,575,False,False,0.0
SES01557,2025-03-13,2025-03,Email,Desktop,Germany,/home,8,108,False,False,0.0
SES01558,2025-03-12,2025-03,Social Media,Desktop,United States,/home,2,853,False,True,40.56
SES01559,2025-01-23,2025-01,Organic Search,Desktop,United States,/about,1,14,True,False,0.0
SES01560,2025-04-12,2025-04,Paid Search,Desktop,United States,/home,10,685,False,False,0.0
SES01561,2025-05-06,2025-05,Organic Search,Mobile,Canada,/contact,7,133,False,False,0.0
SES01562,2025-03-18,2025-03,Organic Search,Desktop,United States,/home,7,469,False,False,0.0
SES01563,2025-02-19,2025-02,Paid Search,Tablet,United States,/home,2,879,False,False,0.0
SES01564,2024-07-28,2024-07,Social Media,Tablet,United States,/home,5,727,False,False,0.0
SES01565,2024-12-17,2024-12,Direct,Desktop,United States,/about,6,877,False,False,0.0
SES01566,2025-02-28,2025-02,Paid Search,Desktop,Germany,/sale,7,895,False,False,0.0
SES01567,2025-02-17,2025-02,Organic Search,Mobile,United States,/home,1,29,True,False,0.0
SES01568,2025-06-03,2025-06,Social Media,Tablet,Canada,/blog,1,8,True,False,0.0
SES01569,2024-12-22,2024-12,Organic Search,Desktop,United States,/contact,1,40,True,False,0.0
SES01570,2025-05-21,2025-05,Organic Search,Mobile,United States,/blog,6,239,False,False,0.0
SES01571,2025-03-25,2025-03,Direct,Desktop,United States,/contact,1,26,True,False,0.0
SES01572,2024-08-24,2024-08,Paid Search,Mobile,United States,/products,1,14,True,False,0.0
SES01573,2024-09-23,2024-09,Paid Search,Tablet,United States,/products,9,246,False,False,0.0
SES01574,2025-01-26,2025-01,Organic Search,Desktop,United States,/checkout,1,44,True,False,0.0
SES01575,2025-05-09,2025-05,Email,Desktop,Canada,/products,1,38,True,False,0.0
SES01576,2024-08-31,2024-08,Paid Search,Desktop,United Kingdom,/contact,3,532,False,False,0.0
SES01577,2025-02-20,2025-02,Paid Search,Desktop,United States,/products,8,462,False,False,0.0
SES01578,2024-12-21,2024-12,Organic Search,Tablet,United States,/sale,1,30,True,False,0.0
SES01579,2025-01-29,2025-01,Paid Search,Desktop,United States,/home,1,12,True,False,0.0
SES01580,2025-05-21,2025-05,Organic Search,Desktop,United States,/cart,10,294,False,False,0.0
SES01581,2025-02-16,2025-02,Organic Search,Tablet,United States,/home,8,588,False,False,0.0
SES01582,2025-03-16,2025-03,Email,Mobile,United States,/cart,1,21,True,False,0.0
SES01583,2025-03-13,2025-03,Direct,Desktop,United States,/products,1,12,True,False,0.0
SES01584,2024-07-25,2024-07,Direct,Desktop,United States,/home,7,606,False,False,0.0
SES01585,2025-04-26,2025-04,Email,Desktop,United States,/about,2,507,False,False,0.0
SES01586,2024-09-29,2024-09,Email,Desktop,Australia,/checkout,8,883,False,False,0.0
SES01587,2024-09-04,2024-09,Email,Mobile,Canada,/products,1,30,True,False,0.0
SES01588,2025-06-02,2025-06,Direct,Desktop,United States,/about,11,568,False,False,0.0
SES01589,2025-03-16,2025-03,Organic Search,Desktop,Australia,/products,4,596,False,False,0.0
SES01590,2025-05-08,2025-05,Paid Search,Desktop,United States,/products,9,208,False,False,0.0
SES01591,2024-11-18,2024-11,Paid Search,Desktop,United States,/products,1,9,True,False,0.0
SES01592,2024-12-23,2024-12,Organic Search,Desktop,United States,/products,9,851,False,False,0.0
SES01593,2024-09-07,2024-09,Social Media,Desktop,Canada,/products,1,41,True,False,0.0
SES01594,2025-05-05,2025-05,Direct,Tablet,United Kingdom,/contact,3,303,False,False,0.0
SES01595,2024-12-01,2024-12,Organic Search,Tablet,United States,/home,8,884,False,False,0.0
SES01596,2024-12-08,2024-12,Organic Search,Desktop,United States,/products,4,506,False,False,0.0
SES01597,2025-05-20,2025-05,Direct,Mobile,United States,/checkout,1,18,True,False,0.0
SES01598,2024-10-16,2024-10,Paid Search,Desktop,Australia,/sale,11,782,False,False,0.0
SES01599,2024-12-24,2024-12,Organic Search,Desktop,United States,/home,9,324,False,False,0.0
SES01600,2025-06-29,2025-06,Organic Search,Mobile,United Kingdom,/checkout,11,869,False,False,0.0
SES01601,2025-03-15,2025-03,Organic Search,Desktop,Germany,/sale,9,128,False,False,0.0
SES01602,2025-06-29,2025-06,Paid Search,Mobile,United Kingdom,/contact,1,6,True,False,0.0
SES01603,2024-12-28,2024-12,Organic Search,Desktop,United States,/products,7,618,False,False,0.0
SES01604,2025-06-07,2025-06,Organic Search,Mobile,Canada,/blog,4,766,False,False,0.0
SES01605,2025-03-31,2025-03,Direct,Tablet,United States,/cart,1,7,True,False,0.0
SES01606,2025-02-02,2025-02,Paid Search,Desktop,United Kingdom,/about,5,546,False,False,0.0
SES01607,2024-07-13,2024-07,Organic Search,Desktop,United States,/about,1,23,True,False,0.0
SES01608,2024-07-28,2024-07,Direct,Mobile,United States,/cart,7,640,False,False,0.0
SES01609,2024-09-21,2024-09,Social Media,Desktop,United Kingdom,/products,9,518,False,False,0.0
SES01610,2024-09-13,2024-09,Organic Search,Mobile,United States,/home,8,789,False,False,0.0
SES01611,2024-11-29,2024-11,Referral,Mobile,United Kingdom,/home,1,11,True,False,0.0
SES01612,2025-04-04,2025-04,Organic Search,Desktop,Germany,/checkout,1,14,True,False,0.0
SES01613,2025-02-17,2025-02,Paid Search,Desktop,United States,/home,1,33,True,False,0.0
SES01614,2025-06-11,2025-06,Organic Search,Desktop,United Kingdom,/home,5,651,False,False,0.0
SES01615,2025-05-28,2025-05,Paid Search,Desktop,Canada,/products,2,457,False,False,0.0
SES01616,2025-06-22,2025-06,Paid Search,Desktop,United States,/sale,1,19,True,False,0.0
SES01617,2025-06-06,2025-06,Paid Search,Desktop,United States,/home,1,28,True,False,0.0
SES01618,2025-01-12,2025-01,Direct,Desktop,United States,/home,4,711,False,False,0.0
SES01619,2025-06-16,2025-06,Social Media,Mobile,Canada,/about,1,17,True,False,0.0
SES01620,2025-04-09,2025-04,Direct,Desktop,United States,/home,1,23,True,False,0.0
SES01621,2024-11-06,2024-11,Social Media,Desktop,United States,/sale,1,44,True,False,0.0
SES01622,2025-02-12,2025-02,Paid Search,Mobile,Germany,/products,11,434,False,False,0.0
SES01623,2025-06-26,2025-06,Direct,Mobile,United States,/home,8,608,False,False,0.0
SES01624,2025-04-28,2025-04,Organic Search,Desktop,United States,/products,4,359,False,False,0.0
SES01625,2024-10-08,2024-10,Paid Search,Desktop,United States,/home,1,12,True,False,0.0
SES01626,2024-09-29,2024-09,Direct,Mobile,United States,/sale,11,682,False,False,0.0
SES01627,2024-09-27,2024-09,Paid Search,Mobile,United States,/sale,2,264,False,False,0.0
SES01628,2024-07-21,2024-07,Organic Search,Mobile,United States,/cart,9,599,False,False,0.0
SES01629,2024-09-05,2024-09,Organic Search,Desktop,United States,/sale,1,19,True,False,0.0
SES01630,2024-11-08,2024-11,Organic Search,Desktop,Canada,/products,1,37,True,False,0.0
SES01631,2025-02-24,2025-02,Direct,Mobile,United States,/checkout,8,778,False,False,0.0
SES01632,2024-09-17,2024-09,Organic Search,Mobile,United States,/contact,9,586,False,False,0.0
SES01633,2025-05-17,2025-05,Direct,Desktop,Germany,/products,8,744,False,False,0.0
SES01634,2025-03-09,2025-03,Email,Desktop,United Kingdom,/blog,6,290,False,False,0.0
SES01635,2024-08-07,2024-08,Organic Search,Mobile,Germany,/home,3,843,False,False,0.0
SES01636,2024-10-21,2024-10,Paid Search,Desktop,Australia,/about,11,337,False,False,0.0
SES01637,2025-03-16,2025-03,Direct,Mobile,Germany,/home,1,17,True,False,0.0
SES01638,2025-04-05,2025-04,Organic Search,Desktop,United States,/home,6,386,False,False,0.0
SES01639,2024-10-22,2024-10,Social Media,Desktop,Australia,/home,9,483,False,False,0.0
SES01640,2024-12-17,2024-12,Email,Mobile,United States,/products,9,336,False,False,0.0
SES01641,2025-05-13,2025-05,Organic Search,Desktop,United Kingdom,/sale,7,523,False,False,0.0
SES01642,2025-05-29,2025-05,Referral,Desktop,Canada,/home,1,26,True,False,0.0
SES01643,2025-06-08,2025-06,Referral,Tablet,Australia,/products,1,11,True,False,0.0
SES01644,2024-11-01,2024-11,Direct,Desktop,United States,/contact,3,158,False,False,0.0
SES01645,2025-05-15,2025-05,Paid Search,Mobile,United States,/products,1,25,True,False,0.0
SES01646,2024-07-21,2024-07,Direct,Desktop,United States,/sale,5,592,False,False,0.0
SES01647,2024-08-28,2024-08,Direct,Mobile,Australia,/home,2,614,False,False,0.0
SES01648,2024-11-22,2024-11,Social Media,Mobile,United States,/home,1,8,True,False,0.0
SES01649,2025-03-22,2025-03,Referral,Mobile,Canada,/checkout,7,857,False,False,0.0
SES01650,2025-03-18,2025-03,Email,Mobile,United States,/checkout,8,455,False,True,50.99
SES01651,2025-05-30,2025-05,Referral,Tablet,United States,/home,1,19,True,False,0.0
SES01652,2025-03-21,2025-03,Paid Search,Mobile,United States,/sale,1,31,True,False,0.0
SES01653,2024-08-19,2024-08,Organic Search,Mobile,United States,/contact,1,11,True,False,0.0
SES01654,2025-04-02,2025-04,Organic Search,Desktop,United States,/home,10,561,False,False,0.0
SES01655,2024-10-16,2024-10,Organic Search,Desktop,United States,/blog,7,358,False,False,0.0
SES01656,2025-06-16,2025-06,Organic Search,Mobile,United States,/home,3,654,False,False,0.0
SES01657,2025-04-02,2025-04,Organic Search,Desktop,United States,/checkout,8,466,False,False,0.0
SES01658,2025-02-08,2025-02,Social Media,Mobile,United States,/products,1,32,True,False,0.0
SES01659,2024-08-06,2024-08,Organic Search,Desktop,Australia,/about,6,252,False,False,0.0
SES01660,2025-02-21,2025-02,Organic Search,Mobile,Canada,/products,11,850,False,True,210.24
SES01661,2024-08-07,2024-08,Email,Desktop,United States,/home,1,14,True,False,0.0
SES01662,2024-11-06,2024-11,Email,Desktop,Australia,/blog,11,206,False,False,0.0
SES01663,2024-10-25,2024-10,Organic Search,Tablet,Germany,/home,6,312,False,False,0.0
SES01664,2025-02-16,2025-02,Referral,Desktop,United States,/checkout,5,631,False,False,0.0
SES01665,2024-07-09,2024-07,Direct,Desktop,United Kingdom,/home,4,305,False,False,0.0
SES01666,2024-07-04,2024-07,Direct,Desktop,United States,/products,4,678,False,False,0.0
SES01667,2025-04-26,2025-04,Direct,Tablet,United States,/cart,1,30,True,False,0.0
SES01668,2024-08-07,2024-08,Social Media,Desktop,United States,/home,1,38,True,False,0.0
SES01669,2025-03-15,2025-03,Organic Search,Tablet,United States,/products,1,25,True,False,0.0
SES01670,2025-06-17,2025-06,Organic Search,Desktop,United States,/sale,1,38,True,False,0.0
SES01671,2024-08-14,2024-08,Paid Search,Desktop,Australia,/products,1,14,True,False,0.0
SES01672,2025-02-10,2025-02,Email,Desktop,United States,/home,5,302,False,False,0.0
SES01673,2024-07-16,2024-07,Direct,Mobile,Canada,/home,8,269,False,False,0.0
SES01674,2024-09-08,2024-09,Social Media,Tablet,United States,/products,3,638,False,False,0.0
SES01675,2025-04-06,2025-04,Organic Search,Desktop,United States,/about,1,32,True,False,0.0
SES01676,2025-05-21,2025-05,Paid Search,Tablet,Germany,/blog,1,19,True,False,0.0
SES01677,2025-06-12,2025-06,Paid Search,Mobile,United States,/sale,8,160,False,False,0.0
SES01678,2025-05-28,2025-05,Direct,Mobile,United States,/checkout,1,6,True,False,0.0
SES01679,2024-07-06,2024-07,Organic Search,Desktop,United States,/contact,9,391,False,False,0.0
SES01680,2024-09-02,2024-09,Direct,Tablet,United Kingdom,/products,1,37,True,False,0.0
SES01681,2025-04-20,2025-04,Organic Search,Desktop,Canada,/products,9,672,False,False,0.0
SES01682,2024-08-13,2024-08,Social Media,Desktop,Canada,/products,1,23,True,False,0.0
SES01683,2024-12-24,2024-12,Social Media,Mobile,Canada,/cart,1,29,True,False,0.0
SES01684,2025-05-27,2025-05,Social Media,Mobile,Canada,/about,4,180,False,False,0.0
SES01685,2024-10-03,2024-10,Direct,Desktop,Canada,/products,1,31,True,False,0.0
SES01686,2024-11-07,2024-11,Social Media,Desktop,United States,/products,1,11,True,False,0.0
SES01687,2024-10-01,2024-10,Paid Search,Desktop,United States,/products,4,594,False,False,0.0
SES01688,2024-07-28,2024-07,Organic Search,Desktop,Canada,/home,10,367,False,False,0.0
SES01689,2025-04-08,2025-04,Social Media,Desktop,Australia,/about,1,41,True,False,0.0
SES01690,2025-04-08,2025-04,Organic Search,Mobile,United Kingdom,/products,1,7,True,False,0.0
SES01691,2025-06-09,2025-06,Organic Search,Desktop,United States,/products,1,34,True,False,0.0
SES01692,2024-08-20,2024-08,Direct,Mobile,Australia,/home,1,26,True,False,0.0
SES01693,2025-04-24,2025-04,Organic Search,Desktop,United States,/products,6,538,False,False,0.0
SES01694,2024-09-04,2024-09,Organic Search,Mobile,United States,/contact,6,203,False,False,0.0
SES01695,2024-11-23,2024-11,Referral,Desktop,United Kingdom,/products,11,281,False,False,0.0
SES01696,2024-12-10,2024-12,Email,Desktop,Canada,/sale,9,850,False,False,0.0
SES01697,2025-06-03,2025-06,Paid Search,Mobile,United States,/sale,1,9,True,False,0.0
SES01698,2025-04-26,2025-04,Referral,Desktop,United States,/products,1,24,True,False,0.0
SES01699,2025-04-17,2025-04,Paid Search,Desktop,United States,/home,1,33,True,False,0.0
SES01700,2024-12-09,2024-12,Social Media,Desktop,United States,/home,7,681,False,False,0.0
SES01701,2024-12-08,2024-12,Social Media,Desktop,United States,/products,1,38,True,False,0.0
SES01702,2024-10-22,2024-10,Organic Search,Desktop,United States,/checkout,2,604,False,False,0.0
SES01703,2024-11-19,2024-11,Direct,Mobile,United States,/sale,4,482,False,False,0.0
SES01704,2024-12-17,2024-12,Organic Search,Tablet,United States,/home,7,865,False,False,0.0
SES01705,2024-12-31,2024-12,Organic Search,Mobile,United States,/products,2,368,False,False,0.0
SES01706,2024-08-25,2024-08,Organic Search,Desktop,Canada,/products,1,43,True,False,0.0
SES01707,2025-05-07,2025-05,Organic Search,Desktop,United Kingdom,/checkout,1,17,True,False,0.0
SES01708,2024-11-21,2024-11,Email,Desktop,Australia,/home,3,576,False,False,0.0
SES01709,2025-04-02,2025-04,Email,Mobile,United States,/home,1,41,True,False,0.0
SES01710,2025-05-17,2025-05,Paid Search,Desktop,United States,/contact,1,18,True,False,0.0
SES01711,2024-08-08,2024-08,Organic Search,Desktop,United States,/sale,10,665,False,False,0.0
SES01712,2025-05-20,2025-05,Paid Search,Mobile,United Kingdom,/sale,1,15,True,False,0.0
SES01713,2025-04-24,2025-04,Direct,Desktop,United States,/sale,8,570,False,False,0.0
SES01714,2024-10-17,2024-10,Organic Search,Mobile,United States,/contact,11,362,False,False,0.0
SES01715,2025-04-05,2025-04,Paid Search,Desktop,United States,/products,2,156,False,False,0.0
SES01716,2025-05-31,2025-05,Organic Search,Mobile,Canada,/about,10,458,False,False,0.0
SES01717,2024-10-23,2024-10,Paid Search,Desktop,United States,/home,9,603,False,False,0.0
SES01718,2024-11-26,2024-11,Organic Search,Mobile,United States,/home,1,37,True,False,0.0
SES01719,2025-03-14,2025-03,Organic Search,Tablet,United States,/cart,5,655,False,False,0.0
SES01720,2025-03-15,2025-03,Paid Search,Mobile,Australia,/sale,1,16,True,False,0.0
SES01721,2024-10-31,2024-10,Direct,Tablet,Canada,/about,7,805,False,False,0.0
SES01722,2025-05-11,2025-05,Organic Search,Mobile,United States,/blog,2,72,False,False,0.0
SES01723,2024-09-10,2024-09,Direct,Mobile,United States,/sale,10,225,False,False,0.0
SES01724,2025-04-16,2025-04,Direct,Desktop,United States,/checkout,5,162,False,False,0.0
SES01725,2025-03-05,2025-03,Organic Search,Mobile,United States,/sale,9,835,False,False,0.0
SES01726,2025-03-07,2025-03,Email,Desktop,United States,/products,1,39,True,False,0.0
SES01727,2024-11-13,2024-11,Organic Search,Mobile,United States,/home,1,9,True,False,0.0
SES01728,2024-07-22,2024-07,Email,Desktop,United States,/home,8,339,False,False,0.0
SES01729,2025-01-01,2025-01,Social Media,Mobile,Australia,/home,1,26,True,False,0.0
SES01730,2025-02-18,2025-02,Email,Mobile,United Kingdom,/home,10,678,False,True,27.62
SES01731,2025-05-29,2025-05,Direct,Mobile,United States,/about,1,42,True,False,0.0
SES01732,2025-06-26,2025-06,Paid Search,Mobile,Canada,/sale,7,591,False,False,0.0
SES01733,2024-11-18,2024-11,Organic Search,Mobile,United States,/sale,9,471,False,False,0.0
SES01734,2025-04-05,2025-04,Organic Search,Mobile,United Kingdom,/products,4,743,False,False,0.0
SES01735,2025-01-10,2025-01,Direct,Desktop,United States,/sale,1,8,True,False,0.0
SES01736,2025-05-31,2025-05,Paid Search,Desktop,United States,/home,2,227,False,False,0.0
SES01737,2024-11-06,2024-11,Organic Search,Tablet,Australia,/products,1,19,True,False,0.0
SES01738,2024-10-23,2024-10,Direct,Desktop,United States,/sale,6,786,False,False,0.0
SES01739,2024-12-24,2024-12,Social Media,Tablet,United States,/sale,1,5,True,False,0.0
SES01740,2025-03-04,2025-03,Organic Search,Desktop,United States,/checkout,4,466,False,True,178.88
SES01741,2024-09-10,2024-09,Social Media,Desktop,United States,/home,1,31,True,False,0.0
SES01742,2024-10-26,2024-10,Paid Search,Mobile,United States,/blog,1,11,True,False,0.0
SES01743,2025-05-26,2025-05,Organic Search,Mobile,United States,/checkout,1,24,True,False,0.0
SES01744,2024-09-15,2024-09,Paid Search,Desktop,United States,/about,1,16,True,False,0.0
SES01745,2025-01-02,2025-01,Organic Search,Desktop,United States,/blog,3,231,False,False,0.0
SES01746,2025-06-04,2025-06,Direct,Desktop,United States,/products,1,30,True,False,0.0
SES01747,2024-12-17,2024-12,Paid Search,Mobile,United States,/home,9,690,False,False,0.0
SES01748,2025-03-03,2025-03,Organic Search,Desktop,Australia,/about,8,670,False,False,0.0
SES01749,2025-05-28,2025-05,Email,Mobile,United Kingdom,/products,9,546,False,True,210.55
SES01750,2024-07-23,2024-07,Organic Search,Tablet,United States,/cart,1,21,True,False,0.0
SES01751,2025-04-30,2025-04,Social Media,Desktop,United States,/products,1,11,True,False,0.0
SES01752,2025-05-19,2025-05,Direct,Mobile,United States,/contact,8,417,False,False,0.0
SES01753,2024-09-14,2024-09,Paid Search,Desktop,Canada,/products,1,9,True,False,0.0
SES01754,2024-11-10,2024-11,Direct,Mobile,United Kingdom,/home,9,699,False,False,0.0
SES01755,2025-01-24,2025-01,Organic Search,Desktop,United States,/cart,6,687,False,False,0.0
SES01756,2024-07-10,2024-07,Organic Search,Desktop,Australia,/products,9,641,False,False,0.0
SES01757,2024-11-23,2024-11,Social Media,Desktop,Canada,/home,3,723,False,False,0.0
SES01758,2025-05-07,2025-05,Organic Search,Mobile,United States,/about,8,493,False,False,0.0
SES01759,2024-09-26,2024-09,Paid Search,Mobile,United States,/products,1,28,True,False,0.0
SES01760,2025-01-27,2025-01,Direct,Tablet,Australia,/cart,3,312,False,False,0.0
SES01761,2024-10-02,2024-10,Paid Search,Mobile,Australia,/products,11,427,False,False,0.0
SES01762,2024-09-24,2024-09,Direct,Mobile,Germany,/home,6,759,False,False,0.0
SES01763,2025-02-18,2025-02,Paid Search,Desktop,United Kingdom,/sale,11,754,False,False,0.0
SES01764,2025-01-10,2025-01,Organic Search,Desktop,United States,/products,1,9,True,False,0.0
SES01765,2024-08-25,2024-08,Organic Search,Desktop,United States,/products,1,41,True,False,0.0
SES01766,2025-03-25,2025-03,Paid Search,Mobile,United States,/products,11,847,False,False,0.0
SES01767,2025-01-31,2025-01,Paid Search,Desktop,United States,/contact,6,276,False,False,0.0
SES01768,2024-09-29,2024-09,Direct,Desktop,Australia,/sale,4,265,False,False,0.0
SES01769,2024-07-20,2024-07,Paid Search,Tablet,United Kingdom,/cart,9,124,False,False,0.0
SES01770,2024-08-30,2024-08,Organic Search,Desktop,United States,/home,1,21,True,False,0.0
SES01771,2025-06-03,2025-06,Organic Search,Desktop,United States,/checkout,1,12,True,False,0.0
SES01772,2025-05-05,2025-05,Organic Search,Desktop,United States,/home,11,268,False,True,176.19
SES01773,2025-06-13,2025-06,Paid Search,Tablet,United States,/products,2,148,False,False,0.0
SES01774,2025-01-06,2025-01,Social Media,Desktop,United States,/checkout,10,697,False,False,0.0
SES01775,2025-02-05,2025-02,Organic Search,Mobile,United States,/home,1,37,True,False,0.0
SES01776,2025-03-04,2025-03,Paid Search,Mobile,United States,/cart,4,428,False,False,0.0
SES01777,2025-04-28,2025-04,Organic Search,Desktop,Canada,/checkout,7,384,False,False,0.0
SES01778,2025-06-22,2025-06,Direct,Mobile,United States,/sale,7,595,False,False,0.0
SES01779,2024-11-08,2024-11,Paid Search,Desktop,United Kingdom,/sale,11,414,False,False,0.0
SES01780,2024-08-12,2024-08,Paid Search,Desktop,United Kingdom,/products,1,16,True,False,0.0
SES01781,2025-04-05,2025-04,Paid Search,Desktop,United States,/home,1,7,True,False,0.0
SES01782,2024-10-05,2024-10,Organic Search,Tablet,United States,/about,1,44,True,False,0.0
SES01783,2024-07-04,2024-07,Organic Search,Desktop,United States,/sale,3,72,False,False,0.0
SES01784,2024-07-04,2024-07,Social Media,Desktop,United States,/home,1,35,True,False,0.0
SES01785,2024-10-14,2024-10,Paid Search,Desktop,United States,/products,9,887,False,False,0.0
SES01786,2025-01-02,2025-01,Direct,Desktop,United States,/about,1,30,True,False,0.0
SES01787,2025-02-04,2025-02,Organic Search,Desktop,United Kingdom,/home,8,792,False,False,0.0
SES01788,2025-04-01,2025-04,Paid Search,Mobile,United States,/checkout,1,23,True,False,0.0
SES01789,2025-01-04,2025-01,Organic Search,Desktop,United States,/home,11,643,False,False,0.0
SES01790,2025-01-20,2025-01,Paid Search,Mobile,United States,/about,10,191,False,False,0.0
SES01791,2025-04-12,2025-04,Organic Search,Mobile,United States,/home,5,609,False,False,0.0
SES01792,2025-04-11,2025-04,Social Media,Mobile,Australia,/checkout,1,33,True,False,0.0
SES01793,2024-12-05,2024-12,Direct,Mobile,United States,/home,3,336,False,False,0.0
SES01794,2025-01-20,2025-01,Paid Search,Mobile,United States,/home,4,363,False,False,0.0
SES01795,2025-06-03,2025-06,Organic Search,Desktop,United Kingdom,/home,1,31,True,False,0.0
SES01796,2024-10-26,2024-10,Paid Search,Mobile,United States,/home,1,16,True,False,0.0
SES01797,2025-06-24,2025-06,Email,Desktop,United States,/products,2,869,False,False,0.0
SES01798,2025-03-18,2025-03,Direct,Desktop,United Kingdom,/products,5,717,False,False,0.0
SES01799,2025-04-08,2025-04,Direct,Desktop,Germany,/products,7,652,False,False,0.0
SES01800,2024-07-27,2024-07,Referral,Mobile,United States,/cart,1,19,True,False,0.0
SES01801,2025-05-22,2025-05,Direct,Mobile,United States,/about,1,41,True,False,0.0
SES01802,2024-08-16,2024-08,Organic Search,Mobile,Germany,/products,5,627,False,False,0.0
SES01803,2025-05-04,2025-05,Paid Search,Mobile,Canada,/home,1,31,True,False,0.0
SES01804,2024-08-02,2024-08,Social Media,Mobile,Canada,/cart,1,15,True,False,0.0
SES01805,2025-01-06,2025-01,Organic Search,Mobile,United States,/home,1,13,True,False,0.0
SES01806,2024-07-20,2024-07,Social Media,Desktop,United Kingdom,/sale,8,782,False,False,0.0
SES01807,2025-01-22,2025-01,Paid Search,Mobile,United States,/home,3,125,False,False,0.0
SES01808,2025-06-30,2025-06,Social Media,Mobile,United States,/checkout,9,101,False,False,0.0
SES01809,2024-09-28,2024-09,Organic Search,Mobile,United States,/home,4,169,False,False,0.0
SES01810,2024-10-12,2024-10,Email,Desktop,United States,/home,10,562,False,False,0.0
SES01811,2025-03-23,2025-03,Direct,Mobile,United States,/cart,1,20,True,False,0.0
SES01812,2024-07-18,2024-07,Organic Search,Desktop,United States,/contact,6,658,False,False,0.0
SES01813,2025-06-23,2025-06,Organic Search,Mobile,United States,/about,1,8,True,False,0.0
SES01814,2024-09-25,2024-09,Paid Search,Desktop,Canada,/home,2,197,False,False,0.0
SES01815,2025-06-01,2025-06,Organic Search,Desktop,United States,/home,1,27,True,False,0.0
SES01816,2024-09-19,2024-09,Paid Search,Desktop,Canada,/about,1,11,True,False,0.0
SES01817,2024-11-19,2024-11,Paid Search,Desktop,United States,/home,7,705,False,False,0.0
SES01818,2025-01-19,2025-01,Paid Search,Tablet,United States,/sale,1,17,True,False,0.0
SES01819,2024-10-11,2024-10,Email,Mobile,United States,/checkout,11,335,False,False,0.0
SES01820,2024-08-05,2024-08,Social Media,Mobile,United States,/about,7,780,False,False,0.0
SES01821,2025-04-13,2025-04,Organic Search,Mobile,Canada,/home,7,875,False,False,0.0
SES01822,2024-11-19,2024-11,Paid Search,Desktop,Canada,/home,1,24,True,False,0.0
SES01823,2024-10-08,2024-10,Organic Search,Mobile,United States,/home,5,436,False,False,0.0
SES01824,2024-07-03,2024-07,Paid Search,Mobile,United States,/home,1,14,True,False,0.0
SES01825,2025-01-25,2025-01,Paid Search,Mobile,Canada,/products,11,533,False,False,0.0
SES01826,2025-03-15,2025-03,Organic Search,Mobile,United States,/checkout,1,13,True,False,0.0
SES01827,2024-08-29,2024-08,Direct,Mobile,United States,/checkout,7,643,False,False,0.0
SES01828,2025-04-02,2025-04,Organic Search,Desktop,United States,/sale,6,779,False,False,0.0
SES01829,2025-06-21,2025-06,Paid Search,Desktop,United States,/sale,1,7,True,False,0.0
SES01830,2025-01-10,2025-01,Organic Search,Mobile,United Kingdom,/cart,8,426,False,False,0.0
SES01831,2024-12-21,2024-12,Organic Search,Desktop,United States,/products,5,298,False,False,0.0
SES01832,2025-02-21,2025-02,Organic Search,Desktop,United States,/products,8,445,False,False,0.0
SES01833,2025-03-04,2025-03,Organic Search,Desktop,United States,/home,1,16,True,False,0.0
SES01834,2024-08-04,2024-08,Paid Search,Tablet,United States,/home,1,5,True,False,0.0
SES01835,2024-10-21,2024-10,Organic Search,Desktop,United States,/products,3,780,False,False,0.0
SES01836,2024-12-09,2024-12,Direct,Desktop,United States,/about,2,561,False,False,0.0
SES01837,2025-04-01,2025-04,Paid Search,Desktop,United States,/contact,1,31,True,False,0.0
SES01838,2024-11-12,2024-11,Organic Search,Desktop,United States,/blog,1,6,True,False,0.0
SES01839,2024-08-17,2024-08,Referral,Tablet,United States,/contact,1,33,True,False,0.0
SES01840,2024-12-23,2024-12,Social Media,Desktop,United States,/sale,1,13,True,False,0.0
SES01841,2024-09-30,2024-09,Organic Search,Mobile,United States,/products,8,279,False,False,0.0
SES01842,2025-04-20,2025-04,Paid Search,Desktop,United States,/home,1,26,True,False,0.0
SES01843,2025-06-15,2025-06,Paid Search,Mobile,United States,/about,3,857,False,False,0.0
SES01844,2024-10-11,2024-10,Email,Desktop,United States,/home,1,9,True,False,0.0
SES01845,2024-11-01,2024-11,Social Media,Mobile,United Kingdom,/sale,6,662,False,False,0.0
SES01846,2024-10-12,2024-10,Organic Search,Mobile,Australia,/products,3,582,False,False,0.0
SES01847,2024-12-30,2024-12,Organic Search,Desktop,Canada,/products,1,22,True,False,0.0
SES01848,2024-08-24,2024-08,Organic Search,Desktop,United States,/contact,1,20,True,False,0.0
SES01849,2024-08-10,2024-08,Paid Search,Desktop,United States,/contact,7,631,False,False,0.0
SES01850,2025-05-11,2025-05,Organic Search,Desktop,United States,/checkout,1,14,True,False,0.0
SES01851,2025-04-04,2025-04,Paid Search,Desktop,Canada,/about,8,425,False,False,0.0
SES01852,2025-01-07,2025-01,Email,Desktop,United States,/home,10,255,False,False,0.0
SES01853,2025-04-21,2025-04,Social Media,Desktop,United States,/sale,6,877,False,False,0.0
SES01854,2025-03-19,2025-03,Organic Search,Desktop,United States,/cart,1,28,True,False,0.0
SES01855,2024-10-22,2024-10,Paid Search,Desktop,Germany,/cart,6,121,False,False,0.0
SES01856,2025-03-27,2025-03,Organic Search,Desktop,Australia,/products,4,747,False,False,0.0
SES01857,2025-04-03,2025-04,Email,Desktop,United States,/checkout,1,26,True,False,0.0
SES01858,2024-12-25,2024-12,Organic Search,Tablet,Germany,/checkout,1,6,True,False,0.0
SES01859,2025-06-17,2025-06,Organic Search,Mobile,United States,/home,4,776,False,False,0.0
SES01860,2024-08-31,2024-08,Direct,Mobile,United Kingdom,/home,9,261,False,False,0.0
SES01861,2025-06-18,2025-06,Organic Search,Desktop,United States,/products,1,39,True,False,0.0
SES01862,2025-06-11,2025-06,Paid Search,Mobile,United States,/home,1,12,True,False,0.0
SES01863,2025-04-24,2025-04,Referral,Desktop,Canada,/contact,1,43,True,False,0.0
SES01864,2025-01-02,2025-01,Direct,Mobile,United States,/home,4,292,False,False,0.0
SES01865,2025-04-07,2025-04,Direct,Desktop,United States,/products,1,37,True,False,0.0
SES01866,2024-11-15,2024-11,Direct,Mobile,United States,/sale,11,529,False,False,0.0
SES01867,2025-01-04,2025-01,Paid Search,Mobile,Australia,/home,1,11,True,False,0.0
SES01868,2025-02-03,2025-02,Paid Search,Desktop,Canada,/home,1,18,True,False,0.0
SES01869,2025-06-24,2025-06,Social Media,Mobile,United States,/home,4,444,False,False,0.0
SES01870,2025-01-22,2025-01,Social Media,Tablet,United States,/products,1,18,True,False,0.0
SES01871,2024-10-01,2024-10,Paid Search,Mobile,United States,/about,2,554,False,False,0.0
SES01872,2025-06-17,2025-06,Social Media,Desktop,Canada,/checkout,1,18,True,False,0.0
SES01873,2024-08-21,2024-08,Organic Search,Desktop,United States,/products,3,657,False,False,0.0
SES01874,2025-04-11,2025-04,Email,Desktop,United States,/products,6,65,False,False,0.0
SES01875,2024-09-13,2024-09,Organic Search,Desktop,United States,/about,11,109,False,False,0.0
SES01876,2025-02-28,2025-02,Social Media,Desktop,United States,/products,9,884,False,False,0.0
SES01877,2025-03-13,2025-03,Direct,Desktop,United States,/home,1,41,True,False,0.0
SES01878,2025-05-19,2025-05,Social Media,Mobile,Canada,/home,1,7,True,False,0.0
SES01879,2024-12-09,2024-12,Direct,Desktop,United States,/cart,10,304,False,False,0.0
SES01880,2025-04-14,2025-04,Organic Search,Mobile,United Kingdom,/products,10,258,False,False,0.0
SES01881,2024-08-20,2024-08,Social Media,Mobile,United States,/about,4,255,False,False,0.0
SES01882,2024-11-08,2024-11,Referral,Desktop,United States,/home,1,13,True,False,0.0
SES01883,2025-05-19,2025-05,Direct,Tablet,United States,/blog,1,19,True,False,0.0
SES01884,2024-12-19,2024-12,Email,Desktop,United States,/about,1,24,True,False,0.0
SES01885,2025-01-01,2025-01,Organic Search,Desktop,United Kingdom,/home,6,691,False,False,0.0
SES01886,2024-11-09,2024-11,Social Media,Desktop,United States,/blog,1,40,True,False,0.0
SES01887,2025-01-27,2025-01,Paid Search,Desktop,Canada,/contact,1,32,True,False,0.0
SES01888,2025-06-13,2025-06,Organic Search,Mobile,United States,/home,2,332,False,False,0.0
SES01889,2025-04-21,2025-04,Organic Search,Mobile,United States,/home,10,601,False,False,0.0
SES01890,2024-11-23,2024-11,Direct,Mobile,Australia,/products,1,39,True,False,0.0
SES01891,2025-06-10,2025-06,Email,Mobile,United States,/home,10,255,False,False,0.0
SES01892,2025-02-14,2025-02,Paid Search,Desktop,United States,/sale,3,614,False,False,0.0
SES01893,2024-11-24,2024-11,Organic Search,Mobile,United States,/home,11,224,False,False,0.0
SES01894,2024-09-24,2024-09,Direct,Mobile,United States,/products,5,138,False,False,0.0
SES01895,2025-02-01,2025-02,Direct,Mobile,Canada,/home,4,728,False,False,0.0
SES01896,2024-08-06,2024-08,Social Media,Desktop,United States,/about,1,6,True,False,0.0
SES01897,2024-12-23,2024-12,Paid Search,Mobile,United States,/blog,1,40,True,False,0.0
SES01898,2024-12-10,2024-12,Organic Search,Mobile,United States,/about,4,138,False,False,0.0
SES01899,2025-05-06,2025-05,Referral,Desktop,Canada,/home,2,432,False,False,0.0
SES01900,2025-02-13,2025-02,Social Media,Desktop,United States,/products,8,725,False,False,0.0
SES01901,2025-04-27,2025-04,Organic Search,Mobile,United Kingdom,/products,3,515,False,False,0.0
SES01902,2024-09-24,2024-09,Organic Search,Desktop,United States,/products,1,10,True,False,0.0
SES01903,2024-07-12,2024-07,Social Media,Mobile,United States,/products,1,12,True,False,0.0
SES01904,2024-10-29,2024-10,Organic Search,Desktop,Canada,/home,10,142,False,False,0.0
SES01905,2025-06-24,2025-06,Direct,Desktop,United States,/products,11,518,False,False,0.0
SES01906,2025-01-20,2025-01,Direct,Mobile,United States,/sale,1,26,True,False,0.0
SES01907,2024-08-02,2024-08,Email,Desktop,Canada,/cart,5,122,False,False,0.0
SES01908,2024-07-28,2024-07,Direct,Desktop,United States,/blog,1,31,True,False,0.0
SES01909,2025-01-20,2025-01,Direct,Mobile,United States,/about,10,853,False,False,0.0
SES01910,2024-08-23,2024-08,Social Media,Desktop,United States,/products,1,16,True,False,0.0
SES01911,2024-09-18,2024-09,Direct,Tablet,United States,/checkout,1,20,True,False,0.0
SES01912,2025-01-16,2025-01,Direct,Desktop,United States,/home,1,12,True,False,0.0
SES01913,2024-11-04,2024-11,Direct,Desktop,Australia,/home,2,823,False,False,0.0
SES01914,2024-09-03,2024-09,Organic Search,Desktop,United States,/cart,1,44,True,False,0.0
SES01915,2024-09-26,2024-09,Paid Search,Mobile,United States,/sale,1,38,True,False,0.0
SES01916,2025-06-05,2025-06,Referral,Mobile,Australia,/checkout,1,37,True,False,0.0
SES01917,2024-12-14,2024-12,Referral,Mobile,Germany,/products,11,89,False,False,0.0
SES01918,2025-04-03,2025-04,Direct,Desktop,United Kingdom,/sale,9,339,False,False,0.0
SES01919,2024-09-08,2024-09,Direct,Desktop,United States,/products,7,93,False,False,0.0
SES01920,2024-09-29,2024-09,Paid Search,Desktop,United States,/sale,11,663,False,False,0.0
SES01921,2025-05-22,2025-05,Paid Search,Desktop,Canada,/checkout,10,367,False,False,0.0
SES01922,2025-05-24,2025-05,Referral,Mobile,Canada,/cart,9,481,False,False,0.0
SES01923,2024-12-25,2024-12,Paid Search,Mobile,United States,/home,6,685,False,False,0.0
SES01924,2024-08-15,2024-08,Organic Search,Tablet,Germany,/home,6,258,False,False,0.0
SES01925,2024-11-11,2024-11,Organic Search,Desktop,United Kingdom,/contact,1,27,True,False,0.0
SES01926,2024-07-06,2024-07,Organic Search,Mobile,Canada,/products,1,21,True,False,0.0
SES01927,2024-09-08,2024-09,Email,Mobile,United States,/home,1,43,True,False,0.0
SES01928,2025-02-26,2025-02,Paid Search,Desktop,United States,/checkout,2,73,False,False,0.0
SES01929,2025-03-09,2025-03,Email,Tablet,United States,/home,8,607,False,False,0.0
SES01930,2024-07-05,2024-07,Organic Search,Tablet,Canada,/contact,10,673,False,False,0.0
SES01931,2025-05-02,2025-05,Direct,Mobile,Canada,/cart,1,8,True,False,0.0
SES01932,2024-07-04,2024-07,Direct,Desktop,United States,/sale,9,305,False,False,0.0
SES01933,2025-04-14,2025-04,Direct,Desktop,Germany,/sale,9,802,False,False,0.0
SES01934,2025-05-27,2025-05,Email,Desktop,Canada,/home,10,658,False,False,0.0
SES01935,2024-11-12,2024-11,Direct,Desktop,United States,/products,1,31,True,False,0.0
SES01936,2025-05-17,2025-05,Email,Mobile,Canada,/products,1,9,True,False,0.0
SES01937,2025-05-10,2025-05,Organic Search,Mobile,United States,/contact,2,638,False,False,0.0
SES01938,2024-11-23,2024-11,Organic Search,Mobile,United States,/home,4,98,False,False,0.0
SES01939,2024-11-15,2024-11,Social Media,Tablet,United Kingdom,/products,1,9,True,False,0.0
SES01940,2024-08-05,2024-08,Paid Search,Desktop,United States,/products,1,38,True,False,0.0
SES01941,2024-11-26,2024-11,Email,Mobile,Canada,/home,1,12,True,False,0.0
SES01942,2025-02-19,2025-02,Direct,Desktop,United States,/cart,5,637,False,False,0.0
SES01943,2025-05-15,2025-05,Email,Mobile,Germany,/home,7,73,False,False,0.0
SES01944,2024-09-16,2024-09,Organic Search,Desktop,United States,/sale,1,11,True,False,0.0
SES01945,2025-03-31,2025-03,Organic Search,Tablet,United States,/sale,1,19,True,False,0.0
SES01946,2024-08-22,2024-08,Direct,Mobile,United States,/home,1,21,True,False,0.0
SES01947,2024-09-03,2024-09,Paid Search,Mobile,United States,/home,5,347,False,False,0.0
SES01948,2024-10-28,2024-10,Paid Search,Mobile,United Kingdom,/products,1,14,True,False,0.0
SES01949,2024-07-08,2024-07,Organic Search,Desktop,United States,/products,8,157,False,False,0.0
SES01950,2024-12-07,2024-12,Paid Search,Desktop,United States,/products,5,82,False,False,0.0
SES01951,2025-01-07,2025-01,Paid Search,Desktop,United States,/home,4,281,False,False,0.0
SES01952,2024-12-17,2024-12,Direct,Desktop,United States,/home,1,22,True,False,0.0
SES01953,2024-09-13,2024-09,Social Media,Tablet,Germany,/home,1,6,True,False,0.0
SES01954,2025-01-17,2025-01,Organic Search,Mobile,Canada,/home,1,17,True,False,0.0
SES01955,2025-02-26,2025-02,Organic Search,Mobile,United States,/sale,1,11,True,False,0.0
SES01956,2024-11-06,2024-11,Organic Search,Desktop,United States,/home,5,500,False,False,0.0
SES01957,2024-09-01,2024-09,Organic Search,Mobile,United States,/sale,11,497,False,False,0.0
SES01958,2025-01-14,2025-01,Email,Mobile,United States,/home,3,598,False,False,0.0
SES01959,2024-07-18,2024-07,Email,Mobile,United States,/home,1,42,True,False,0.0
SES01960,2024-08-18,2024-08,Paid Search,Desktop,United States,/home,7,606,False,False,0.0
SES01961,2025-02-28,2025-02,Email,Mobile,United States,/sale,4,619,False,False,0.0
SES01962,2024-12-13,2024-12,Paid Search,Desktop,Canada,/products,1,6,True,False,0.0
SES01963,2024-07-22,2024-07,Paid Search,Desktop,United States,/home,10,520,False,False,0.0
SES01964,2024-09-01,2024-09,Organic Search,Desktop,United States,/about,1,15,True,False,0.0
SES01965,2025-05-23,2025-05,Direct,Mobile,Canada,/products,1,21,True,False,0.0
SES01966,2025-01-01,2025-01,Paid Search,Mobile,United States,/checkout,5,891,False,False,0.0
SES01967,2024-10-20,2024-10,Organic Search,Desktop,United States,/products,5,813,False,False,0.0
SES01968,2025-02-08,2025-02,Email,Desktop,Australia,/about,1,25,True,False,0.0
SES01969,2024-09-24,2024-09,Direct,Desktop,Canada,/sale,9,431,False,False,0.0
SES01970,2025-01-19,2025-01,Email,Desktop,Germany,/about,8,298,False,True,31.4
SES01971,2024-07-22,2024-07,Direct,Tablet,United States,/home,3,281,False,False,0.0
SES01972,2025-06-18,2025-06,Email,Mobile,United States,/products,2,600,False,False,0.0
SES01973,2024-08-15,2024-08,Organic Search,Mobile,Canada,/contact,1,12,True,False,0.0
SES01974,2025-03-13,2025-03,Organic Search,Mobile,Canada,/checkout,1,5,True,False,0.0
SES01975,2025-05-13,2025-05,Organic Search,Desktop,United States,/cart,1,39,True,False,0.0
SES01976,2025-05-17,2025-05,Social Media,Mobile,United Kingdom,/products,1,5,True,False,0.0
SES01977,2024-12-30,2024-12,Organic Search,Desktop,United States,/products,5,718,False,False,0.0
SES01978,2024-08-24,2024-08,Organic Search,Tablet,United States,/checkout,1,17,True,False,0.0
SES01979,2024-10-28,2024-10,Social Media,Tablet,United States,/contact,1,38,True,False,0.0
SES01980,2025-04-12,2025-04,Email,Desktop,United States,/products,8,806,False,False,0.0
SES01981,2025-02-10,2025-02,Organic Search,Desktop,United States,/about,7,207,False,True,34.44
SES01982,2025-01-10,2025-01,Paid Search,Desktop,United States,/products,1,32,True,False,0.0
SES01983,2024-09-07,2024-09,Direct,Mobile,Canada,/products,1,32,True,False,0.0
SES01984,2024-07-21,2024-07,Paid Search,Mobile,United Kingdom,/products,11,629,False,False,0.0
SES01985,2024-11-28,2024-11,Paid Search,Tablet,United Kingdom,/home,10,387,False,False,0.0
SES01986,2025-04-17,2025-04,Paid Search,Desktop,United States,/home,1,15,True,False,0.0
SES01987,2024-12-26,2024-12,Direct,Mobile,United States,/products,1,39,True,False,0.0
SES01988,2025-02-25,2025-02,Social Media,Mobile,United States,/home,1,19,True,False,0.0
SES01989,2025-05-03,2025-05,Email,Mobile,United States,/blog,3,376,False,False,0.0
SES01990,2024-08-05,2024-08,Direct,Tablet,United States,/cart,11,551,False,False,0.0
SES01991,2024-11-12,2024-11,Referral,Desktop,Germany,/home,9,611,False,False,0.0
SES01992,2025-05-23,2025-05,Paid Search,Desktop,United States,/about,8,625,False,False,0.0
SES01993,2024-07-10,2024-07,Social Media,Desktop,United States,/checkout,1,43,True,False,0.0
SES01994,2025-01-03,2025-01,Organic Search,Mobile,United States,/sale,3,537,False,False,0.0
SES01995,2024-08-02,2024-08,Direct,Desktop,United States,/home,10,109,False,False,0.0
SES01996,2025-01-15,2025-01,Referral,Mobile,United States,/products,1,34,True,False,0.0
SES01997,2025-06-15,2025-06,Referral,Desktop,United Kingdom,/blog,1,20,True,False,0.0
SES01998,2025-04-09,2025-04,Paid Search,Tablet,United States,/products,1,8,True,False,0.0
SES01999,2024-11-22,2024-11,Organic Search,Desktop,Canada,/products,1,29,True,False,0.0
SES02000,2025-05-25,2025-05,Organic Search,Mobile,United States,/home,1,8,True,False,0.0
SES02001,2024-08-19,2024-08,Social Media,Mobile,United States,/about,1,37,True,False,0.0
SES02002,2024-08-04,2024-08,Organic Search,Desktop,United Kingdom,/products,1,42,True,False,0.0
SES02003,2024-09-05,2024-09,Social Media,Desktop,Germany,/sale,1,19,True,False,0.0
SES02004,2024-07-17,2024-07,Organic Search,Mobile,United States,/home,1,8,True,False,0.0
SES02005,2025-03-06,2025-03,Social Media,Mobile,United Kingdom,/about,1,26,True,False,0.0
SES02006,2024-07-17,2024-07,Email,Mobile,United States,/home,6,272,False,False,0.0
SES02007,2025-06-02,2025-06,Email,Mobile,Australia,/products,3,208,False,False,0.0
SES02008,2025-04-29,2025-04,Paid Search,Desktop,Canada,/products,1,28,True,False,0.0
SES02009,2025-01-04,2025-01,Paid Search,Mobile,United States,/contact,1,38,True,False,0.0
SES02010,2024-08-06,2024-08,Paid Search,Mobile,United States,/home,1,44,True,False,0.0
SES02011,2024-10-15,2024-10,Organic Search,Mobile,United Kingdom,/home,5,895,False,False,0.0
SES02012,2024-08-10,2024-08,Email,Mobile,Canada,/home,5,150,False,False,0.0
SES02013,2025-01-01,2025-01,Paid Search,Desktop,United States,/about,6,825,False,False,0.0
SES02014,2025-01-29,2025-01,Social Media,Desktop,United Kingdom,/home,6,127,False,False,0.0
SES02015,2024-07-30,2024-07,Organic Search,Desktop,United States,/products,3,273,False,False,0.0
SES02016,2024-07-21,2024-07,Paid Search,Desktop,United States,/products,8,760,False,False,0.0
SES02017,2024-08-09,2024-08,Direct,Mobile,United Kingdom,/blog,9,854,False,False,0.0
SES02018,2024-08-19,2024-08,Organic Search,Mobile,Australia,/home,1,26,True,False,0.0
SES02019,2024-10-27,2024-10,Direct,Tablet,United Kingdom,/cart,11,553,False,False,0.0
SES02020,2025-03-27,2025-03,Organic Search,Desktop,United States,/products,6,201,False,False,0.0
SES02021,2024-09-30,2024-09,Organic Search,Desktop,United States,/sale,9,170,False,False,0.0
SES02022,2024-08-24,2024-08,Organic Search,Desktop,United States,/products,9,244,False,False,0.0
SES02023,2025-06-11,2025-06,Organic Search,Mobile,United States,/home,4,854,False,False,0.0
SES02024,2024-08-23,2024-08,Referral,Mobile,Canada,/home,1,9,True,False,0.0
SES02025,2024-10-01,2024-10,Organic Search,Mobile,United States,/contact,11,72,False,False,0.0
SES02026,2025-06-02,2025-06,Organic Search,Desktop,United States,/home,1,41,True,False,0.0
SES02027,2025-05-04,2025-05,Direct,Desktop,United States,/about,7,547,False,False,0.0
SES02028,2024-12-09,2024-12,Direct,Mobile,United States,/home,10,466,False,False,0.0
SES02029,2025-01-07,2025-01,Organic Search,Mobile,Canada,/cart,1,20,True,False,0.0
SES02030,2025-05-21,2025-05,Organic Search,Desktop,United Kingdom,/home,10,226,False,False,0.0
SES02031,2025-05-08,2025-05,Organic Search,Desktop,United States,/cart,1,30,True,False,0.0
SES02032,2025-04-06,2025-04,Email,Mobile,Germany,/home,1,25,True,False,0.0
SES02033,2025-04-08,2025-04,Paid Search,Mobile,United States,/home,6,89,False,False,0.0
SES02034,2025-02-17,2025-02,Organic Search,Mobile,Canada,/contact,5,856,False,False,0.0
SES02035,2024-07-18,2024-07,Direct,Desktop,United States,/home,10,480,False,False,0.0
SES02036,2025-03-23,2025-03,Social Media,Mobile,United States,/home,1,13,True,False,0.0
SES02037,2024-12-02,2024-12,Email,Desktop,Germany,/cart,1,23,True,False,0.0
SES02038,2024-10-22,2024-10,Organic Search,Desktop,United States,/sale,1,31,True,False,0.0
SES02039,2024-12-09,2024-12,Direct,Desktop,United States,/about,1,37,True,False,0.0
SES02040,2025-06-19,2025-06,Organic Search,Tablet,United States,/contact,11,474,False,False,0.0
SES02041,2025-03-19,2025-03,Organic Search,Desktop,Canada,/cart,7,843,False,False,0.0
SES02042,2024-09-18,2024-09,Organic Search,Desktop,United States,/home,1,40,True,False,0.0
SES02043,2025-02-21,2025-02,Email,Tablet,Germany,/cart,7,143,False,False,0.0
SES02044,2025-01-04,2025-01,Organic Search,Desktop,Australia,/home,5,104,False,False,0.0
SES02045,2024-11-09,2024-11,Paid Search,Desktop,United States,/home,8,537,False,False,0.0
SES02046,2025-01-21,2025-01,Social Media,Mobile,United States,/home,1,10,True,False,0.0
SES02047,2024-10-20,2024-10,Organic Search,Desktop,United States,/sale,11,607,False,False,0.0
SES02048,2025-03-05,2025-03,Direct,Desktop,Australia,/products,1,19,True,False,0.0
SES02049,2025-06-19,2025-06,Email,Desktop,Germany,/home,8,472,False,False,0.0
SES02050,2024-08-18,2024-08,Email,Desktop,Australia,/sale,5,244,False,False,0.0
SES02051,2025-04-22,2025-04,Email,Mobile,United States,/home,5,137,False,False,0.0
SES02052,2024-12-19,2024-12,Organic Search,Mobile,Australia,/contact,1,21,True,False,0.0
SES02053,2025-02-08,2025-02,Social Media,Mobile,United States,/products,1,19,True,False,0.0
SES02054,2024-08-31,2024-08,Organic Search,Desktop,United States,/contact,10,753,False,False,0.0
SES02055,2025-05-31,2025-05,Social Media,Mobile,United States,/sale,2,771,False,False,0.0
SES02056,2025-05-21,2025-05,Organic Search,Mobile,United States,/sale,4,749,False,False,0.0
SES02057,2024-12-04,2024-12,Referral,Desktop,United States,/products,10,834,False,False,0.0
SES02058,2025-04-16,2025-04,Paid Search,Mobile,United States,/products,1,28,True,False,0.0
SES02059,2025-03-15,2025-03,Paid Search,Mobile,United States,/home,6,777,False,False,0.0
SES02060,2025-06-10,2025-06,Paid Search,Mobile,United States,/home,9,177,False,False,0.0
SES02061,2025-02-14,2025-02,Direct,Desktop,Australia,/home,2,655,False,False,0.0
SES02062,2024-08-16,2024-08,Organic Search,Mobile,United States,/about,1,43,True,False,0.0
SES02063,2024-11-26,2024-11,Referral,Mobile,United States,/products,9,401,False,False,0.0
SES02064,2024-12-20,2024-12,Email,Desktop,United States,/home,1,22,True,False,0.0
SES02065,2025-04-19,2025-04,Organic Search,Tablet,United States,/home,8,304,False,False,0.0
SES02066,2024-11-12,2024-11,Social Media,Tablet,United States,/about,1,29,True,False,0.0
SES02067,2025-03-14,2025-03,Organic Search,Desktop,United States,/home,6,718,False,False,0.0
SES02068,2024-09-08,2024-09,Direct,Mobile,Canada,/home,8,548,False,False,0.0
SES02069,2025-01-19,2025-01,Email,Mobile,Germany,/home,10,799,False,False,0.0
SES02070,2025-05-12,2025-05,Direct,Desktop,Australia,/products,11,248,False,False,0.0
SES02071,2024-11-02,2024-11,Referral,Desktop,United Kingdom,/home,1,31,True,False,0.0
SES02072,2025-02-06,2025-02,Paid Search,Desktop,United States,/products,1,9,True,False,0.0
SES02073,2025-04-21,2025-04,Direct,Desktop,United Kingdom,/cart,1,17,True,False,0.0
SES02074,2025-06-09,2025-06,Social Media,Desktop,United States,/home,1,31,True,False,0.0
SES02075,2025-01-04,2025-01,Social Media,Desktop,United States,/products,1,23,True,False,0.0
SES02076,2024-12-12,2024-12,Organic Search,Mobile,United States,/products,1,26,True,False,0.0
SES02077,2025-06-01,2025-06,Direct,Desktop,Canada,/home,1,21,True,False,0.0
SES02078,2024-12-04,2024-12,Direct,Desktop,Canada,/products,1,21,True,False,0.0
SES02079,2024-12-27,2024-12,Organic Search,Tablet,Germany,/about,2,718,False,False,0.0
SES02080,2025-02-12,2025-02,Organic Search,Mobile,United States,/contact,3,630,False,False,0.0
SES02081,2024-10-28,2024-10,Referral,Desktop,United Kingdom,/home,1,39,True,False,0.0
SES02082,2025-01-08,2025-01,Organic Search,Desktop,United States,/about,1,17,True,False,0.0
SES02083,2024-08-13,2024-08,Paid Search,Desktop,United States,/products,1,13,True,False,0.0
SES02084,2024-07-28,2024-07,Direct,Mobile,United States,/home,1,24,True,False,0.0
SES02085,2025-05-14,2025-05,Email,Mobile,United States,/products,6,739,False,False,0.0
SES02086,2024-11-25,2024-11,Organic Search,Desktop,United States,/products,1,43,True,False,0.0
SES02087,2025-06-21,2025-06,Organic Search,Mobile,United States,/products,11,554,False,False,0.0
SES02088,2025-02-27,2025-02,Referral,Desktop,United States,/products,1,42,True,False,0.0
SES02089,2024-10-16,2024-10,Paid Search,Mobile,United States,/products,4,849,False,False,0.0
SES02090,2025-04-06,2025-04,Organic Search,Tablet,United States,/home,6,251,False,False,0.0
SES02091,2025-03-05,2025-03,Paid Search,Desktop,United States,/contact,11,708,False,False,0.0
SES02092,2025-06-21,2025-06,Direct,Desktop,United States,/contact,10,609,False,True,142.96
SES02093,2025-04-25,2025-04,Organic Search,Desktop,United States,/home,10,810,False,False,0.0
SES02094,2024-11-08,2024-11,Direct,Desktop,United Kingdom,/home,1,44,True,False,0.0
SES02095,2024-11-23,2024-11,Paid Search,Mobile,United States,/home,1,24,True,False,0.0
SES02096,2025-06-22,2025-06,Organic Search,Mobile,Canada,/blog,3,248,False,False,0.0
SES02097,2025-06-01,2025-06,Paid Search,Mobile,United Kingdom,/home,6,172,False,False,0.0
SES02098,2025-06-04,2025-06,Social Media,Desktop,United States,/products,1,21,True,False,0.0
SES02099,2025-06-03,2025-06,Organic Search,Mobile,United States,/checkout,1,22,True,False,0.0
SES02100,2024-08-25,2024-08,Organic Search,Mobile,United States,/products,1,22,True,False,0.0
SES02101,2025-05-29,2025-05,Direct,Mobile,United States,/cart,6,142,False,False,0.0
SES02102,2025-03-18,2025-03,Social Media,Desktop,Germany,/home,3,664,False,False,0.0
SES02103,2024-12-09,2024-12,Direct,Desktop,United States,/sale,4,590,False,False,0.0
SES02104,2024-08-15,2024-08,Direct,Desktop,Canada,/home,1,34,True,False,0.0
SES02105,2025-03-14,2025-03,Direct,Mobile,United States,/products,10,812,False,False,0.0
SES02106,2025-06-30,2025-06,Paid Search,Desktop,Germany,/checkout,1,19,True,False,0.0
SES02107,2024-11-04,2024-11,Direct,Mobile,Canada,/sale,6,356,False,False,0.0
SES02108,2025-03-08,2025-03,Paid Search,Desktop,United Kingdom,/home,1,15,True,False,0.0
SES02109,2024-09-19,2024-09,Paid Search,Mobile,United States,/home,1,22,True,False,0.0
SES02110,2025-06-16,2025-06,Organic Search,Desktop,United States,/products,1,6,True,False,0.0
SES02111,2025-05-17,2025-05,Direct,Desktop,United States,/about,1,39,True,False,0.0
SES02112,2025-03-14,2025-03,Email,Mobile,United States,/home,1,24,True,False,0.0
SES02113,2024-08-01,2024-08,Paid Search,Desktop,United Kingdom,/products,8,317,False,False,0.0
SES02114,2024-07-16,2024-07,Email,Desktop,United States,/home,11,368,False,False,0.0
SES02115,2024-10-24,2024-10,Direct,Desktop,United States,/products,1,7,True,False,0.0
SES02116,2025-01-18,2025-01,Social Media,Desktop,Australia,/blog,10,271,False,False,0.0
SES02117,2025-01-12,2025-01,Organic Search,Mobile,United Kingdom,/products,11,613,False,False,0.0
SES02118,2025-05-17,2025-05,Direct,Mobile,United States,/products,5,509,False,False,0.0
SES02119,2025-04-20,2025-04,Paid Search,Mobile,United States,/home,1,42,True,False,0.0
SES02120,2024-12-07,2024-12,Direct,Desktop,United States,/contact,4,479,False,False,0.0
SES02121,2025-04-04,2025-04,Social Media,Desktop,Australia,/about,1,32,True,False,0.0
SES02122,2025-05-31,2025-05,Direct,Desktop,Canada,/sale,1,16,True,False,0.0
SES02123,2025-04-04,2025-04,Paid Search,Desktop,United States,/home,11,468,False,False,0.0
SES02124,2024-09-09,2024-09,Direct,Mobile,United States,/checkout,1,40,True,False,0.0
SES02125,2025-06-27,2025-06,Direct,Mobile,Canada,/about,6,142,False,False,0.0
SES02126,2025-02-06,2025-02,Email,Mobile,Australia,/products,4,698,False,False,0.0
SES02127,2024-09-13,2024-09,Organic Search,Mobile,United States,/cart,4,205,False,False,0.0
SES02128,2024-09-19,2024-09,Paid Search,Desktop,Canada,/contact,1,19,True,False,0.0
SES02129,2025-04-12,2025-04,Paid Search,Mobile,United States,/home,11,72,False,False,0.0
SES02130,2024-10-03,2024-10,Referral,Mobile,United States,/cart,1,7,True,False,0.0
SES02131,2024-09-13,2024-09,Paid Search,Mobile,United States,/products,7,706,False,False,0.0
SES02132,2025-01-28,2025-01,Organic Search,Desktop,United States,/products,7,392,False,False,0.0
SES02133,2025-05-23,2025-05,Email,Mobile,United States,/contact,7,758,False,False,0.0
SES02134,2024-10-05,2024-10,Email,Desktop,United States,/contact,1,43,True,False,0.0
SES02135,2024-10-03,2024-10,Direct,Desktop,United States,/products,1,12,True,False,0.0
SES02136,2025-05-10,2025-05,Social Media,Mobile,United States,/cart,1,14,True,False,0.0
SES02137,2025-05-07,2025-05,Paid Search,Desktop,United States,/products,2,410,False,False,0.0
SES02138,2024-10-27,2024-10,Organic Search,Desktop,Canada,/home,1,19,True,False,0.0
SES02139,2024-07-14,2024-07,Organic Search,Desktop,United States,/products,1,31,True,False,0.0
SES02140,2025-06-18,2025-06,Direct,Desktop,Germany,/contact,3,841,False,False,0.0
SES02141,2025-05-06,2025-05,Social Media,Desktop,United States,/about,1,17,True,False,0.0
SES02142,2025-05-29,2025-05,Social Media,Tablet,United States,/products,1,13,True,False,0.0
SES02143,2025-01-15,2025-01,Paid Search,Desktop,United States,/about,4,82,False,False,0.0
SES02144,2024-10-07,2024-10,Direct,Tablet,United Kingdom,/home,1,19,True,False,0.0
SES02145,2025-01-26,2025-01,Paid Search,Desktop,Canada,/checkout,4,634,False,True,248.39
SES02146,2024-11-16,2024-11,Organic Search,Desktop,United States,/contact,4,266,False,False,0.0
SES02147,2025-06-09,2025-06,Paid Search,Mobile,United States,/cart,11,348,False,False,0.0
SES02148,2024-08-03,2024-08,Organic Search,Desktop,United States,/cart,1,36,True,False,0.0
SES02149,2025-02-10,2025-02,Email,Tablet,United States,/contact,4,592,False,False,0.0
SES02150,2024-12-14,2024-12,Direct,Desktop,Canada,/checkout,2,135,False,False,0.0
SES02151,2025-02-04,2025-02,Paid Search,Mobile,United Kingdom,/home,1,7,True,False,0.0
SES02152,2024-07-22,2024-07,Email,Tablet,United States,/products,11,538,False,False,0.0
SES02153,2024-12-08,2024-12,Direct,Desktop,United Kingdom,/home,2,89,False,False,0.0
SES02154,2025-04-19,2025-04,Social Media,Desktop,Canada,/products,1,26,True,False,0.0
SES02155,2025-03-26,2025-03,Social Media,Mobile,United States,/about,1,23,True,False,0.0
SES02156,2025-06-26,2025-06,Social Media,Desktop,Australia,/home,5,735,False,False,0.0
SES02157,2025-02-17,2025-02,Organic Search,Desktop,United Kingdom,/about,9,673,False,False,0.0
SES02158,2024-11-03,2024-11,Paid Search,Desktop,United States,/products,11,330,False,False,0.0
SES02159,2024-07-21,2024-07,Direct,Desktop,United States,/sale,11,303,False,False,0.0
SES02160,2025-05-19,2025-05,Paid Search,Desktop,United States,/home,4,474,False,False,0.0
SES02161,2025-02-11,2025-02,Email,Mobile,United States,/sale,9,270,False,False,0.0
SES02162,2024-11-24,2024-11,Organic Search,Mobile,United States,/sale,11,505,False,False,0.0
SES02163,2025-05-10,2025-05,Organic Search,Desktop,United States,/home,7,106,False,False,0.0
SES02164,2024-09-11,2024-09,Social Media,Desktop,United States,/contact,1,24,True,False,0.0
SES02165,2025-05-27,2025-05,Direct,Mobile,Canada,/blog,6,90,False,False,0.0
SES02166,2024-08-27,2024-08,Paid Search,Desktop,United States,/cart,1,16,True,False,0.0
SES02167,2025-04-26,2025-04,Direct,Mobile,United States,/checkout,2,844,False,False,0.0
SES02168,2024-09-08,2024-09,Organic Search,Desktop,Australia,/home,1,30,True,False,0.0
SES02169,2024-12-13,2024-12,Paid Search,Mobile,United States,/home,9,462,False,False,0.0
SES02170,2025-04-29,2025-04,Organic Search,Mobile,United States,/home,2,802,False,False,0.0
SES02171,2025-02-18,2025-02,Social Media,Mobile,United States,/products,1,15,True,False,0.0
SES02172,2024-12-13,2024-12,Paid Search,Mobile,United States,/products,10,599,False,False,0.0
SES02173,2024-09-22,2024-09,Organic Search,Mobile,United States,/products,6,464,False,False,0.0
SES02174,2024-08-28,2024-08,Organic Search,Desktop,United States,/blog,10,304,False,False,0.0
SES02175,2024-08-13,2024-08,Direct,Desktop,Australia,/sale,10,566,False,False,0.0
SES02176,2025-03-19,2025-03,Email,Desktop,United States,/products,8,95,False,False,0.0
SES02177,2025-04-08,2025-04,Email,Mobile,United States,/contact,8,298,False,False,0.0
SES02178,2024-12-19,2024-12,Social Media,Mobile,Canada,/home,1,31,True,False,0.0
SES02179,2025-06-03,2025-06,Organic Search,Desktop,United States,/checkout,3,681,False,False,0.0
SES02180,2024-09-13,2024-09,Organic Search,Mobile,Australia,/sale,1,36,True,False,0.0
SES02181,2025-06-30,2025-06,Organic Search,Tablet,United States,/products,1,26,True,False,0.0
SES02182,2024-12-05,2024-12,Organic Search,Tablet,United States,/home,1,22,True,False,0.0
SES02183,2025-02-14,2025-02,Organic Search,Desktop,United States,/home,1,5,True,False,0.0
SES02184,2024-10-01,2024-10,Organic Search,Desktop,United States,/about,1,18,True,False,0.0
SES02185,2024-09-06,2024-09,Organic Search,Tablet,United States,/about,6,658,False,True,49.34
SES02186,2024-11-07,2024-11,Paid Search,Desktop,Germany,/contact,1,22,True,False,0.0
SES02187,2025-03-12,2025-03,Social Media,Mobile,United States,/sale,9,893,False,False,0.0
SES02188,2024-07-03,2024-07,Email,Desktop,Canada,/home,3,93,False,False,0.0
SES02189,2024-10-20,2024-10,Direct,Desktop,Canada,/home,7,862,False,False,0.0
SES02190,2025-01-26,2025-01,Organic Search,Mobile,Australia,/products,3,707,False,False,0.0
SES02191,2024-07-04,2024-07,Organic Search,Mobile,Canada,/cart,1,14,True,False,0.0
SES02192,2025-04-07,2025-04,Organic Search,Desktop,Australia,/products,1,5,True,False,0.0
SES02193,2025-05-18,2025-05,Organic Search,Desktop,United Kingdom,/sale,6,764,False,False,0.0
SES02194,2024-07-26,2024-07,Organic Search,Tablet,United States,/sale,1,27,True,False,0.0
SES02195,2024-07-29,2024-07,Organic Search,Tablet,Canada,/sale,8,293,False,True,121.49
SES02196,2024-07-17,2024-07,Social Media,Desktop,United States,/about,2,521,False,False,0.0
SES02197,2024-11-30,2024-11,Referral,Desktop,Australia,/contact,1,42,True,False,0.0
SES02198,2024-08-14,2024-08,Organic Search,Desktop,United States,/home,1,18,True,False,0.0
SES02199,2025-01-30,2025-01,Social Media,Desktop,United States,/home,3,332,False,False,0.0
SES02200,2024-11-23,2024-11,Paid Search,Desktop,Canada,/products,5,532,False,False,0.0
SES02201,2025-05-01,2025-05,Social Media,Tablet,United States,/home,1,16,True,False,0.0
SES02202,2025-04-14,2025-04,Organic Search,Tablet,United States,/sale,1,27,True,False,0.0
SES02203,2025-02-19,2025-02,Social Media,Mobile,United States,/products,10,354,False,False,0.0
SES02204,2024-07-19,2024-07,Paid Search,Mobile,United States,/checkout,1,41,True,False,0.0
SES02205,2024-12-01,2024-12,Direct,Desktop,Australia,/checkout,1,14,True,False,0.0
SES02206,2025-01-11,2025-01,Organic Search,Desktop,United States,/home,2,168,False,False,0.0
SES02207,2025-04-08,2025-04,Organic Search,Tablet,United States,/about,1,25,True,False,0.0
SES02208,2025-02-27,2025-02,Organic Search,Mobile,United States,/products,1,10,True,False,0.0
SES02209,2025-06-21,2025-06,Social Media,Desktop,United States,/sale,5,288,False,False,0.0
SES02210,2025-01-28,2025-01,Paid Search,Desktop,United Kingdom,/home,2,276,False,False,0.0
SES02211,2025-05-10,2025-05,Direct,Mobile,United States,/products,1,41,True,False,0.0
SES02212,2025-04-19,2025-04,Organic Search,Desktop,United States,/contact,2,889,False,False,0.0
SES02213,2024-08-14,2024-08,Direct,Mobile,United States,/about,3,856,False,False,0.0
SES02214,2025-06-27,2025-06,Organic Search,Desktop,United States,/products,1,18,True,False,0.0
SES02215,2025-05-08,2025-05,Organic Search,Desktop,United States,/cart,2,226,False,False,0.0
SES02216,2025-04-21,2025-04,Organic Search,Mobile,United States,/sale,2,176,False,False,0.0
SES02217,2024-09-05,2024-09,Organic Search,Mobile,United States,/cart,11,175,False,False,0.0
SES02218,2025-05-20,2025-05,Organic Search,Tablet,United States,/about,5,819,False,False,0.0
SES02219,2025-05-09,2025-05,Direct,Mobile,United States,/checkout,1,19,True,False,0.0
SES02220,2024-11-26,2024-11,Paid Search,Desktop,United States,/products,5,285,False,True,102.27
SES02221,2024-07-13,2024-07,Paid Search,Mobile,United States,/contact,8,756,False,False,0.0
SES02222,2024-10-15,2024-10,Paid Search,Mobile,United States,/products,4,220,False,False,0.0
SES02223,2025-01-28,2025-01,Organic Search,Desktop,Canada,/blog,1,19,True,False,0.0
SES02224,2024-12-27,2024-12,Organic Search,Mobile,United Kingdom,/cart,2,309,False,False,0.0
SES02225,2024-07-06,2024-07,Organic Search,Desktop,United States,/sale,7,818,False,False,0.0
SES02226,2024-11-08,2024-11,Paid Search,Mobile,United States,/products,5,344,False,False,0.0
SES02227,2025-03-17,2025-03,Direct,Mobile,Canada,/home,3,877,False,False,0.0
SES02228,2024-08-28,2024-08,Direct,Mobile,United States,/checkout,2,780,False,False,0.0
SES02229,2025-04-18,2025-04,Referral,Desktop,Australia,/home,4,817,False,True,104.39
SES02230,2024-09-28,2024-09,Direct,Mobile,Canada,/products,1,29,True,False,0.0
SES02231,2024-12-21,2024-12,Organic Search,Mobile,United States,/products,3,267,False,False,0.0
SES02232,2025-02-28,2025-02,Organic Search,Desktop,United Kingdom,/sale,8,482,False,False,0.0
SES02233,2025-03-04,2025-03,Social Media,Desktop,Canada,/products,1,41,True,False,0.0
SES02234,2025-02-21,2025-02,Email,Mobile,United States,/checkout,10,164,False,False,0.0
SES02235,2024-12-19,2024-12,Organic Search,Mobile,United States,/checkout,11,830,False,False,0.0
SES02236,2024-07-29,2024-07,Direct,Desktop,Australia,/checkout,8,268,False,False,0.0
SES02237,2025-06-13,2025-06,Organic Search,Desktop,United Kingdom,/home,1,33,True,False,0.0
SES02238,2025-04-01,2025-04,Email,Mobile,United Kingdom,/home,1,34,True,False,0.0
SES02239,2025-04-22,2025-04,Organic Search,Desktop,Canada,/products,5,713,False,False,0.0
SES02240,2024-12-29,2024-12,Organic Search,Mobile,Canada,/products,1,26,True,False,0.0
SES02241,2024-09-15,2024-09,Organic Search,Desktop,Australia,/checkout,1,22,True,False,0.0
SES02242,2024-07-16,2024-07,Organic Search,Mobile,United States,/contact,1,44,True,False,0.0
SES02243,2025-01-09,2025-01,Organic Search,Desktop,Canada,/cart,10,256,False,False,0.0
SES02244,2025-04-19,2025-04,Email,Desktop,United States,/checkout,11,761,False,False,0.0
SES02245,2024-08-29,2024-08,Referral,Desktop,United Kingdom,/products,3,474,False,False,0.0
SES02246,2025-06-27,2025-06,Organic Search,Mobile,United States,/checkout,11,617,False,False,0.0
SES02247,2024-11-17,2024-11,Organic Search,Mobile,United States,/products,1,20,True,False,0.0
SES02248,2025-03-12,2025-03,Direct,Desktop,United States,/home,7,60,False,False,0.0
SES02249,2024-12-02,2024-12,Organic Search,Mobile,Canada,/about,1,21,True,False,0.0
SES02250,2024-12-02,2024-12,Organic Search,Mobile,United States,/cart,1,28,True,False,0.0
SES02251,2025-01-08,2025-01,Organic Search,Desktop,United States,/sale,3,438,False,False,0.0
SES02252,2024-08-17,2024-08,Organic Search,Desktop,United States,/contact,5,560,False,True,161.95
SES02253,2025-03-05,2025-03,Referral,Tablet,United States,/home,6,887,False,False,0.0
SES02254,2024-12-22,2024-12,Direct,Mobile,United Kingdom,/products,4,479,False,False,0.0
SES02255,2025-03-26,2025-03,Social Media,Mobile,United States,/products,1,31,True,False,0.0
SES02256,2024-12-15,2024-12,Organic Search,Tablet,United States,/home,1,21,True,False,0.0
SES02257,2024-08-20,2024-08,Direct,Desktop,United States,/cart,10,409,False,False,0.0
SES02258,2025-06-12,2025-06,Organic Search,Tablet,United States,/home,10,452,False,False,0.0
SES02259,2024-07-19,2024-07,Organic Search,Mobile,United States,/sale,9,853,False,False,0.0
SES02260,2025-03-25,2025-03,Email,Desktop,United States,/home,1,27,True,False,0.0
SES02261,2024-12-07,2024-12,Email,Desktop,United States,/products,7,389,False,False,0.0
SES02262,2025-05-01,2025-05,Organic Search,Desktop,United States,/contact,3,883,False,False,0.0
SES02263,2024-07-24,2024-07,Paid Search,Mobile,United Kingdom,/home,1,18,True,False,0.0
SES02264,2025-06-03,2025-06,Direct,Desktop,United States,/sale,3,176,False,True,81.87
SES02265,2024-12-07,2024-12,Organic Search,Desktop,United Kingdom,/products,11,239,False,False,0.0
SES02266,2024-10-11,2024-10,Direct,Desktop,United States,/about,1,5,True,False,0.0
SES02267,2024-11-19,2024-11,Organic Search,Mobile,United States,/products,6,845,False,False,0.0
SES02268,2025-06-09,2025-06,Paid Search,Mobile,United States,/sale,1,17,True,False,0.0
SES02269,2024-09-15,2024-09,Organic Search,Desktop,United States,/products,1,23,True,False,0.0
SES02270,2024-08-28,2024-08,Referral,Desktop,United States,/cart,1,43,True,False,0.0
SES02271,2025-05-15,2025-05,Organic Search,Desktop,United States,/cart,5,816,False,False,0.0
SES02272,2025-04-04,2025-04,Organic Search,Desktop,United States,/checkout,1,10,True,False,0.0
SES02273,2024-12-11,2024-12,Email,Desktop,United States,/checkout,1,12,True,False,0.0
SES02274,2025-06-26,2025-06,Paid Search,Mobile,United States,/home,2,422,False,False,0.0
SES02275,2024-09-26,2024-09,Organic Search,Desktop,United States,/home,1,12,True,False,0.0
SES02276,2025-05-10,2025-05,Email,Desktop,United States,/home,7,423,False,False,0.0
SES02277,2024-07-26,2024-07,Organic Search,Desktop,Germany,/about,1,41,True,False,0.0
SES02278,2025-02-27,2025-02,Email,Mobile,United States,/products,10,812,False,True,26.27
SES02279,2025-01-13,2025-01,Referral,Desktop,United States,/cart,1,15,True,False,0.0
SES02280,2025-02-04,2025-02,Paid Search,Desktop,United States,/home,1,34,True,False,0.0
SES02281,2025-06-26,2025-06,Organic Search,Mobile,Australia,/sale,4,344,False,False,0.0
SES02282,2025-06-19,2025-06,Direct,Mobile,Germany,/products,5,323,False,False,0.0
SES02283,2024-12-07,2024-12,Social Media,Desktop,United States,/about,1,40,True,False,0.0
SES02284,2024-10-10,2024-10,Organic Search,Desktop,United States,/cart,8,656,False,False,0.0
SES02285,2025-03-31,2025-03,Social Media,Desktop,United States,/home,1,26,True,False,0.0
SES02286,2025-02-24,2025-02,Organic Search,Desktop,United Kingdom,/about,11,738,False,False,0.0
SES02287,2025-06-23,2025-06,Social Media,Mobile,United States,/checkout,1,17,True,False,0.0
SES02288,2025-02-19,2025-02,Organic Search,Desktop,United States,/cart,1,19,True,False,0.0
SES02289,2025-05-26,2025-05,Paid Search,Desktop,United States,/home,7,537,False,False,0.0
SES02290,2024-10-27,2024-10,Email,Tablet,United States,/products,11,751,False,False,0.0
SES02291,2025-05-12,2025-05,Direct,Desktop,United States,/products,1,10,True,False,0.0
SES02292,2025-01-03,2025-01,Organic Search,Mobile,United Kingdom,/about,1,36,True,False,0.0
SES02293,2025-06-24,2025-06,Email,Mobile,United States,/home,8,344,False,False,0.0
SES02294,2024-12-14,2024-12,Direct,Mobile,Germany,/products,6,629,False,True,165.5
SES02295,2025-03-01,2025-03,Social Media,Tablet,United Kingdom,/products,1,21,True,False,0.0
SES02296,2025-03-03,2025-03,Organic Search,Desktop,Canada,/home,5,706,False,False,0.0
SES02297,2024-12-26,2024-12,Organic Search,Mobile,Germany,/contact,2,561,False,False,0.0
SES02298,2024-08-22,2024-08,Direct,Mobile,United States,/products,10,882,False,False,0.0
SES02299,2024-08-24,2024-08,Social Media,Desktop,United States,/products,1,32,True,False,0.0
SES02300,2025-05-29,2025-05,Social Media,Mobile,Canada,/products,1,43,True,False,0.0
SES02301,2024-12-02,2024-12,Referral,Tablet,Canada,/home,9,217,False,False,0.0
SES02302,2025-01-28,2025-01,Paid Search,Mobile,Canada,/cart,1,22,True,False,0.0
SES02303,2024-11-02,2024-11,Referral,Mobile,Germany,/home,3,313,False,False,0.0
SES02304,2025-01-13,2025-01,Social Media,Desktop,United States,/blog,1,34,True,False,0.0
SES02305,2024-10-15,2024-10,Social Media,Desktop,United States,/cart,8,333,False,False,0.0
SES02306,2025-02-08,2025-02,Direct,Mobile,United States,/home,6,415,False,False,0.0
SES02307,2025-06-21,2025-06,Paid Search,Mobile,Australia,/cart,1,16,True,False,0.0
SES02308,2025-06-05,2025-06,Organic Search,Desktop,United Kingdom,/contact,8,420,False,False,0.0
SES02309,2025-06-30,2025-06,Organic Search,Desktop,United States,/about,3,363,False,False,0.0
SES02310,2025-04-30,2025-04,Organic Search,Desktop,Canada,/checkout,5,305,False,False,0.0
SES02311,2024-08-19,2024-08,Direct,Tablet,United States,/cart,6,726,False,False,0.0
SES02312,2025-01-24,2025-01,Organic Search,Desktop,United States,/products,1,35,True,False,0.0
SES02313,2024-08-25,2024-08,Paid Search,Mobile,United States,/home,3,509,False,False,0.0
SES02314,2025-01-11,2025-01,Email,Desktop,United Kingdom,/products,1,6,True,False,0.0
SES02315,2025-05-27,2025-05,Paid Search,Tablet,United States,/home,8,131,False,False,0.0
SES02316,2024-09-10,2024-09,Organic Search,Mobile,United States,/products,8,513,False,False,0.0
SES02317,2025-05-22,2025-05,Direct,Desktop,United States,/home,3,584,False,False,0.0
SES02318,2025-06-04,2025-06,Paid Search,Desktop,Germany,/blog,1,34,True,False,0.0
SES02319,2025-03-30,2025-03,Organic Search,Mobile,Australia,/sale,1,5,True,False,0.0
SES02320,2025-05-12,2025-05,Social Media,Mobile,Australia,/products,1,38,True,False,0.0
SES02321,2024-10-09,2024-10,Paid Search,Mobile,United States,/contact,1,19,True,False,0.0
SES02322,2024-12-10,2024-12,Organic Search,Mobile,United States,/home,1,27,True,False,0.0
SES02323,2025-06-13,2025-06,Social Media,Desktop,United States,/products,1,22,True,False,0.0
SES02324,2025-02-08,2025-02,Direct,Mobile,United States,/products,3,539,False,False,0.0
SES02325,2024-08-15,2024-08,Paid Search,Mobile,United States,/contact,9,586,False,False,0.0
SES02326,2025-03-19,2025-03,Organic Search,Desktop,United States,/checkout,1,34,True,False,0.0
SES02327,2024-09-04,2024-09,Direct,Desktop,United States,/products,4,614,False,False,0.0
SES02328,2025-04-08,2025-04,Paid Search,Tablet,United Kingdom,/home,9,845,False,True,142.72
SES02329,2025-04-13,2025-04,Email,Mobile,United States,/products,2,853,False,False,0.0
SES02330,2024-11-22,2024-11,Organic Search,Mobile,United States,/home,4,644,False,False,0.0
SES02331,2025-06-25,2025-06,Organic Search,Desktop,Canada,/products,9,872,False,False,0.0
SES02332,2025-06-30,2025-06,Paid Search,Desktop,Germany,/products,1,16,True,False,0.0
SES02333,2025-01-12,2025-01,Direct,Mobile,United States,/sale,7,549,False,False,0.0
SES02334,2024-09-27,2024-09,Direct,Mobile,United States,/home,4,568,False,False,0.0
SES02335,2025-01-13,2025-01,Organic Search,Desktop,United States,/home,10,833,False,False,0.0
SES02336,2025-01-30,2025-01,Social Media,Desktop,Canada,/cart,1,9,True,False,0.0
SES02337,2025-06-09,2025-06,Organic Search,Mobile,Canada,/sale,1,25,True,False,0.0
SES02338,2024-07-06,2024-07,Organic Search,Desktop,United States,/products,1,19,True,False,0.0
SES02339,2024-07-09,2024-07,Social Media,Mobile,United States,/products,1,5,True,False,0.0
SES02340,2025-03-07,2025-03,Referral,Mobile,Australia,/about,7,692,False,False,0.0
SES02341,2024-09-08,2024-09,Organic Search,Desktop,Canada,/products,1,15,True,False,0.0
SES02342,2025-05-25,2025-05,Paid Search,Mobile,Germany,/products,4,889,False,False,0.0
SES02343,2025-06-22,2025-06,Direct,Mobile,United States,/checkout,7,639,False,False,0.0
SES02344,2024-10-01,2024-10,Organic Search,Desktop,Australia,/checkout,11,360,False,False,0.0
SES02345,2025-02-16,2025-02,Organic Search,Mobile,United States,/contact,1,22,True,False,0.0
SES02346,2024-10-24,2024-10,Social Media,Desktop,United States,/home,1,12,True,False,0.0
SES02347,2025-05-06,2025-05,Organic Search,Desktop,United States,/products,1,11,True,False,0.0
SES02348,2025-03-13,2025-03,Organic Search,Mobile,United States,/products,3,106,False,False,0.0
SES02349,2025-03-14,2025-03,Paid Search,Desktop,United States,/sale,1,7,True,False,0.0
SES02350,2025-04-06,2025-04,Organic Search,Mobile,United States,/products,7,192,False,True,125.48
SES02351,2024-07-20,2024-07,Organic Search,Desktop,United States,/products,9,619,False,False,0.0
SES02352,2024-08-27,2024-08,Social Media,Desktop,United States,/products,1,5,True,False,0.0
SES02353,2025-06-19,2025-06,Organic Search,Desktop,Australia,/products,1,41,True,False,0.0
SES02354,2025-03-27,2025-03,Organic Search,Mobile,Canada,/sale,5,722,False,False,0.0
SES02355,2024-11-21,2024-11,Email,Desktop,United States,/home,5,899,False,True,206.28
SES02356,2025-05-09,2025-05,Organic Search,Desktop,Canada,/products,1,37,True,False,0.0
SES02357,2025-02-27,2025-02,Organic Search,Mobile,Germany,/cart,8,552,False,False,0.0
SES02358,2025-06-08,2025-06,Email,Mobile,United Kingdom,/about,1,11,True,False,0.0
SES02359,2025-05-21,2025-05,Paid Search,Tablet,Germany,/sale,3,181,False,False,0.0
SES02360,2025-05-10,2025-05,Direct,Desktop,United States,/home,1,29,True,False,0.0
SES02361,2024-12-23,2024-12,Paid Search,Desktop,United States,/products,9,375,False,True,43.53
SES02362,2025-02-18,2025-02,Direct,Desktop,United States,/blog,5,497,False,False,0.0
SES02363,2024-12-17,2024-12,Organic Search,Desktop,United States,/sale,2,893,False,False,0.0
SES02364,2024-11-28,2024-11,Referral,Desktop,United States,/cart,1,29,True,False,0.0
SES02365,2024-07-19,2024-07,Organic Search,Mobile,United States,/home,8,444,False,False,0.0
SES02366,2024-12-03,2024-12,Organic Search,Mobile,Canada,/home,6,729,False,False,0.0
SES02367,2024-08-01,2024-08,Social Media,Mobile,United States,/sale,1,27,True,False,0.0
SES02368,2025-04-23,2025-04,Organic Search,Tablet,United States,/home,1,39,True,False,0.0
SES02369,2024-07-27,2024-07,Organic Search,Mobile,United States,/home,3,362,False,False,0.0
SES02370,2025-05-16,2025-05,Direct,Desktop,Australia,/home,1,25,True,False,0.0
SES02371,2025-03-06,2025-03,Referral,Desktop,United States,/cart,1,11,True,False,0.0
SES02372,2025-03-16,2025-03,Direct,Mobile,United States,/products,1,19,True,False,0.0
SES02373,2024-11-20,2024-11,Direct,Mobile,Germany,/home,1,14,True,False,0.0
SES02374,2025-05-12,2025-05,Social Media,Desktop,United States,/cart,1,14,True,False,0.0
SES02375,2024-11-09,2024-11,Paid Search,Tablet,United States,/home,1,30,True,False,0.0
SES02376,2024-08-27,2024-08,Direct,Desktop,United States,/contact,6,211,False,False,0.0
SES02377,2024-09-16,2024-09,Organic Search,Desktop,United States,/products,3,143,False,False,0.0
SES02378,2024-09-28,2024-09,Organic Search,Desktop,Canada,/home,1,26,True,False,0.0
SES02379,2025-06-24,2025-06,Direct,Desktop,United States,/sale,1,19,True,False,0.0
SES02380,2024-10-01,2024-10,Organic Search,Desktop,United States,/cart,3,596,False,False,0.0
SES02381,2024-12-23,2024-12,Referral,Mobile,United States,/sale,9,127,False,False,0.0
SES02382,2025-05-01,2025-05,Organic Search,Mobile,Canada,/sale,8,156,False,False,0.0
SES02383,2025-03-11,2025-03,Referral,Mobile,Germany,/products,2,122,False,False,0.0
SES02384,2025-01-13,2025-01,Paid Search,Mobile,United States,/blog,1,28,True,False,0.0
SES02385,2025-02-11,2025-02,Organic Search,Desktop,Canada,/products,9,731,False,False,0.0
SES02386,2025-04-22,2025-04,Organic Search,Desktop,United States,/cart,2,206,False,False,0.0
SES02387,2025-05-25,2025-05,Organic Search,Desktop,United States,/home,1,23,True,False,0.0
SES02388,2024-08-29,2024-08,Paid Search,Mobile,United States,/checkout,1,15,True,False,0.0
SES02389,2025-02-23,2025-02,Organic Search,Mobile,United States,/sale,1,19,True,False,0.0
SES02390,2024-12-02,2024-12,Organic Search,Mobile,United States,/about,6,832,False,False,0.0
SES02391,2025-03-30,2025-03,Paid Search,Desktop,United States,/cart,1,35,True,False,0.0
SES02392,2025-06-15,2025-06,Email,Mobile,Canada,/sale,8,221,False,False,0.0
SES02393,2024-09-13,2024-09,Direct,Desktop,United States,/products,2,663,False,False,0.0
SES02394,2024-11-25,2024-11,Social Media,Desktop,Germany,/home,11,622,False,False,0.0
SES02395,2025-06-13,2025-06,Email,Mobile,Australia,/checkout,1,16,True,False,0.0
SES02396,2025-03-29,2025-03,Direct,Desktop,United States,/home,2,606,False,True,168.47
SES02397,2025-03-30,2025-03,Organic Search,Mobile,United States,/home,11,640,False,False,0.0
SES02398,2025-02-07,2025-02,Direct,Desktop,United States,/sale,5,185,False,False,0.0
SES02399,2024-11-17,2024-11,Referral,Desktop,United States,/home,1,37,True,False,0.0
SES02400,2024-11-14,2024-11,Social Media,Desktop,Germany,/products,10,83,False,False,0.0
SES02401,2025-04-26,2025-04,Paid Search,Mobile,United Kingdom,/products,1,37,True,False,0.0
SES02402,2025-06-11,2025-06,Paid Search,Mobile,Canada,/home,6,207,False,False,0.0
SES02403,2025-04-28,2025-04,Paid Search,Desktop,United States,/products,9,803,False,False,0.0
SES02404,2025-06-12,2025-06,Organic Search,Desktop,United Kingdom,/sale,8,840,False,False,0.0
SES02405,2025-04-07,2025-04,Organic Search,Desktop,United States,/products,1,16,True,False,0.0
SES02406,2024-07-05,2024-07,Organic Search,Desktop,United States,/checkout,7,679,False,True,208.79
SES02407,2024-08-20,2024-08,Organic Search,Desktop,United States,/products,3,297,False,False,0.0
SES02408,2024-12-27,2024-12,Organic Search,Desktop,Canada,/blog,1,26,True,False,0.0
SES02409,2024-11-23,2024-11,Social Media,Desktop,United States,/products,1,11,True,False,0.0
SES02410,2024-07-18,2024-07,Direct,Mobile,Canada,/sale,1,33,True,False,0.0
SES02411,2024-08-17,2024-08,Email,Mobile,United States,/products,1,19,True,False,0.0
SES02412,2025-05-01,2025-05,Organic Search,Desktop,United Kingdom,/products,3,651,False,False,0.0
SES02413,2025-05-03,2025-05,Organic Search,Desktop,United States,/sale,3,798,False,False,0.0
SES02414,2024-08-31,2024-08,Social Media,Mobile,United States,/products,1,38,True,False,0.0
SES02415,2025-05-06,2025-05,Organic Search,Mobile,Australia,/home,1,29,True,False,0.0
SES02416,2025-06-02,2025-06,Paid Search,Mobile,United Kingdom,/checkout,8,263,False,False,0.0
SES02417,2024-10-03,2024-10,Organic Search,Mobile,United States,/blog,7,872,False,False,0.0
SES02418,2024-11-07,2024-11,Organic Search,Desktop,United States,/home,1,43,True,False,0.0
SES02419,2025-06-04,2025-06,Referral,Mobile,United States,/cart,8,63,False,False,0.0
SES02420,2024-11-19,2024-11,Email,Desktop,United States,/cart,5,743,False,False,0.0
SES02421,2025-06-07,2025-06,Organic Search,Desktop,United States,/home,5,512,False,False,0.0
SES02422,2024-09-21,2024-09,Direct,Desktop,United States,/home,6,744,False,False,0.0
SES02423,2024-08-01,2024-08,Direct,Mobile,United States,/home,8,192,False,False,0.0
SES02424,2024-07-31,2024-07,Direct,Mobile,United States,/products,1,17,True,False,0.0
SES02425,2024-11-13,2024-11,Direct,Mobile,United States,/cart,1,12,True,False,0.0
SES02426,2024-08-05,2024-08,Paid Search,Mobile,United States,/blog,11,625,False,False,0.0
SES02427,2025-05-09,2025-05,Direct,Mobile,United Kingdom,/home,4,861,False,False,0.0
SES02428,2024-08-25,2024-08,Paid Search,Desktop,Canada,/checkout,1,18,True,False,0.0
SES02429,2025-02-06,2025-02,Social Media,Mobile,United States,/sale,1,18,True,False,0.0
SES02430,2025-05-26,2025-05,Direct,Mobile,United States,/products,1,36,True,False,0.0
SES02431,2025-02-12,2025-02,Direct,Desktop,United States,/products,4,725,False,False,0.0
SES02432,2024-08-07,2024-08,Organic Search,Mobile,Australia,/about,1,7,True,False,0.0
SES02433,2024-11-06,2024-11,Organic Search,Mobile,Canada,/products,9,750,False,True,168.71
SES02434,2025-03-12,2025-03,Paid Search,Desktop,United States,/home,1,42,True,False,0.0
SES02435,2025-05-24,2025-05,Paid Search,Mobile,United States,/home,1,7,True,False,0.0
SES02436,2024-07-20,2024-07,Paid Search,Desktop,United Kingdom,/products,2,668,False,False,0.0
SES02437,2025-06-24,2025-06,Email,Mobile,United States,/home,1,34,True,False,0.0
SES02438,2025-01-17,2025-01,Organic Search,Desktop,Australia,/sale,7,508,False,False,0.0
SES02439,2025-03-09,2025-03,Organic Search,Desktop,United States,/about,11,324,False,False,0.0
SES02440,2024-08-05,2024-08,Email,Desktop,United States,/home,10,209,False,True,230.8
SES02441,2025-06-18,2025-06,Direct,Mobile,United States,/home,5,799,False,False,0.0
SES02442,2025-04-17,2025-04,Organic Search,Desktop,United States,/checkout,9,290,False,False,0.0
SES02443,2024-12-18,2024-12,Direct,Mobile,Germany,/home,2,136,False,False,0.0
SES02444,2025-05-20,2025-05,Paid Search,Desktop,United States,/sale,9,219,False,False,0.0
SES02445,2025-01-04,2025-01,Organic Search,Desktop,United States,/contact,3,734,False,False,0.0
SES02446,2024-08-11,2024-08,Social Media,Tablet,United States,/home,3,430,False,False,0.0
SES02447,2024-11-26,2024-11,Direct,Mobile,United States,/products,7,527,False,False,0.0
SES02448,2024-07-21,2024-07,Organic Search,Mobile,United States,/products,6,733,False,False,0.0
SES02449,2024-12-01,2024-12,Organic Search,Mobile,United States,/products,4,769,False,False,0.0
SES02450,2025-05-19,2025-05,Organic Search,Mobile,United States,/home,4,619,False,False,0.0
SES02451,2025-05-20,2025-05,Paid Search,Mobile,United States,/products,1,26,True,False,0.0
SES02452,2024-10-06,2024-10,Direct,Desktop,Canada,/products,1,26,True,False,0.0
SES02453,2024-10-07,2024-10,Social Media,Desktop,United Kingdom,/about,1,13,True,False,0.0
SES02454,2025-04-30,2025-04,Organic Search,Desktop,United States,/home,1,23,True,False,0.0
SES02455,2025-01-16,2025-01,Paid Search,Desktop,Canada,/about,1,22,True,False,0.0
SES02456,2025-04-03,2025-04,Social Media,Mobile,United States,/home,1,32,True,False,0.0
SES02457,2025-03-13,2025-03,Organic Search,Desktop,United States,/sale,11,817,False,False,0.0
SES02458,2025-02-16,2025-02,Organic Search,Desktop,Canada,/about,11,263,False,True,151.06
SES02459,2024-12-21,2024-12,Organic Search,Tablet,Australia,/sale,1,7,True,False,0.0
SES02460,2024-07-22,2024-07,Social Media,Desktop,United States,/products,1,28,True,False,0.0
SES02461,2024-10-17,2024-10,Organic Search,Desktop,United States,/home,4,381,False,False,0.0
SES02462,2025-02-20,2025-02,Paid Search,Desktop,United States,/contact,9,322,False,False,0.0
SES02463,2025-04-01,2025-04,Direct,Desktop,United States,/cart,1,34,True,False,0.0
SES02464,2025-04-23,2025-04,Organic Search,Mobile,United States,/products,1,35,True,False,0.0
SES02465,2024-08-06,2024-08,Social Media,Mobile,United Kingdom,/about,1,40,True,False,0.0
SES02466,2024-09-11,2024-09,Social Media,Desktop,Australia,/home,1,44,True,False,0.0
SES02467,2024-07-10,2024-07,Paid Search,Mobile,United States,/products,5,403,False,False,0.0
SES02468,2024-07-24,2024-07,Referral,Desktop,United States,/home,1,11,True,False,0.0
SES02469,2025-05-29,2025-05,Direct,Mobile,United Kingdom,/products,1,33,True,False,0.0
SES02470,2024-09-27,2024-09,Paid Search,Desktop,Australia,/about,6,435,False,False,0.0
SES02471,2024-08-19,2024-08,Direct,Mobile,United States,/home,6,316,False,False,0.0
SES02472,2025-04-29,2025-04,Social Media,Desktop,Germany,/products,1,38,True,False,0.0
SES02473,2024-08-24,2024-08,Organic Search,Desktop,United Kingdom,/contact,1,37,True,False,0.0
SES02474,2025-05-01,2025-05,Organic Search,Mobile,United States,/products,5,885,False,False,0.0
SES02475,2024-10-12,2024-10,Direct,Desktop,Canada,/home,9,274,False,False,0.0
SES02476,2025-06-13,2025-06,Direct,Mobile,United States,/products,6,675,False,False,0.0
SES02477,2025-06-16,2025-06,Direct,Desktop,United States,/products,4,351,False,False,0.0
SES02478,2024-10-18,2024-10,Organic Search,Tablet,United States,/home,11,283,False,False,0.0
SES02479,2024-12-19,2024-12,Direct,Desktop,United States,/contact,1,26,True,False,0.0
SES02480,2024-11-18,2024-11,Organic Search,Desktop,United States,/products,1,23,True,False,0.0
SES02481,2025-01-29,2025-01,Paid Search,Desktop,United States,/sale,1,7,True,False,0.0
SES02482,2025-01-06,2025-01,Direct,Tablet,United States,/products,2,842,False,False,0.0
SES02483,2025-04-24,2025-04,Email,Tablet,United Kingdom,/products,1,5,True,False,0.0
SES02484,2024-08-21,2024-08,Organic Search,Desktop,United States,/products,8,151,False,False,0.0
SES02485,2025-01-09,2025-01,Organic Search,Desktop,United States,/sale,8,486,False,True,51.39
SES02486,2025-03-07,2025-03,Direct,Mobile,Australia,/blog,1,30,True,False,0.0
SES02487,2024-07-04,2024-07,Paid Search,Mobile,United Kingdom,/products,1,25,True,False,0.0
SES02488,2024-08-15,2024-08,Direct,Mobile,Canada,/cart,2,732,False,False,0.0
SES02489,2024-11-23,2024-11,Organic Search,Tablet,United States,/sale,1,16,True,False,0.0
SES02490,2025-03-01,2025-03,Direct,Desktop,United States,/products,10,522,False,False,0.0
SES02491,2025-05-24,2025-05,Paid Search,Desktop,United States,/products,1,35,True,False,0.0
SES02492,2025-02-16,2025-02,Social Media,Desktop,United States,/sale,1,32,True,False,0.0
SES02493,2024-09-28,2024-09,Referral,Desktop,United States,/products,4,266,False,False,0.0
SES02494,2024-10-01,2024-10,Organic Search,Desktop,United States,/cart,11,179,False,False,0.0
SES02495,2024-08-15,2024-08,Email,Desktop,Australia,/checkout,11,379,False,False,0.0
SES02496,2024-12-26,2024-12,Direct,Desktop,United States,/home,11,260,False,False,0.0
SES02497,2024-10-07,2024-10,Social Media,Desktop,United States,/sale,1,42,True,False,0.0
SES02498,2025-03-29,2025-03,Email,Mobile,United States,/about,6,509,False,False,0.0
SES02499,2025-04-03,2025-04,Organic Search,Mobile,United States,/home,5,83,False,False,0.0
SES02500,2025-05-17,2025-05,Direct,Mobile,United Kingdom,/sale,7,627,False,False,0.0
SES02501,2024-10-08,2024-10,Direct,Desktop,United States,/home,1,32,True,False,0.0
SES02502,2024-09-15,2024-09,Direct,Mobile,Canada,/home,10,110,False,False,0.0
SES02503,2025-02-28,2025-02,Paid Search,Desktop,Australia,/home,5,129,False,False,0.0
SES02504,2024-07-23,2024-07,Social Media,Mobile,United States,/products,1,30,True,False,0.0
SES02505,2025-01-03,2025-01,Organic Search,Mobile,United States,/products,1,19,True,False,0.0
SES02506,2025-02-08,2025-02,Organic Search,Desktop,United Kingdom,/home,1,6,True,False,0.0
SES02507,2025-05-12,2025-05,Organic Search,Desktop,Canada,/sale,2,316,False,False,0.0
SES02508,2024-07-23,2024-07,Organic Search,Mobile,United States,/sale,1,36,True,False,0.0
SES02509,2024-07-27,2024-07,Direct,Desktop,United States,/home,3,782,False,False,0.0
SES02510,2024-07-15,2024-07,Paid Search,Desktop,Australia,/products,7,466,False,False,0.0
SES02511,2024-10-29,2024-10,Email,Desktop,United States,/home,11,73,False,False,0.0
SES02512,2024-12-14,2024-12,Paid Search,Desktop,United States,/products,1,38,True,False,0.0
SES02513,2025-06-12,2025-06,Organic Search,Desktop,Germany,/products,10,418,False,False,0.0
SES02514,2024-08-26,2024-08,Direct,Mobile,United Kingdom,/home,1,26,True,False,0.0
SES02515,2024-08-20,2024-08,Referral,Tablet,United States,/home,1,19,True,False,0.0
SES02516,2025-01-28,2025-01,Organic Search,Mobile,United States,/home,10,692,False,False,0.0
SES02517,2024-10-21,2024-10,Social Media,Tablet,United States,/home,1,41,True,False,0.0
SES02518,2025-04-26,2025-04,Direct,Mobile,Germany,/sale,3,710,False,False,0.0
SES02519,2024-09-13,2024-09,Organic Search,Desktop,United States,/home,1,5,True,False,0.0
SES02520,2025-05-09,2025-05,Direct,Desktop,United States,/home,10,514,False,False,0.0
SES02521,2024-09-08,2024-09,Direct,Mobile,United States,/sale,2,319,False,False,0.0
SES02522,2024-12-31,2024-12,Paid Search,Mobile,Germany,/checkout,6,647,False,False,0.0
SES02523,2024-09-04,2024-09,Direct,Desktop,United States,/blog,1,30,True,False,0.0
SES02524,2025-04-18,2025-04,Email,Mobile,United States,/home,1,23,True,False,0.0
SES02525,2024-09-08,2024-09,Direct,Desktop,United States,/checkout,1,30,True,False,0.0
SES02526,2025-02-24,2025-02,Organic Search,Desktop,Germany,/products,3,330,False,False,0.0
SES02527,2024-12-23,2024-12,Direct,Mobile,Australia,/sale,1,21,True,False,0.0
SES02528,2024-11-29,2024-11,Paid Search,Mobile,Australia,/home,3,61,False,False,0.0
SES02529,2025-05-23,2025-05,Direct,Mobile,Australia,/home,4,405,False,False,0.0
SES02530,2025-04-22,2025-04,Paid Search,Mobile,United States,/home,4,621,False,False,0.0
SES02531,2024-08-14,2024-08,Referral,Mobile,United States,/home,1,18,True,False,0.0
SES02532,2025-03-25,2025-03,Referral,Mobile,United Kingdom,/home,1,6,True,False,0.0
SES02533,2024-10-19,2024-10,Organic Search,Desktop,United States,/products,5,429,False,False,0.0
SES02534,2024-11-20,2024-11,Organic Search,Desktop,United Kingdom,/about,1,5,True,False,0.0
SES02535,2025-02-05,2025-02,Paid Search,Tablet,Germany,/home,2,585,False,False,0.0
SES02536,2024-12-15,2024-12,Paid Search,Desktop,United States,/sale,1,17,True,False,0.0
SES02537,2024-10-22,2024-10,Direct,Desktop,Canada,/sale,8,890,False,False,0.0
SES02538,2024-09-15,2024-09,Organic Search,Mobile,Australia,/products,8,367,False,False,0.0
SES02539,2025-01-30,2025-01,Organic Search,Mobile,Canada,/home,11,131,False,False,0.0
SES02540,2025-02-26,2025-02,Direct,Desktop,Canada,/blog,7,443,False,False,0.0
SES02541,2025-02-03,2025-02,Organic Search,Desktop,United States,/products,5,541,False,False,0.0
SES02542,2025-06-22,2025-06,Email,Mobile,Canada,/about,4,895,False,False,0.0
SES02543,2024-11-01,2024-11,Organic Search,Desktop,United States,/home,1,31,True,False,0.0
SES02544,2024-07-07,2024-07,Organic Search,Desktop,Australia,/home,7,755,False,False,0.0
SES02545,2024-10-20,2024-10,Social Media,Desktop,United States,/checkout,1,30,True,False,0.0
SES02546,2024-11-29,2024-11,Email,Desktop,United States,/sale,1,15,True,False,0.0
SES02547,2024-08-16,2024-08,Social Media,Mobile,United Kingdom,/home,1,9,True,False,0.0
SES02548,2025-06-08,2025-06,Direct,Mobile,Germany,/home,1,26,True,False,0.0
SES02549,2025-06-26,2025-06,Direct,Mobile,Australia,/products,7,657,False,False,0.0
SES02550,2025-04-25,2025-04,Paid Search,Desktop,Germany,/products,1,15,True,False,0.0
SES02551,2025-02-18,2025-02,Paid Search,Desktop,United States,/sale,10,843,False,False,0.0
SES02552,2025-06-26,2025-06,Referral,Desktop,United States,/home,1,42,True,False,0.0
SES02553,2025-01-06,2025-01,Organic Search,Desktop,United States,/products,7,729,False,False,0.0
SES02554,2024-07-01,2024-07,Direct,Tablet,United States,/home,10,100,False,False,0.0
SES02555,2025-06-19,2025-06,Direct,Desktop,United States,/home,1,23,True,False,0.0
SES02556,2024-07-17,2024-07,Email,Mobile,Canada,/home,1,14,True,False,0.0
SES02557,2024-11-16,2024-11,Social Media,Mobile,United States,/home,5,243,False,False,0.0
SES02558,2025-04-21,2025-04,Direct,Desktop,United States,/home,3,869,False,False,0.0
SES02559,2024-08-11,2024-08,Social Media,Desktop,Canada,/contact,1,21,True,False,0.0
SES02560,2024-12-19,2024-12,Direct,Tablet,Germany,/home,4,361,False,False,0.0
SES02561,2025-06-11,2025-06,Organic Search,Mobile,Canada,/sale,1,20,True,False,0.0
SES02562,2024-07-27,2024-07,Direct,Desktop,Canada,/products,1,36,True,False,0.0
SES02563,2025-01-04,2025-01,Paid Search,Mobile,Australia,/checkout,8,801,False,True,238.24
SES02564,2025-01-04,2025-01,Organic Search,Desktop,United States,/home,1,38,True,False,0.0
SES02565,2025-04-13,2025-04,Direct,Mobile,Germany,/home,11,711,False,False,0.0
SES02566,2024-10-13,2024-10,Referral,Desktop,United States,/contact,1,28,True,False,0.0
SES02567,2024-12-19,2024-12,Paid Search,Mobile,Australia,/sale,1,17,True,False,0.0
SES02568,2024-08-28,2024-08,Email,Desktop,United States,/products,5,719,False,False,0.0
SES02569,2025-04-24,2025-04,Direct,Tablet,Australia,/products,4,764,False,False,0.0
SES02570,2024-10-24,2024-10,Organic Search,Mobile,United States,/products,1,30,True,False,0.0
SES02571,2024-11-14,2024-11,Organic Search,Mobile,Australia,/products,9,651,False,False,0.0
SES02572,2024-07-28,2024-07,Organic Search,Mobile,United States,/sale,1,8,True,False,0.0
SES02573,2024-12-24,2024-12,Paid Search,Tablet,Australia,/products,6,683,False,False,0.0
SES02574,2024-09-01,2024-09,Organic Search,Desktop,United States,/products,10,306,False,False,0.0
SES02575,2025-03-30,2025-03,Paid Search,Mobile,Canada,/home,10,789,False,False,0.0
SES02576,2025-01-05,2025-01,Paid Search,Mobile,United States,/products,10,158,False,False,0.0
SES02577,2024-08-03,2024-08,Organic Search,Tablet,United States,/products,1,44,True,False,0.0
SES02578,2025-02-20,2025-02,Organic Search,Desktop,Australia,/contact,1,33,True,False,0.0
SES02579,2025-01-17,2025-01,Email,Desktop,United States,/products,9,868,False,False,0.0
SES02580,2024-08-09,2024-08,Social Media,Tablet,United Kingdom,/sale,1,38,True,False,0.0
SES02581,2024-11-19,2024-11,Organic Search,Desktop,United States,/cart,1,17,True,False,0.0
SES02582,2024-09-14,2024-09,Email,Mobile,United States,/home,5,832,False,False,0.0
SES02583,2025-03-24,2025-03,Referral,Mobile,United States,/home,6,488,False,True,105.14
SES02584,2025-01-30,2025-01,Paid Search,Desktop,United States,/home,7,565,False,False,0.0
SES02585,2024-09-06,2024-09,Social Media,Desktop,United Kingdom,/home,1,22,True,False,0.0
SES02586,2025-02-01,2025-02,Email,Desktop,United Kingdom,/home,7,408,False,False,0.0
SES02587,2024-11-27,2024-11,Email,Desktop,United States,/sale,1,14,True,False,0.0
SES02588,2024-07-12,2024-07,Paid Search,Desktop,United States,/sale,11,534,False,False,0.0
SES02589,2025-03-24,2025-03,Direct,Mobile,United States,/products,2,199,False,False,0.0
SES02590,2024-12-23,2024-12,Organic Search,Desktop,United States,/products,8,484,False,False,0.0
SES02591,2025-03-06,2025-03,Organic Search,Tablet,Canada,/products,8,892,False,False,0.0
SES02592,2025-04-07,2025-04,Organic Search,Desktop,United States,/cart,4,668,False,False,0.0
SES02593,2024-09-06,2024-09,Referral,Mobile,United Kingdom,/sale,6,321,False,False,0.0
SES02594,2024-11-11,2024-11,Organic Search,Mobile,United States,/about,1,17,True,False,0.0
SES02595,2025-01-07,2025-01,Organic Search,Mobile,Canada,/cart,6,325,False,False,0.0
SES02596,2024-07-25,2024-07,Organic Search,Mobile,United States,/products,1,26,True,False,0.0
SES02597,2024-11-23,2024-11,Organic Search,Tablet,United States,/products,2,872,False,False,0.0
SES02598,2024-09-21,2024-09,Organic Search,Mobile,United Kingdom,/products,4,781,False,False,0.0
SES02599,2024-09-28,2024-09,Social Media,Tablet,Canada,/home,9,400,False,False,0.0
SES02600,2025-06-07,2025-06,Social Media,Desktop,United Kingdom,/sale,8,87,False,False,0.0
SES02601,2024-08-29,2024-08,Organic Search,Desktop,United States,/home,1,10,True,False,0.0
SES02602,2024-12-10,2024-12,Organic Search,Desktop,Germany,/home,4,606,False,False,0.0
SES02603,2025-01-06,2025-01,Organic Search,Desktop,Canada,/sale,1,21,True,False,0.0
SES02604,2025-04-14,2025-04,Organic Search,Desktop,United States,/products,10,162,False,False,0.0
SES02605,2024-12-24,2024-12,Paid Search,Desktop,United States,/cart,1,22,True,False,0.0
SES02606,2025-02-15,2025-02,Paid Search,Mobile,Canada,/home,3,385,False,False,0.0
SES02607,2024-12-02,2024-12,Organic Search,Mobile,Germany,/products,1,23,True,False,0.0
SES02608,2024-07-13,2024-07,Organic Search,Desktop,United Kingdom,/home,1,11,True,False,0.0
SES02609,2025-03-13,2025-03,Direct,Desktop,Australia,/home,6,187,False,False,0.0
SES02610,2024-12-11,2024-12,Direct,Desktop,United States,/home,1,36,True,False,0.0
SES02611,2025-04-06,2025-04,Organic Search,Tablet,United States,/checkout,7,482,False,False,0.0
SES02612,2025-06-27,2025-06,Direct,Desktop,Australia,/about,1,25,True,False,0.0
SES02613,2024-11-26,2024-11,Organic Search,Desktop,United States,/contact,10,597,False,False,0.0
SES02614,2025-04-20,2025-04,Referral,Desktop,Australia,/blog,11,808,False,False,0.0
SES02615,2025-02-12,2025-02,Direct,Mobile,United Kingdom,/home,1,23,True,False,0.0
SES02616,2024-08-27,2024-08,Organic Search,Tablet,United States,/products,11,866,False,False,0.0
SES02617,2024-09-10,2024-09,Organic Search,Mobile,United States,/products,8,877,False,False,0.0
SES02618,2024-07-13,2024-07,Organic Search,Desktop,United States,/contact,1,34,True,False,0.0
SES02619,2024-10-21,2024-10,Email,Mobile,United States,/contact,4,115,False,False,0.0
SES02620,2024-07-29,2024-07,Organic Search,Mobile,Canada,/cart,8,219,False,False,0.0
SES02621,2025-03-27,2025-03,Direct,Mobile,United States,/products,1,29,True,False,0.0
SES02622,2024-11-20,2024-11,Paid Search,Mobile,United States,/products,1,11,True,False,0.0
SES02623,2024-08-12,2024-08,Referral,Desktop,United States,/contact,11,331,False,False,0.0
SES02624,2025-06-09,2025-06,Organic Search,Tablet,United States,/products,9,894,False,False,0.0
SES02625,2025-01-18,2025-01,Referral,Desktop,United States,/cart,1,38,True,False,0.0
SES02626,2024-12-10,2024-12,Social Media,Tablet,United States,/products,1,15,True,False,0.0
SES02627,2025-03-19,2025-03,Organic Search,Tablet,United Kingdom,/blog,8,252,False,False,0.0
SES02628,2025-01-01,2025-01,Paid Search,Desktop,United States,/home,1,14,True,False,0.0
SES02629,2025-02-04,2025-02,Email,Desktop,United States,/products,2,654,False,False,0.0
SES02630,2024-11-23,2024-11,Organic Search,Desktop,United States,/sale,1,6,True,False,0.0
SES02631,2024-12-05,2024-12,Organic Search,Mobile,United States,/about,3,327,False,False,0.0
SES02632,2024-08-14,2024-08,Paid Search,Mobile,United States,/products,1,43,True,False,0.0
SES02633,2025-02-13,2025-02,Paid Search,Desktop,United Kingdom,/sale,8,706,False,False,0.0
SES02634,2025-02-12,2025-02,Paid Search,Desktop,United States,/cart,1,12,True,False,0.0
SES02635,2025-02-03,2025-02,Organic Search,Desktop,United States,/sale,9,255,False,False,0.0
SES02636,2025-04-27,2025-04,Social Media,Mobile,United States,/sale,1,9,True,False,0.0
SES02637,2024-09-12,2024-09,Direct,Desktop,United States,/products,1,24,True,False,0.0
SES02638,2025-03-01,2025-03,Direct,Mobile,Canada,/sale,3,620,False,False,0.0
SES02639,2024-12-19,2024-12,Direct,Desktop,United States,/home,1,13,True,False,0.0
SES02640,2025-04-29,2025-04,Paid Search,Mobile,Canada,/products,8,342,False,False,0.0
SES02641,2025-01-26,2025-01,Email,Desktop,United States,/home,11,517,False,False,0.0
SES02642,2024-09-28,2024-09,Email,Desktop,United States,/cart,9,112,False,False,0.0
SES02643,2024-09-09,2024-09,Organic Search,Desktop,United States,/home,1,26,True,False,0.0
SES02644,2025-01-12,2025-01,Direct,Desktop,Australia,/products,1,30,True,False,0.0
SES02645,2025-03-09,2025-03,Paid Search,Mobile,United States,/products,1,17,True,False,0.0
SES02646,2024-12-02,2024-12,Social Media,Desktop,United States,/blog,9,213,False,False,0.0
SES02647,2025-04-13,2025-04,Email,Desktop,United States,/blog,11,541,False,False,0.0
SES02648,2024-07-02,2024-07,Organic Search,Tablet,United States,/home,1,19,True,False,0.0
SES02649,2024-12-01,2024-12,Social Media,Desktop,United Kingdom,/products,7,722,False,False,0.0
SES02650,2025-02-27,2025-02,Social Media,Desktop,Australia,/blog,1,44,True,False,0.0
SES02651,2025-06-06,2025-06,Email,Desktop,Australia,/products,10,380,False,False,0.0
SES02652,2025-03-09,2025-03,Organic Search,Desktop,United States,/cart,3,411,False,False,0.0
SES02653,2024-07-15,2024-07,Paid Search,Mobile,United States,/home,1,40,True,False,0.0
SES02654,2024-11-19,2024-11,Paid Search,Desktop,United States,/about,10,147,False,False,0.0
SES02655,2025-05-03,2025-05,Email,Mobile,United States,/home,11,360,False,False,0.0
SES02656,2025-04-16,2025-04,Paid Search,Desktop,United States,/home,1,38,True,False,0.0
SES02657,2024-11-10,2024-11,Social Media,Mobile,Canada,/contact,1,11,True,False,0.0
SES02658,2025-03-01,2025-03,Organic Search,Tablet,Canada,/about,3,157,False,False,0.0
SES02659,2025-01-08,2025-01,Organic Search,Desktop,United States,/home,3,825,False,False,0.0
SES02660,2024-11-10,2024-11,Organic Search,Desktop,United States,/checkout,1,37,True,False,0.0
SES02661,2024-07-30,2024-07,Paid Search,Desktop,Germany,/checkout,1,10,True,False,0.0
SES02662,2025-02-22,2025-02,Email,Desktop,United States,/about,2,63,False,False,0.0
SES02663,2024-09-22,2024-09,Email,Desktop,United States,/home,1,17,True,False,0.0
SES02664,2025-01-01,2025-01,Paid Search,Mobile,United Kingdom,/sale,1,39,True,False,0.0
SES02665,2024-12-30,2024-12,Organic Search,Desktop,United States,/about,1,43,True,False,0.0
SES02666,2024-11-27,2024-11,Organic Search,Mobile,United States,/about,2,837,False,False,0.0
SES02667,2025-03-21,2025-03,Social Media,Tablet,Germany,/home,1,19,True,False,0.0
SES02668,2025-05-18,2025-05,Email,Tablet,United States,/cart,1,6,True,False,0.0
SES02669,2024-08-18,2024-08,Direct,Mobile,United States,/home,10,821,False,False,0.0
SES02670,2024-12-13,2024-12,Email,Desktop,United States,/products,9,747,False,False,0.0
SES02671,2025-06-16,2025-06,Organic Search,Desktop,United States,/sale,7,245,False,False,0.0
SES02672,2025-06-23,2025-06,Organic Search,Desktop,Canada,/home,5,68,False,False,0.0
SES02673,2025-04-23,2025-04,Direct,Tablet,United States,/home,1,6,True,False,0.0
SES02674,2024-09-12,2024-09,Paid Search,Desktop,United States,/products,1,35,True,False,0.0
SES02675,2025-03-23,2025-03,Organic Search,Mobile,Germany,/products,1,27,True,False,0.0
SES02676,2025-03-06,2025-03,Referral,Mobile,United States,/about,1,16,True,False,0.0
SES02677,2024-09-22,2024-09,Paid Search,Desktop,United States,/products,1,9,True,False,0.0
SES02678,2024-09-18,2024-09,Direct,Desktop,United States,/home,8,224,False,False,0.0
SES02679,2025-04-13,2025-04,Direct,Tablet,United States,/home,2,860,False,False,0.0
SES02680,2025-03-27,2025-03,Organic Search,Desktop,United States,/checkout,6,762,False,False,0.0
SES02681,2025-06-25,2025-06,Email,Mobile,United States,/products,6,565,False,False,0.0
SES02682,2025-02-21,2025-02,Organic Search,Mobile,United States,/checkout,2,817,False,False,0.0
SES02683,2024-09-06,2024-09,Email,Desktop,United States,/products,11,806,False,False,0.0
SES02684,2024-12-07,2024-12,Direct,Tablet,United States,/products,8,67,False,False,0.0
SES02685,2025-02-12,2025-02,Organic Search,Tablet,Canada,/home,11,271,False,False,0.0
SES02686,2024-12-23,2024-12,Direct,Mobile,United Kingdom,/home,1,20,True,False,0.0
SES02687,2024-12-03,2024-12,Email,Mobile,United States,/products,1,22,True,False,0.0
SES02688,2024-08-30,2024-08,Organic Search,Desktop,United Kingdom,/sale,1,33,True,False,0.0
SES02689,2025-06-21,2025-06,Direct,Desktop,United States,/products,1,23,True,False,0.0
SES02690,2024-10-25,2024-10,Email,Desktop,United Kingdom,/home,1,39,True,False,0.0
SES02691,2024-10-16,2024-10,Paid Search,Mobile,United States,/products,1,35,True,False,0.0
SES02692,2024-08-10,2024-08,Organic Search,Desktop,United States,/home,11,545,False,False,0.0
SES02693,2024-08-27,2024-08,Organic Search,Desktop,United States,/checkout,1,10,True,False,0.0
SES02694,2025-03-05,2025-03,Organic Search,Mobile,United States,/sale,10,162,False,False,0.0
SES02695,2024-08-25,2024-08,Email,Desktop,United States,/home,1,22,True,False,0.0
SES02696,2025-06-03,2025-06,Social Media,Desktop,Australia,/products,1,34,True,False,0.0
SES02697,2024-07-31,2024-07,Organic Search,Tablet,United States,/products,8,431,False,False,0.0
SES02698,2024-07-23,2024-07,Email,Tablet,Canada,/blog,1,33,True,False,0.0
SES02699,2025-06-07,2025-06,Organic Search,Tablet,Canada,/products,1,29,True,False,0.0
SES02700,2024-08-19,2024-08,Paid Search,Desktop,United States,/contact,9,583,False,False,0.0
SES02701,2024-10-14,2024-10,Paid Search,Desktop,Canada,/sale,6,640,False,False,0.0
SES02702,2025-06-09,2025-06,Organic Search,Mobile,United States,/about,1,22,True,False,0.0
SES02703,2024-08-16,2024-08,Social Media,Desktop,United States,/products,1,18,True,False,0.0
SES02704,2024-11-20,2024-11,Organic Search,Desktop,United Kingdom,/home,3,194,False,False,0.0
SES02705,2024-09-21,2024-09,Organic Search,Desktop,United States,/home,4,663,False,False,0.0
SES02706,2025-05-10,2025-05,Organic Search,Desktop,United States,/products,1,8,True,False,0.0
SES02707,2025-04-18,2025-04,Email,Desktop,United States,/about,1,7,True,False,0.0
SES02708,2025-04-23,2025-04,Direct,Desktop,United Kingdom,/cart,7,146,False,False,0.0
SES02709,2024-10-07,2024-10,Direct,Desktop,Germany,/checkout,11,700,False,False,0.0
SES02710,2025-04-02,2025-04,Direct,Desktop,United States,/sale,1,15,True,False,0.0
SES02711,2024-08-20,2024-08,Organic Search,Tablet,United States,/checkout,6,192,False,False,0.0
SES02712,2025-06-28,2025-06,Paid Search,Desktop,United States,/products,8,489,False,False,0.0
SES02713,2024-10-03,2024-10,Organic Search,Desktop,United States,/products,10,229,False,False,0.0
SES02714,2024-10-01,2024-10,Organic Search,Desktop,United States,/sale,6,886,False,False,0.0
SES02715,2025-02-03,2025-02,Organic Search,Desktop,United States,/products,1,29,True,False,0.0
SES02716,2024-10-25,2024-10,Social Media,Mobile,United States,/contact,1,42,True,False,0.0
SES02717,2024-12-08,2024-12,Organic Search,Tablet,United States,/sale,1,41,True,False,0.0
SES02718,2024-08-26,2024-08,Organic Search,Mobile,United States,/home,6,185,False,False,0.0
SES02719,2025-01-01,2025-01,Direct,Desktop,United Kingdom,/home,4,687,False,False,0.0
SES02720,2024-07-21,2024-07,Paid Search,Mobile,United States,/home,1,5,True,False,0.0
SES02721,2025-03-10,2025-03,Organic Search,Mobile,United States,/products,1,25,True,False,0.0
SES02722,2024-11-23,2024-11,Organic Search,Mobile,United States,/products,5,270,False,False,0.0
SES02723,2025-06-17,2025-06,Direct,Desktop,United States,/home,4,281,False,False,0.0
SES02724,2025-04-10,2025-04,Direct,Desktop,Canada,/sale,2,663,False,False,0.0
SES02725,2025-02-05,2025-02,Social Media,Mobile,United States,/home,1,15,True,False,0.0
SES02726,2024-08-05,2024-08,Direct,Tablet,Canada,/cart,3,767,False,False,0.0
SES02727,2025-06-13,2025-06,Organic Search,Desktop,Canada,/home,1,7,True,False,0.0
SES02728,2024-07-07,2024-07,Direct,Desktop,United States,/products,6,479,False,False,0.0
SES02729,2024-08-23,2024-08,Organic Search,Tablet,United States,/about,1,14,True,False,0.0
SES02730,2025-03-25,2025-03,Organic Search,Tablet,United States,/sale,4,608,False,False,0.0
SES02731,2024-09-12,2024-09,Paid Search,Desktop,Germany,/home,1,29,True,False,0.0
SES02732,2025-06-21,2025-06,Organic Search,Mobile,United States,/home,2,265,False,False,0.0
SES02733,2024-09-25,2024-09,Paid Search,Desktop,Canada,/products,1,20,True,False,0.0
SES02734,2024-10-10,2024-10,Organic Search,Desktop,United States,/cart,1,8,True,False,0.0
SES02735,2025-05-01,2025-05,Direct,Mobile,United States,/products,4,486,False,False,0.0
SES02736,2024-10-28,2024-10,Organic Search,Desktop,United States,/sale,10,238,False,False,0.0
SES02737,2024-11-20,2024-11,Paid Search,Desktop,Canada,/checkout,4,330,False,False,0.0
SES02738,2025-04-30,2025-04,Direct,Mobile,United States,/home,1,25,True,False,0.0
SES02739,2025-05-26,2025-05,Direct,Desktop,United States,/products,10,352,False,False,0.0
SES02740,2025-06-07,2025-06,Organic Search,Desktop,United Kingdom,/home,8,609,False,False,0.0
SES02741,2025-03-06,2025-03,Social Media,Tablet,Australia,/products,1,34,True,False,0.0
SES02742,2024-09-14,2024-09,Social Media,Desktop,Germany,/sale,9,289,False,False,0.0
SES02743,2024-11-06,2024-11,Paid Search,Desktop,Canada,/checkout,9,479,False,False,0.0
SES02744,2024-09-07,2024-09,Organic Search,Mobile,United States,/home,1,30,True,False,0.0
SES02745,2024-07-28,2024-07,Paid Search,Mobile,United States,/sale,5,521,False,False,0.0
SES02746,2024-07-14,2024-07,Organic Search,Mobile,United States,/home,7,722,False,False,0.0
SES02747,2025-06-13,2025-06,Organic Search,Desktop,United States,/home,1,17,True,False,0.0
SES02748,2024-12-03,2024-12,Organic Search,Desktop,Germany,/home,4,170,False,False,0.0
SES02749,2024-08-09,2024-08,Organic Search,Desktop,United States,/home,9,524,False,False,0.0
SES02750,2025-03-10,2025-03,Paid Search,Mobile,Germany,/sale,8,756,False,False,0.0
SES02751,2025-06-04,2025-06,Direct,Mobile,Canada,/about,9,342,False,False,0.0
SES02752,2025-04-04,2025-04,Direct,Mobile,United States,/products,1,13,True,False,0.0
SES02753,2025-04-03,2025-04,Referral,Tablet,United States,/products,8,450,False,False,0.0
SES02754,2024-07-17,2024-07,Organic Search,Tablet,Australia,/home,9,770,False,False,0.0
SES02755,2024-08-30,2024-08,Paid Search,Mobile,United States,/products,1,39,True,False,0.0
SES02756,2024-12-09,2024-12,Email,Desktop,United Kingdom,/checkout,9,559,False,False,0.0
SES02757,2024-07-19,2024-07,Social Media,Desktop,United Kingdom,/home,1,44,True,False,0.0
SES02758,2025-04-12,2025-04,Social Media,Desktop,United Kingdom,/about,8,310,False,False,0.0
SES02759,2025-06-27,2025-06,Email,Desktop,Australia,/products,1,26,True,False,0.0
SES02760,2025-02-06,2025-02,Social Media,Mobile,Canada,/sale,1,18,True,False,0.0
SES02761,2025-01-16,2025-01,Organic Search,Desktop,United Kingdom,/sale,5,559,False,False,0.0
SES02762,2025-06-11,2025-06,Direct,Mobile,Canada,/products,9,822,False,False,0.0
SES02763,2025-04-03,2025-04,Organic Search,Mobile,United Kingdom,/home,4,722,False,False,0.0
SES02764,2024-09-19,2024-09,Organic Search,Desktop,United States,/checkout,4,124,False,False,0.0
SES02765,2025-03-11,2025-03,Organic Search,Desktop,Canada,/home,7,628,False,False,0.0
SES02766,2025-06-12,2025-06,Organic Search,Desktop,United States,/sale,1,12,True,False,0.0
SES02767,2024-11-23,2024-11,Social Media,Mobile,Australia,/sale,1,13,True,False,0.0
SES02768,2024-07-15,2024-07,Paid Search,Mobile,United States,/about,5,590,False,False,0.0
SES02769,2025-01-04,2025-01,Organic Search,Mobile,United States,/home,1,38,True,False,0.0
SES02770,2025-04-25,2025-04,Paid Search,Mobile,United Kingdom,/home,1,17,True,False,0.0
SES02771,2025-05-17,2025-05,Paid Search,Desktop,United States,/home,1,25,True,False,0.0
SES02772,2024-08-19,2024-08,Social Media,Desktop,Australia,/checkout,1,18,True,False,0.0
SES02773,2024-12-30,2024-12,Direct,Tablet,United States,/products,5,626,False,False,0.0
SES02774,2024-11-03,2024-11,Organic Search,Tablet,Germany,/home,1,38,True,False,0.0
SES02775,2025-05-28,2025-05,Paid Search,Mobile,Canada,/about,1,26,True,False,0.0
SES02776,2024-08-13,2024-08,Organic Search,Desktop,United Kingdom,/home,3,839,False,False,0.0
SES02777,2024-12-04,2024-12,Paid Search,Desktop,United States,/checkout,1,40,True,False,0.0
SES02778,2024-09-25,2024-09,Email,Desktop,United States,/about,1,35,True,False,0.0
SES02779,2024-12-14,2024-12,Referral,Mobile,Australia,/about,1,41,True,False,0.0
SES02780,2025-06-02,2025-06,Paid Search,Tablet,United Kingdom,/checkout,5,608,False,False,0.0
SES02781,2025-02-01,2025-02,Organic Search,Tablet,United States,/home,1,28,True,False,0.0
SES02782,2025-06-22,2025-06,Direct,Tablet,Australia,/home,4,273,False,True,199.49
SES02783,2024-12-10,2024-12,Social Media,Mobile,United States,/about,1,39,True,False,0.0
SES02784,2025-01-16,2025-01,Organic Search,Mobile,Germany,/home,1,16,True,False,0.0
SES02785,2024-08-20,2024-08,Organic Search,Mobile,United States,/home,6,742,False,False,0.0
SES02786,2025-06-11,2025-06,Organic Search,Mobile,United Kingdom,/products,1,16,True,False,0.0
SES02787,2025-03-12,2025-03,Organic Search,Mobile,United States,/home,10,360,False,False,0.0
SES02788,2024-12-21,2024-12,Direct,Tablet,United States,/contact,1,19,True,False,0.0
SES02789,2024-12-01,2024-12,Direct,Desktop,United States,/about,1,32,True,False,0.0
SES02790,2025-02-09,2025-02,Organic Search,Desktop,United States,/products,1,6,True,False,0.0
SES02791,2025-05-22,2025-05,Email,Desktop,United Kingdom,/cart,3,806,False,False,0.0
SES02792,2025-04-01,2025-04,Direct,Desktop,Canada,/products,1,17,True,False,0.0
SES02793,2024-11-13,2024-11,Organic Search,Mobile,United States,/home,1,7,True,False,0.0
SES02794,2025-04-20,2025-04,Email,Desktop,United States,/contact,2,124,False,False,0.0
SES02795,2024-08-17,2024-08,Paid Search,Tablet,United States,/products,3,192,False,False,0.0
SES02796,2025-04-30,2025-04,Organic Search,Mobile,United Kingdom,/contact,1,38,True,False,0.0
SES02797,2024-08-04,2024-08,Organic Search,Mobile,Germany,/checkout,6,562,False,False,0.0
SES02798,2025-02-04,2025-02,Direct,Tablet,United States,/about,1,23,True,False,0.0
SES02799,2024-08-09,2024-08,Referral,Desktop,United Kingdom,/products,3,360,False,False,0.0
SES02800,2024-12-01,2024-12,Email,Tablet,United States,/home,2,795,False,False,0.0
SES02801,2024-10-11,2024-10,Organic Search,Desktop,United States,/products,1,41,True,False,0.0
SES02802,2024-11-06,2024-11,Direct,Desktop,United States,/home,7,547,False,False,0.0
SES02803,2025-04-07,2025-04,Organic Search,Mobile,United States,/sale,1,23,True,False,0.0
SES02804,2024-07-10,2024-07,Paid Search,Desktop,United States,/about,9,464,False,False,0.0
SES02805,2024-10-04,2024-10,Organic Search,Mobile,United States,/products,8,578,False,False,0.0
SES02806,2025-02-25,2025-02,Organic Search,Tablet,United States,/checkout,1,42,True,False,0.0
SES02807,2025-05-23,2025-05,Organic Search,Desktop,United States,/home,2,382,False,False,0.0
SES02808,2025-02-08,2025-02,Email,Tablet,United States,/about,7,548,False,False,0.0
SES02809,2024-07-31,2024-07,Paid Search,Desktop,United States,/products,7,838,False,False,0.0
SES02810,2024-09-14,2024-09,Paid Search,Mobile,Germany,/home,1,37,True,False,0.0
SES02811,2025-06-16,2025-06,Direct,Mobile,United States,/sale,10,488,False,False,0.0
SES02812,2025-01-27,2025-01,Organic Search,Mobile,United States,/home,1,10,True,False,0.0
SES02813,2024-08-02,2024-08,Organic Search,Mobile,Canada,/about,9,851,False,False,0.0
SES02814,2024-11-14,2024-11,Direct,Tablet,Germany,/sale,11,197,False,False,0.0
SES02815,2024-11-09,2024-11,Paid Search,Desktop,United States,/sale,10,211,False,False,0.0
SES02816,2024-10-31,2024-10,Direct,Desktop,United States,/checkout,1,34,True,False,0.0
SES02817,2024-10-07,2024-10,Organic Search,Desktop,Canada,/home,1,29,True,False,0.0
SES02818,2024-12-06,2024-12,Paid Search,Desktop,Australia,/products,7,810,False,False,0.0
SES02819,2025-02-09,2025-02,Organic Search,Desktop,Germany,/products,3,333,False,False,0.0
SES02820,2024-10-12,2024-10,Paid Search,Desktop,United States,/products,1,26,True,False,0.0
SES02821,2024-09-08,2024-09,Email,Desktop,United States,/cart,1,10,True,False,0.0
SES02822,2024-11-20,2024-11,Organic Search,Mobile,Germany,/checkout,4,266,False,False,0.0
SES02823,2024-07-22,2024-07,Social Media,Tablet,Germany,/products,9,158,False,False,0.0
SES02824,2024-07-11,2024-07,Organic Search,Mobile,United States,/home,1,35,True,False,0.0
SES02825,2024-08-12,2024-08,Email,Mobile,United States,/products,1,44,True,False,0.0
SES02826,2024-11-30,2024-11,Organic Search,Desktop,United Kingdom,/home,5,552,False,False,0.0
SES02827,2025-01-25,2025-01,Organic Search,Tablet,United States,/cart,4,119,False,False,0.0
SES02828,2024-08-16,2024-08,Direct,Desktop,United States,/products,9,249,False,False,0.0
SES02829,2024-09-10,2024-09,Social Media,Desktop,Canada,/products,1,42,True,False,0.0
SES02830,2025-04-19,2025-04,Social Media,Desktop,Canada,/sale,8,594,False,False,0.0
SES02831,2025-03-25,2025-03,Paid Search,Mobile,United States,/products,11,762,False,False,0.0
SES02832,2025-03-26,2025-03,Social Media,Mobile,United Kingdom,/products,1,41,True,False,0.0
SES02833,2024-08-16,2024-08,Paid Search,Mobile,United States,/home,1,20,True,False,0.0
SES02834,2024-09-01,2024-09,Paid Search,Desktop,Canada,/products,6,393,False,False,0.0
SES02835,2025-04-26,2025-04,Direct,Mobile,United States,/blog,11,708,False,False,0.0
SES02836,2024-10-29,2024-10,Social Media,Desktop,United States,/home,11,833,False,False,0.0
SES02837,2024-08-24,2024-08,Email,Desktop,Australia,/home,1,5,True,False,0.0
SES02838,2024-11-18,2024-11,Organic Search,Mobile,United States,/sale,5,444,False,False,0.0
SES02839,2025-04-28,2025-04,Email,Mobile,United States,/about,1,28,True,False,0.0
SES02840,2025-03-31,2025-03,Direct,Tablet,United States,/home,1,40,True,False,0.0
SES02841,2024-08-27,2024-08,Referral,Desktop,United Kingdom,/home,1,11,True,False,0.0
SES02842,2025-02-02,2025-02,Social Media,Mobile,United States,/home,1,40,True,False,0.0
SES02843,2024-11-04,2024-11,Paid Search,Desktop,United States,/blog,11,570,False,False,0.0
SES02844,2024-09-13,2024-09,Paid Search,Mobile,Australia,/products,1,24,True,False,0.0
SES02845,2025-01-05,2025-01,Paid Search,Desktop,United States,/products,9,261,False,True,145.06
SES02846,2025-05-07,2025-05,Organic Search,Tablet,Australia,/home,1,9,True,False,0.0
SES02847,2025-06-05,2025-06,Direct,Desktop,United States,/home,6,387,False,False,0.0
SES02848,2025-06-09,2025-06,Email,Mobile,United States,/contact,1,34,True,False,0.0
SES02849,2025-04-09,2025-04,Direct,Desktop,Germany,/sale,10,866,False,False,0.0
SES02850,2025-06-24,2025-06,Organic Search,Mobile,United States,/home,1,42,True,False,0.0
SES02851,2025-06-16,2025-06,Paid Search,Mobile,United States,/checkout,1,8,True,False,0.0
SES02852,2024-10-30,2024-10,Organic Search,Desktop,United States,/sale,9,803,False,False,0.0
SES02853,2025-01-18,2025-01,Organic Search,Desktop,United States,/products,5,385,False,False,0.0
SES02854,2024-12-02,2024-12,Organic Search,Mobile,Canada,/products,1,17,True,False,0.0
SES02855,2024-10-29,2024-10,Direct,Mobile,United States,/products,1,41,True,False,0.0
SES02856,2024-09-21,2024-09,Referral,Desktop,United States,/about,3,169,False,False,0.0
SES02857,2025-05-26,2025-05,Organic Search,Mobile,Australia,/products,1,32,True,False,0.0
SES02858,2024-07-18,2024-07,Social Media,Mobile,United States,/home,1,8,True,False,0.0
SES02859,2024-08-11,2024-08,Referral,Tablet,United States,/products,9,94,False,False,0.0
SES02860,2025-02-27,2025-02,Paid Search,Tablet,Australia,/products,6,630,False,False,0.0
SES02861,2024-12-18,2024-12,Paid Search,Mobile,United States,/home,8,592,False,False,0.0
SES02862,2024-08-21,2024-08,Organic Search,Desktop,United States,/about,10,128,False,False,0.0
SES02863,2025-03-17,2025-03,Social Media,Tablet,United States,/home,1,17,True,False,0.0
SES02864,2025-02-01,2025-02,Organic Search,Mobile,United States,/products,9,687,False,False,0.0
SES02865,2024-12-15,2024-12,Organic Search,Desktop,United States,/blog,8,359,False,True,125.51
SES02866,2024-07-27,2024-07,Paid Search,Desktop,United States,/products,6,620,False,False,0.0
SES02867,2025-02-13,2025-02,Paid Search,Desktop,United States,/sale,9,644,False,False,0.0
SES02868,2025-01-22,2025-01,Social Media,Desktop,United States,/checkout,1,40,True,False,0.0
SES02869,2024-12-04,2024-12,Direct,Desktop,United States,/about,1,6,True,False,0.0
SES02870,2024-08-12,2024-08,Organic Search,Desktop,United States,/home,1,9,True,False,0.0
SES02871,2024-11-05,2024-11,Social Media,Mobile,United States,/blog,1,25,True,False,0.0
SES02872,2025-05-29,2025-05,Organic Search,Desktop,United Kingdom,/products,8,868,False,False,0.0
SES02873,2025-06-17,2025-06,Email,Desktop,United States,/products,6,69,False,False,0.0
SES02874,2025-02-17,2025-02,Social Media,Desktop,Canada,/products,1,23,True,False,0.0
SES02875,2024-09-07,2024-09,Social Media,Desktop,United States,/home,1,32,True,False,0.0
SES02876,2025-06-17,2025-06,Social Media,Mobile,United States,/home,1,14,True,False,0.0
SES02877,2024-12-15,2024-12,Direct,Desktop,United Kingdom,/home,5,575,False,False,0.0
SES02878,2025-01-29,2025-01,Paid Search,Desktop,Australia,/products,1,36,True,False,0.0
SES02879,2025-01-18,2025-01,Organic Search,Desktop,United States,/sale,9,411,False,False,0.0
SES02880,2025-04-19,2025-04,Organic Search,Desktop,United States,/home,1,33,True,False,0.0
SES02881,2024-07-12,2024-07,Email,Desktop,United States,/products,2,614,False,False,0.0
SES02882,2025-05-17,2025-05,Direct,Desktop,United States,/products,1,42,True,False,0.0
SES02883,2024-08-15,2024-08,Organic Search,Desktop,United States,/products,8,173,False,False,0.0
SES02884,2025-06-25,2025-06,Direct,Desktop,United States,/checkout,5,376,False,True,139.56
SES02885,2025-05-13,2025-05,Direct,Mobile,United States,/home,8,649,False,False,0.0
SES02886,2024-08-15,2024-08,Direct,Desktop,United States,/home,7,728,False,False,0.0
SES02887,2025-04-17,2025-04,Paid Search,Mobile,United States,/home,1,34,True,False,0.0
SES02888,2025-03-27,2025-03,Email,Mobile,Canada,/products,5,558,False,False,0.0
SES02889,2025-02-18,2025-02,Organic Search,Tablet,Germany,/about,5,635,False,False,0.0
SES02890,2024-10-23,2024-10,Email,Desktop,United States,/products,5,665,False,False,0.0
SES02891,2024-11-14,2024-11,Organic Search,Mobile,United States,/sale,1,28,True,False,0.0
SES02892,2025-03-11,2025-03,Organic Search,Desktop,United Kingdom,/sale,1,16,True,False,0.0
SES02893,2025-02-06,2025-02,Social Media,Mobile,United States,/products,6,321,False,False,0.0
SES02894,2024-11-22,2024-11,Paid Search,Desktop,United States,/sale,2,802,False,False,0.0
SES02895,2024-10-01,2024-10,Paid Search,Desktop,United States,/home,1,38,True,False,0.0
SES02896,2024-09-13,2024-09,Direct,Mobile,United States,/home,1,27,True,False,0.0
SES02897,2024-11-12,2024-11,Paid Search,Mobile,United States,/products,1,16,True,False,0.0
SES02898,2025-02-16,2025-02,Organic Search,Desktop,Australia,/sale,10,702,False,False,0.0
SES02899,2025-06-16,2025-06,Direct,Desktop,United States,/about,7,350,False,False,0.0
SES02900,2025-02-26,2025-02,Organic Search,Mobile,United States,/home,1,26,True,False,0.0
SES02901,2024-12-13,2024-12,Social Media,Mobile,United States,/home,4,782,False,False,0.0
SES02902,2024-10-17,2024-10,Direct,Tablet,Canada,/sale,5,558,False,False,0.0
SES02903,2025-05-02,2025-05,Organic Search,Desktop,United States,/about,1,15,True,False,0.0
SES02904,2024-08-18,2024-08,Direct,Tablet,Canada,/products,2,669,False,False,0.0
SES02905,2024-10-29,2024-10,Social Media,Desktop,Australia,/products,1,34,True,False,0.0
SES02906,2024-12-29,2024-12,Direct,Desktop,Australia,/products,4,790,False,False,0.0
SES02907,2025-05-03,2025-05,Email,Mobile,United Kingdom,/products,9,220,False,False,0.0
SES02908,2024-07-03,2024-07,Email,Tablet,United States,/sale,1,7,True,False,0.0
SES02909,2025-05-14,2025-05,Direct,Mobile,United States,/products,5,486,False,False,0.0
SES02910,2025-06-09,2025-06,Paid Search,Mobile,United Kingdom,/home,1,39,True,False,0.0
SES02911,2025-04-13,2025-04,Paid Search,Mobile,United States,/sale,1,6,True,False,0.0
SES02912,2024-09-30,2024-09,Paid Search,Desktop,United States,/home,1,25,True,False,0.0
SES02913,2025-03-15,2025-03,Organic Search,Mobile,Canada,/sale,10,492,False,False,0.0
SES02914,2025-02-25,2025-02,Paid Search,Desktop,United States,/home,1,20,True,False,0.0
SES02915,2024-12-10,2024-12,Paid Search,Desktop,United States,/home,3,75,False,False,0.0
SES02916,2024-11-11,2024-11,Organic Search,Mobile,United States,/cart,1,24,True,False,0.0
SES02917,2024-07-23,2024-07,Organic Search,Desktop,United States,/checkout,7,894,False,False,0.0
SES02918,2024-11-21,2024-11,Direct,Desktop,United States,/sale,7,853,False,False,0.0
SES02919,2024-11-22,2024-11,Paid Search,Mobile,United States,/products,6,635,False,False,0.0
SES02920,2024-11-13,2024-11,Social Media,Desktop,Germany,/products,1,39,True,False,0.0
SES02921,2025-02-09,2025-02,Direct,Mobile,Australia,/home,8,479,False,False,0.0
SES02922,2025-03-09,2025-03,Direct,Desktop,United States,/products,3,657,False,False,0.0
SES02923,2025-06-02,2025-06,Email,Desktop,United Kingdom,/home,10,441,False,False,0.0
SES02924,2024-10-05,2024-10,Organic Search,Desktop,United States,/products,1,35,True,False,0.0
SES02925,2024-10-26,2024-10,Organic Search,Mobile,United States,/cart,1,12,True,False,0.0
SES02926,2025-02-26,2025-02,Social Media,Desktop,Australia,/contact,1,11,True,False,0.0
SES02927,2025-06-27,2025-06,Organic Search,Desktop,United States,/home,3,541,False,False,0.0
SES02928,2025-03-11,2025-03,Organic Search,Desktop,Australia,/home,1,12,True,False,0.0
SES02929,2024-12-30,2024-12,Referral,Mobile,Canada,/contact,6,641,False,False,0.0
SES02930,2025-02-20,2025-02,Direct,Mobile,United States,/about,10,201,False,False,0.0
SES02931,2024-09-14,2024-09,Organic Search,Mobile,United States,/products,1,35,True,False,0.0
SES02932,2024-08-17,2024-08,Organic Search,Mobile,United States,/home,1,39,True,False,0.0
SES02933,2024-11-23,2024-11,Organic Search,Desktop,United States,/sale,1,42,True,False,0.0
SES02934,2024-09-25,2024-09,Organic Search,Tablet,United States,/checkout,8,693,False,False,0.0
SES02935,2025-04-15,2025-04,Direct,Desktop,United States,/products,5,283,False,False,0.0
SES02936,2025-04-25,2025-04,Organic Search,Desktop,United Kingdom,/products,10,125,False,True,44.75
SES02937,2025-04-19,2025-04,Organic Search,Mobile,Canada,/home,1,25,True,False,0.0
SES02938,2024-08-09,2024-08,Organic Search,Desktop,United States,/home,1,29,True,False,0.0
SES02939,2025-03-13,2025-03,Email,Mobile,United States,/sale,9,753,False,False,0.0
SES02940,2024-07-14,2024-07,Paid Search,Desktop,United States,/products,1,17,True,False,0.0
SES02941,2025-06-14,2025-06,Direct,Tablet,United States,/products,1,16,True,False,0.0
SES02942,2025-01-08,2025-01,Email,Mobile,United Kingdom,/home,6,201,False,False,0.0
SES02943,2024-12-13,2024-12,Paid Search,Mobile,United States,/home,1,30,True,False,0.0
SES02944,2024-08-11,2024-08,Social Media,Mobile,United States,/blog,1,30,True,False,0.0
SES02945,2025-06-28,2025-06,Organic Search,Desktop,United States,/products,4,434,False,False,0.0
SES02946,2024-11-15,2024-11,Organic Search,Mobile,Australia,/products,5,67,False,True,128.01
SES02947,2024-07-23,2024-07,Paid Search,Mobile,United States,/home,4,833,False,False,0.0
SES02948,2024-12-14,2024-12,Paid Search,Tablet,United States,/home,5,180,False,False,0.0
SES02949,2025-04-18,2025-04,Organic Search,Mobile,United States,/home,1,42,True,False,0.0
SES02950,2024-07-25,2024-07,Direct,Desktop,United States,/contact,3,278,False,False,0.0
SES02951,2024-07-29,2024-07,Paid Search,Tablet,United States,/home,6,633,False,False,0.0
SES02952,2025-05-05,2025-05,Direct,Mobile,Australia,/products,10,841,False,False,0.0
SES02953,2024-09-30,2024-09,Direct,Desktop,United States,/home,1,39,True,False,0.0
SES02954,2025-01-21,2025-01,Referral,Tablet,United States,/checkout,1,21,True,False,0.0
SES02955,2024-10-15,2024-10,Paid Search,Mobile,United States,/contact,1,38,True,False,0.0
SES02956,2025-01-23,2025-01,Social Media,Tablet,United States,/products,1,5,True,False,0.0
SES02957,2025-05-31,2025-05,Paid Search,Desktop,Germany,/products,1,25,True,False,0.0
SES02958,2024-11-30,2024-11,Social Media,Mobile,Canada,/products,1,40,True,False,0.0
SES02959,2025-02-07,2025-02,Email,Desktop,United States,/products,10,459,False,False,0.0
SES02960,2025-06-16,2025-06,Direct,Tablet,Australia,/home,5,299,False,False,0.0
SES02961,2024-08-19,2024-08,Email,Mobile,United States,/blog,4,170,False,False,0.0
SES02962,2025-03-08,2025-03,Paid Search,Desktop,United States,/about,1,29,True,False,0.0
SES02963,2025-01-15,2025-01,Organic Search,Mobile,United States,/checkout,5,837,False,False,0.0
SES02964,2025-02-02,2025-02,Organic Search,Mobile,United States,/sale,1,11,True,False,0.0
SES02965,2025-02-02,2025-02,Paid Search,Desktop,United States,/products,10,604,False,False,0.0
SES02966,2025-02-08,2025-02,Email,Desktop,United States,/about,10,275,False,False,0.0
SES02967,2025-03-20,2025-03,Paid Search,Desktop,Canada,/products,1,27,True,False,0.0
SES02968,2025-02-23,2025-02,Organic Search,Desktop,Germany,/home,8,771,False,False,0.0
SES02969,2024-09-18,2024-09,Referral,Mobile,United States,/home,7,712,False,False,0.0
SES02970,2025-05-28,2025-05,Organic Search,Mobile,Germany,/products,8,210,False,False,0.0
SES02971,2025-02-09,2025-02,Paid Search,Desktop,Australia,/home,1,5,True,False,0.0
SES02972,2025-03-02,2025-03,Social Media,Desktop,United Kingdom,/products,1,44,True,False,0.0
SES02973,2024-09-04,2024-09,Organic Search,Mobile,Canada,/products,10,540,False,False,0.0
SES02974,2024-11-05,2024-11,Social Media,Mobile,United Kingdom,/home,1,37,True,False,0.0
SES02975,2024-11-29,2024-11,Organic Search,Desktop,United Kingdom,/contact,2,662,False,False,0.0
SES02976,2024-07-24,2024-07,Direct,Desktop,United States,/sale,2,755,False,False,0.0
SES02977,2025-01-28,2025-01,Organic Search,Desktop,United States,/home,1,31,True,False,0.0
SES02978,2025-06-04,2025-06,Paid Search,Mobile,United States,/sale,8,382,False,False,0.0
SES02979,2024-12-29,2024-12,Organic Search,Mobile,United States,/contact,1,37,True,False,0.0
SES02980,2024-08-11,2024-08,Paid Search,Mobile,United States,/products,7,546,False,True,52.94
SES02981,2025-06-04,2025-06,Organic Search,Mobile,United States,/home,4,114,False,False,0.0
SES02982,2025-01-18,2025-01,Organic Search,Desktop,United States,/products,1,42,True,False,0.0
SES02983,2025-01-30,2025-01,Direct,Desktop,Canada,/contact,3,118,False,False,0.0
SES02984,2025-04-27,2025-04,Direct,Desktop,United Kingdom,/home,2,364,False,False,0.0
SES02985,2025-02-16,2025-02,Referral,Mobile,Canada,/products,2,843,False,False,0.0
SES02986,2024-10-04,2024-10,Social Media,Desktop,Canada,/home,1,18,True,False,0.0
SES02987,2024-08-10,2024-08,Direct,Mobile,United Kingdom,/home,3,433,False,False,0.0
SES02988,2025-06-10,2025-06,Referral,Tablet,United States,/home,1,14,True,False,0.0
SES02989,2025-03-31,2025-03,Paid Search,Mobile,United States,/cart,1,22,True,False,0.0
SES02990,2025-01-19,2025-01,Email,Desktop,Canada,/products,1,32,True,False,0.0
SES02991,2024-09-26,2024-09,Social Media,Desktop,Australia,/checkout,11,754,False,False,0.0
SES02992,2025-01-24,2025-01,Paid Search,Mobile,Australia,/checkout,6,325,False,False,0.0
SES02993,2025-05-05,2025-05,Organic Search,Mobile,United States,/home,4,367,False,False,0.0
SES02994,2025-05-12,2025-05,Organic Search,Desktop,Canada,/products,1,44,True,False,0.0
SES02995,2025-06-10,2025-06,Organic Search,Mobile,Canada,/about,11,250,False,False,0.0
SES02996,2024-12-02,2024-12,Email,Desktop,United States,/sale,1,13,True,False,0.0
SES02997,2024-09-08,2024-09,Direct,Desktop,Canada,/sale,1,12,True,False,0.0
SES02998,2024-08-27,2024-08,Organic Search,Desktop,United States,/products,2,554,False,False,0.0
SES02999,2024-10-05,2024-10,Direct,Desktop,Australia,/sale,9,461,False,False,0.0
SES03000,2025-05-29,2025-05,Organic Search,Mobile,United Kingdom,/cart,1,28,True,False,0.0
SES03001,2024-11-01,2024-11,Social Media,Mobile,Canada,/products,1,42,True,False,0.0
SES03002,2025-05-17,2025-05,Paid Search,Desktop,United Kingdom,/home,10,804,False,False,0.0
SES03003,2024-08-14,2024-08,Referral,Desktop,United Kingdom,/products,1,40,True,False,0.0
SES03004,2025-02-23,2025-02,Organic Search,Desktop,United States,/blog,1,10,True,False,0.0
SES03005,2025-02-02,2025-02,Organic Search,Mobile,Australia,/home,1,6,True,False,0.0
SES03006,2024-09-24,2024-09,Organic Search,Desktop,United States,/cart,9,337,False,False,0.0
SES03007,2025-02-13,2025-02,Organic Search,Mobile,United States,/products,8,862,False,False,0.0
SES03008,2025-02-16,2025-02,Paid Search,Tablet,Canada,/about,9,245,False,False,0.0
SES03009,2025-04-18,2025-04,Paid Search,Desktop,United States,/home,2,614,False,False,0.0
SES03010,2024-12-18,2024-12,Email,Mobile,Australia,/cart,1,9,True,False,0.0
SES03011,2025-05-19,2025-05,Organic Search,Desktop,United States,/contact,11,831,False,False,0.0
SES03012,2025-01-29,2025-01,Organic Search,Tablet,Canada,/about,8,170,False,False,0.0
SES03013,2025-05-02,2025-05,Email,Desktop,Canada,/contact,9,142,False,False,0.0
SES03014,2024-07-19,2024-07,Direct,Mobile,Canada,/contact,7,732,False,False,0.0
SES03015,2025-04-29,2025-04,Organic Search,Mobile,United States,/home,6,413,False,False,0.0
SES03016,2025-03-07,2025-03,Paid Search,Desktop,United States,/sale,1,39,True,False,0.0
SES03017,2024-08-01,2024-08,Paid Search,Desktop,United States,/products,10,572,False,False,0.0
SES03018,2024-12-09,2024-12,Direct,Mobile,United States,/checkout,4,523,False,False,0.0
SES03019,2025-05-28,2025-05,Social Media,Desktop,United States,/checkout,1,35,True,False,0.0
SES03020,2025-02-28,2025-02,Direct,Desktop,Germany,/about,1,42,True,False,0.0
SES03021,2025-05-15,2025-05,Paid Search,Mobile,United States,/products,6,514,False,False,0.0
SES03022,2025-06-23,2025-06,Referral,Desktop,United States,/checkout,1,39,True,False,0.0
SES03023,2024-09-21,2024-09,Social Media,Desktop,United States,/sale,1,23,True,False,0.0
SES03024,2024-10-07,2024-10,Email,Desktop,United States,/products,6,782,False,False,0.0
SES03025,2025-03-17,2025-03,Direct,Desktop,United States,/sale,1,42,True,False,0.0
SES03026,2025-06-16,2025-06,Organic Search,Desktop,Australia,/home,1,8,True,False,0.0
SES03027,2025-05-05,2025-05,Email,Desktop,United States,/contact,8,788,False,False,0.0
SES03028,2025-02-25,2025-02,Social Media,Desktop,United States,/home,1,9,True,False,0.0
SES03029,2024-11-28,2024-11,Social Media,Mobile,United States,/home,10,818,False,False,0.0
SES03030,2025-01-30,2025-01,Referral,Desktop,United States,/products,4,849,False,False,0.0
SES03031,2025-01-01,2025-01,Paid Search,Desktop,Canada,/checkout,3,268,False,False,0.0
SES03032,2024-09-21,2024-09,Direct,Desktop,United States,/sale,7,505,False,False,0.0
SES03033,2024-08-14,2024-08,Social Media,Tablet,United Kingdom,/products,10,169,False,False,0.0
SES03034,2024-10-11,2024-10,Email,Desktop,United Kingdom,/home,1,35,True,False,0.0
SES03035,2025-03-09,2025-03,Organic Search,Tablet,United States,/sale,1,7,True,False,0.0
SES03036,2025-01-29,2025-01,Organic Search,Desktop,Australia,/home,4,861,False,False,0.0
SES03037,2024-10-29,2024-10,Paid Search,Desktop,United States,/products,1,28,True,False,0.0
SES03038,2024-07-25,2024-07,Organic Search,Mobile,United States,/products,4,477,False,False,0.0
SES03039,2024-11-11,2024-11,Organic Search,Tablet,United States,/contact,1,28,True,False,0.0
SES03040,2024-09-20,2024-09,Paid Search,Desktop,United States,/products,1,9,True,False,0.0
SES03041,2025-03-15,2025-03,Organic Search,Desktop,United Kingdom,/sale,1,28,True,False,0.0
SES03042,2024-08-02,2024-08,Email,Desktop,Canada,/products,1,38,True,False,0.0
SES03043,2024-08-28,2024-08,Direct,Mobile,United States,/cart,10,130,False,False,0.0
SES03044,2024-10-23,2024-10,Paid Search,Mobile,United States,/home,11,453,False,False,0.0
SES03045,2024-12-29,2024-12,Social Media,Tablet,United States,/products,6,401,False,False,0.0
SES03046,2025-04-12,2025-04,Organic Search,Mobile,Australia,/products,1,18,True,False,0.0
SES03047,2024-09-16,2024-09,Direct,Tablet,Canada,/products,6,68,False,False,0.0
SES03048,2025-05-06,2025-05,Organic Search,Desktop,United States,/products,5,451,False,False,0.0
SES03049,2025-02-10,2025-02,Paid Search,Tablet,United Kingdom,/sale,5,838,False,False,0.0
SES03050,2024-08-26,2024-08,Organic Search,Desktop,United States,/home,9,875,False,False,0.0
SES03051,2025-05-09,2025-05,Direct,Mobile,United States,/sale,6,699,False,False,0.0
SES03052,2025-04-14,2025-04,Organic Search,Desktop,United States,/home,1,34,True,False,0.0
SES03053,2024-08-23,2024-08,Referral,Mobile,Australia,/sale,1,26,True,False,0.0
SES03054,2024-08-30,2024-08,Email,Desktop,United States,/sale,8,342,False,False,0.0
SES03055,2024-09-19,2024-09,Direct,Desktop,United States,/products,11,140,False,False,0.0
SES03056,2025-03-17,2025-03,Email,Mobile,United States,/contact,10,155,False,False,0.0
SES03057,2024-09-17,2024-09,Organic Search,Mobile,Australia,/sale,2,416,False,False,0.0
SES03058,2024-09-09,2024-09,Direct,Mobile,United Kingdom,/home,1,38,True,False,0.0
SES03059,2024-10-12,2024-10,Organic Search,Mobile,Germany,/home,7,150,False,False,0.0
SES03060,2024-07-04,2024-07,Direct,Mobile,United States,/sale,1,16,True,False,0.0
SES03061,2025-02-28,2025-02,Paid Search,Mobile,Canada,/contact,1,31,True,False,0.0
SES03062,2025-03-16,2025-03,Organic Search,Desktop,United States,/sale,1,27,True,False,0.0
SES03063,2024-11-14,2024-11,Organic Search,Desktop,United States,/sale,1,43,True,False,0.0
SES03064,2025-01-29,2025-01,Organic Search,Desktop,United Kingdom,/products,1,25,True,False,0.0
SES03065,2025-06-06,2025-06,Organic Search,Mobile,United States,/cart,1,27,True,False,0.0
SES03066,2025-03-29,2025-03,Email,Mobile,United States,/contact,9,696,False,False,0.0
SES03067,2025-02-05,2025-02,Organic Search,Mobile,Canada,/about,1,17,True,False,0.0
SES03068,2025-01-26,2025-01,Organic Search,Mobile,United States,/cart,5,541,False,False,0.0
SES03069,2025-03-22,2025-03,Organic Search,Mobile,United States,/home,4,868,False,False,0.0
SES03070,2024-07-16,2024-07,Organic Search,Tablet,United States,/home,5,575,False,False,0.0
SES03071,2025-03-22,2025-03,Organic Search,Mobile,Australia,/cart,7,310,False,False,0.0
SES03072,2024-12-09,2024-12,Organic Search,Desktop,Canada,/products,1,30,True,False,0.0
SES03073,2024-09-23,2024-09,Organic Search,Desktop,Canada,/products,5,780,False,False,0.0
SES03074,2024-07-19,2024-07,Social Media,Desktop,United States,/home,2,328,False,False,0.0
SES03075,2025-04-21,2025-04,Direct,Desktop,United States,/contact,1,43,True,False,0.0
SES03076,2025-05-20,2025-05,Direct,Mobile,United States,/about,6,659,False,False,0.0
SES03077,2025-03-24,2025-03,Paid Search,Desktop,United States,/products,11,853,False,False,0.0
SES03078,2025-06-14,2025-06,Paid Search,Mobile,United States,/home,2,235,False,False,0.0
SES03079,2024-12-08,2024-12,Organic Search,Desktop,United States,/contact,5,559,False,True,101.46
SES03080,2024-11-21,2024-11,Direct,Desktop,United States,/products,9,120,False,False,0.0
SES03081,2024-09-14,2024-09,Direct,Mobile,United States,/home,9,634,False,False,0.0
SES03082,2024-10-14,2024-10,Organic Search,Desktop,Germany,/home,10,278,False,False,0.0
SES03083,2025-05-13,2025-05,Organic Search,Desktop,United States,/home,2,536,False,False,0.0
SES03084,2025-05-29,2025-05,Organic Search,Desktop,United States,/home,1,32,True,False,0.0
SES03085,2024-10-10,2024-10,Paid Search,Desktop,United States,/home,3,97,False,False,0.0
SES03086,2025-04-02,2025-04,Organic Search,Desktop,Australia,/contact,1,43,True,False,0.0
SES03087,2024-09-03,2024-09,Organic Search,Desktop,United States,/home,4,781,False,False,0.0
SES03088,2024-10-18,2024-10,Organic Search,Desktop,United States,/blog,1,29,True,False,0.0
SES03089,2025-04-09,2025-04,Direct,Mobile,United States,/home,1,25,True,False,0.0
SES03090,2024-12-22,2024-12,Paid Search,Mobile,United States,/products,7,157,False,False,0.0
SES03091,2024-07-15,2024-07,Direct,Desktop,United States,/products,11,608,False,False,0.0
SES03092,2024-11-10,2024-11,Organic Search,Desktop,United States,/sale,1,21,True,False,0.0
SES03093,2024-12-03,2024-12,Direct,Mobile,Australia,/sale,7,762,False,False,0.0
SES03094,2024-08-26,2024-08,Organic Search,Mobile,United States,/products,10,106,False,False,0.0
SES03095,2024-11-10,2024-11,Paid Search,Mobile,Australia,/home,8,574,False,False,0.0
SES03096,2024-07-25,2024-07,Direct,Mobile,Canada,/contact,4,882,False,False,0.0
SES03097,2025-02-15,2025-02,Organic Search,Mobile,United States,/home,1,6,True,False,0.0
SES03098,2024-07-03,2024-07,Organic Search,Mobile,United States,/cart,4,105,False,False,0.0
SES03099,2025-04-24,2025-04,Direct,Desktop,United States,/products,10,632,False,False,0.0
SES03100,2025-05-18,2025-05,Social Media,Mobile,United States,/checkout,3,91,False,False,0.0
SES03101,2024-10-28,2024-10,Paid Search,Mobile,United States,/sale,1,42,True,False,0.0
SES03102,2024-11-23,2024-11,Organic Search,Desktop,United States,/contact,8,171,False,False,0.0
SES03103,2025-04-20,2025-04,Paid Search,Mobile,United States,/products,8,845,False,False,0.0
SES03104,2025-03-24,2025-03,Direct,Desktop,United States,/cart,5,201,False,False,0.0
SES03105,2025-03-22,2025-03,Social Media,Desktop,United States,/sale,1,15,True,False,0.0
SES03106,2025-01-01,2025-01,Direct,Mobile,Canada,/products,3,572,False,False,0.0
SES03107,2025-02-03,2025-02,Organic Search,Mobile,United States,/home,11,109,False,False,0.0
SES03108,2024-08-01,2024-08,Organic Search,Desktop,United States,/home,11,493,False,False,0.0
SES03109,2024-10-18,2024-10,Organic Search,Mobile,United States,/home,8,775,False,False,0.0
SES03110,2025-03-27,2025-03,Organic Search,Desktop,United States,/contact,1,6,True,False,0.0
SES03111,2025-04-13,2025-04,Email,Desktop,United States,/sale,10,592,False,False,0.0
SES03112,2024-11-13,2024-11,Organic Search,Mobile,United States,/home,2,128,False,False,0.0
SES03113,2025-02-11,2025-02,Social Media,Mobile,United States,/cart,6,219,False,False,0.0
SES03114,2025-01-30,2025-01,Referral,Mobile,United Kingdom,/products,11,791,False,False,0.0
SES03115,2024-09-04,2024-09,Direct,Desktop,United States,/home,4,203,False,False,0.0
SES03116,2025-06-26,2025-06,Direct,Mobile,United States,/sale,2,88,False,False,0.0
SES03117,2025-06-21,2025-06,Direct,Desktop,United Kingdom,/about,1,12,True,False,0.0
SES03118,2025-02-28,2025-02,Direct,Mobile,United States,/sale,1,40,True,False,0.0
SES03119,2024-09-19,2024-09,Social Media,Mobile,Australia,/products,8,468,False,False,0.0
SES03120,2024-08-30,2024-08,Organic Search,Mobile,Canada,/home,5,243,False,False,0.0
SES03121,2024-08-31,2024-08,Direct,Mobile,United States,/about,1,30,True,False,0.0
SES03122,2024-11-26,2024-11,Paid Search,Mobile,Australia,/cart,1,33,True,False,0.0
SES03123,2024-09-17,2024-09,Paid Search,Desktop,Canada,/products,1,14,True,False,0.0
SES03124,2024-12-04,2024-12,Email,Desktop,United States,/home,4,629,False,False,0.0
SES03125,2025-03-06,2025-03,Organic Search,Desktop,United Kingdom,/blog,1,36,True,False,0.0
SES03126,2024-09-12,2024-09,Paid Search,Tablet,United States,/home,1,41,True,False,0.0
SES03127,2025-04-28,2025-04,Organic Search,Mobile,United States,/products,7,658,False,False,0.0
SES03128,2024-12-04,2024-12,Social Media,Mobile,United States,/products,11,613,False,False,0.0
SES03129,2025-03-08,2025-03,Social Media,Mobile,United States,/products,1,30,True,False,0.0
SES03130,2025-04-07,2025-04,Direct,Desktop,Canada,/cart,1,17,True,False,0.0
SES03131,2024-07-23,2024-07,Referral,Desktop,United States,/products,1,21,True,False,0.0
SES03132,2025-04-20,2025-04,Organic Search,Mobile,Australia,/products,1,10,True,False,0.0
SES03133,2025-02-17,2025-02,Email,Mobile,United States,/home,11,362,False,False,0.0
SES03134,2025-03-01,2025-03,Social Media,Desktop,United States,/home,10,539,False,False,0.0
SES03135,2024-09-06,2024-09,Referral,Mobile,Canada,/home,2,696,False,False,0.0
SES03136,2025-02-21,2025-02,Email,Desktop,United States,/sale,11,867,False,False,0.0
SES03137,2024-09-15,2024-09,Email,Desktop,Canada,/products,6,183,False,False,0.0
SES03138,2025-05-16,2025-05,Organic Search,Desktop,United States,/products,8,703,False,False,0.0
SES03139,2024-10-28,2024-10,Organic Search,Desktop,Germany,/sale,9,897,False,False,0.0
SES03140,2024-07-24,2024-07,Direct,Desktop,United States,/products,3,789,False,False,0.0
SES03141,2024-11-20,2024-11,Email,Desktop,United Kingdom,/home,8,63,False,False,0.0
SES03142,2025-06-28,2025-06,Direct,Desktop,Canada,/sale,1,35,True,False,0.0
SES03143,2025-05-19,2025-05,Direct,Mobile,Australia,/contact,3,842,False,False,0.0
SES03144,2025-04-14,2025-04,Organic Search,Mobile,United Kingdom,/blog,7,495,False,False,0.0
SES03145,2024-08-13,2024-08,Organic Search,Mobile,United States,/sale,1,26,True,False,0.0
SES03146,2025-05-13,2025-05,Paid Search,Mobile,United States,/sale,8,611,False,False,0.0
SES03147,2025-04-18,2025-04,Organic Search,Mobile,United States,/sale,5,76,False,False,0.0
SES03148,2025-03-15,2025-03,Direct,Desktop,United States,/sale,4,675,False,False,0.0
SES03149,2025-03-30,2025-03,Email,Mobile,United States,/sale,1,17,True,False,0.0
SES03150,2024-07-10,2024-07,Organic Search,Mobile,United States,/products,1,15,True,False,0.0
SES03151,2024-10-14,2024-10,Organic Search,Mobile,United States,/checkout,1,25,True,False,0.0
SES03152,2025-06-27,2025-06,Direct,Mobile,United States,/checkout,11,541,False,False,0.0
SES03153,2024-08-13,2024-08,Social Media,Mobile,United States,/checkout,6,887,False,False,0.0
SES03154,2025-01-22,2025-01,Organic Search,Tablet,United States,/home,10,285,False,False,0.0
SES03155,2024-07-12,2024-07,Organic Search,Mobile,United States,/home,1,39,True,False,0.0
SES03156,2024-10-01,2024-10,Organic Search,Desktop,Canada,/products,1,27,True,False,0.0
SES03157,2025-03-28,2025-03,Email,Mobile,United States,/products,1,34,True,False,0.0
SES03158,2024-11-09,2024-11,Paid Search,Desktop,Canada,/home,1,40,True,False,0.0
SES03159,2024-08-20,2024-08,Social Media,Desktop,United States,/blog,1,33,True,False,0.0
SES03160,2024-11-24,2024-11,Organic Search,Desktop,United States,/about,1,26,True,False,0.0
SES03161,2024-11-08,2024-11,Organic Search,Desktop,United States,/contact,6,484,False,False,0.0
SES03162,2025-01-25,2025-01,Direct,Desktop,Australia,/about,9,563,False,False,0.0
SES03163,2024-12-14,2024-12,Organic Search,Mobile,Canada,/about,1,22,True,False,0.0
SES03164,2024-07-30,2024-07,Paid Search,Desktop,United States,/sale,1,5,True,False,0.0
SES03165,2024-08-20,2024-08,Organic Search,Mobile,United States,/contact,1,28,True,False,0.0
SES03166,2025-01-28,2025-01,Organic Search,Tablet,United States,/home,7,417,False,False,0.0
SES03167,2024-08-31,2024-08,Paid Search,Desktop,United Kingdom,/products,1,6,True,False,0.0
SES03168,2024-10-31,2024-10,Paid Search,Mobile,United States,/home,2,655,False,False,0.0
SES03169,2025-03-10,2025-03,Social Media,Desktop,United States,/home,1,34,True,False,0.0
SES03170,2025-03-16,2025-03,Organic Search,Mobile,Australia,/home,1,22,True,False,0.0
SES03171,2024-08-28,2024-08,Organic Search,Desktop,United States,/products,1,6,True,False,0.0
SES03172,2024-12-10,2024-12,Direct,Desktop,United States,/sale,7,74,False,False,0.0
SES03173,2025-03-05,2025-03,Organic Search,Mobile,United States,/home,1,34,True,False,0.0
SES03174,2025-05-21,2025-05,Referral,Desktop,Germany,/sale,1,24,True,False,0.0
SES03175,2024-07-10,2024-07,Organic Search,Desktop,United States,/cart,1,44,True,False,0.0
SES03176,2025-04-27,2025-04,Paid Search,Desktop,United States,/home,11,533,False,False,0.0
SES03177,2025-04-11,2025-04,Direct,Desktop,United States,/sale,8,86,False,False,0.0
SES03178,2025-04-17,2025-04,Social Media,Desktop,Canada,/contact,1,29,True,False,0.0
SES03179,2024-08-12,2024-08,Organic Search,Mobile,United States,/sale,4,790,False,False,0.0
SES03180,2024-09-11,2024-09,Paid Search,Mobile,United States,/checkout,1,13,True,False,0.0
SES03181,2024-09-25,2024-09,Paid Search,Mobile,United States,/contact,7,162,False,False,0.0
SES03182,2025-02-02,2025-02,Email,Desktop,United States,/home,11,261,False,False,0.0
SES03183,2024-07-22,2024-07,Email,Desktop,United States,/home,1,10,True,False,0.0
SES03184,2025-02-23,2025-02,Organic Search,Desktop,United Kingdom,/products,8,330,False,False,0.0
SES03185,2025-05-31,2025-05,Paid Search,Mobile,United States,/contact,5,211,False,True,85.96
SES03186,2025-03-04,2025-03,Organic Search,Desktop,United Kingdom,/sale,1,32,True,False,0.0
SES03187,2024-11-06,2024-11,Direct,Desktop,United States,/products,4,363,False,False,0.0
SES03188,2024-12-27,2024-12,Organic Search,Desktop,United States,/home,9,449,False,False,0.0
SES03189,2025-03-19,2025-03,Social Media,Desktop,United States,/products,1,10,True,False,0.0
SES03190,2024-09-21,2024-09,Paid Search,Mobile,United States,/products,11,85,False,False,0.0
SES03191,2024-12-01,2024-12,Direct,Tablet,United States,/blog,1,27,True,False,0.0
SES03192,2025-06-23,2025-06,Organic Search,Desktop,United States,/products,1,21,True,False,0.0
SES03193,2024-09-10,2024-09,Referral,Mobile,Canada,/home,11,354,False,False,0.0
SES03194,2025-02-07,2025-02,Paid Search,Desktop,United Kingdom,/products,1,8,True,False,0.0
SES03195,2025-03-16,2025-03,Paid Search,Mobile,United States,/home,8,359,False,False,0.0
SES03196,2025-06-15,2025-06,Email,Desktop,United States,/products,4,97,False,False,0.0
SES03197,2025-06-28,2025-06,Organic Search,Mobile,United States,/products,8,656,False,False,0.0
SES03198,2024-12-12,2024-12,Organic Search,Desktop,United States,/contact,1,20,True,False,0.0
SES03199,2025-02-21,2025-02,Direct,Desktop,Germany,/about,6,228,False,False,0.0
SES03200,2025-06-20,2025-06,Organic Search,Desktop,United States,/sale,1,11,True,False,0.0
SES03201,2024-07-02,2024-07,Paid Search,Desktop,United States,/products,11,308,False,True,98.65
SES03202,2024-07-05,2024-07,Referral,Desktop,United States,/checkout,8,320,False,False,0.0
SES03203,2025-06-22,2025-06,Organic Search,Mobile,United States,/home,11,192,False,False,0.0
SES03204,2025-04-02,2025-04,Direct,Desktop,United States,/home,1,26,True,False,0.0
SES03205,2025-05-29,2025-05,Organic Search,Mobile,United States,/home,7,572,False,False,0.0
SES03206,2025-06-09,2025-06,Email,Mobile,United States,/blog,3,120,False,False,0.0
SES03207,2025-01-09,2025-01,Organic Search,Desktop,Australia,/about,8,468,False,False,0.0
SES03208,2024-09-29,2024-09,Referral,Mobile,United Kingdom,/home,7,235,False,False,0.0
SES03209,2024-07-05,2024-07,Paid Search,Mobile,United Kingdom,/products,1,18,True,False,0.0
SES03210,2025-01-06,2025-01,Organic Search,Desktop,United States,/products,5,656,False,False,0.0
SES03211,2024-10-22,2024-10,Direct,Mobile,United States,/products,4,568,False,False,0.0
SES03212,2025-06-14,2025-06,Direct,Mobile,United States,/about,7,766,False,False,0.0
SES03213,2024-08-16,2024-08,Paid Search,Desktop,United States,/home,11,482,False,False,0.0
SES03214,2024-10-22,2024-10,Email,Desktop,United States,/sale,1,39,True,False,0.0
SES03215,2025-03-10,2025-03,Direct,Desktop,United States,/products,11,751,False,True,82.33
SES03216,2025-03-10,2025-03,Social Media,Desktop,United States,/products,7,868,False,False,0.0
SES03217,2024-10-16,2024-10,Paid Search,Mobile,United States,/home,1,6,True,False,0.0
SES03218,2025-05-23,2025-05,Direct,Desktop,United States,/products,5,113,False,False,0.0
SES03219,2025-04-18,2025-04,Social Media,Desktop,United States,/checkout,1,29,True,False,0.0
SES03220,2024-09-26,2024-09,Email,Desktop,United States,/sale,10,497,False,False,0.0
SES03221,2025-04-16,2025-04,Email,Desktop,United States,/products,8,760,False,False,0.0
SES03222,2024-09-28,2024-09,Organic Search,Desktop,Australia,/cart,1,11,True,False,0.0
SES03223,2024-09-04,2024-09,Direct,Desktop,United States,/home,4,821,False,False,0.0
SES03224,2025-04-18,2025-04,Social Media,Mobile,Canada,/products,3,886,False,False,0.0
SES03225,2024-11-18,2024-11,Paid Search,Mobile,United States,/sale,1,21,True,False,0.0
SES03226,2025-06-13,2025-06,Direct,Mobile,United States,/checkout,1,27,True,False,0.0
SES03227,2025-06-20,2025-06,Direct,Desktop,United States,/products,2,383,False,False,0.0
SES03228,2025-06-14,2025-06,Direct,Desktop,Australia,/home,5,522,False,False,0.0
SES03229,2025-02-04,2025-02,Paid Search,Mobile,United States,/home,4,579,False,False,0.0
SES03230,2024-07-27,2024-07,Organic Search,Desktop,United States,/cart,2,329,False,False,0.0
SES03231,2025-01-25,2025-01,Organic Search,Desktop,United States,/home,1,23,True,False,0.0
SES03232,2025-06-14,2025-06,Organic Search,Tablet,Germany,/sale,9,489,False,False,0.0
SES03233,2025-03-22,2025-03,Social Media,Desktop,United States,/cart,4,516,False,False,0.0
SES03234,2024-10-23,2024-10,Email,Desktop,United States,/home,1,20,True,False,0.0
SES03235,2025-02-01,2025-02,Social Media,Desktop,United States,/sale,1,35,True,False,0.0
SES03236,2024-12-09,2024-12,Organic Search,Mobile,United States,/checkout,1,16,True,False,0.0
SES03237,2024-10-08,2024-10,Paid Search,Mobile,United States,/home,1,31,True,False,0.0
SES03238,2025-04-19,2025-04,Paid Search,Desktop,United States,/about,11,458,False,False,0.0
SES03239,2024-10-24,2024-10,Social Media,Desktop,Germany,/home,5,618,False,False,0.0
SES03240,2024-08-08,2024-08,Organic Search,Mobile,United States,/home,10,374,False,False,0.0
SES03241,2024-12-16,2024-12,Organic Search,Mobile,United States,/home,1,14,True,False,0.0
SES03242,2025-05-17,2025-05,Paid Search,Desktop,United States,/blog,4,292,False,True,132.55
SES03243,2025-02-07,2025-02,Social Media,Mobile,United States,/products,10,619,False,False,0.0
SES03244,2025-05-17,2025-05,Organic Search,Mobile,Canada,/sale,4,630,False,False,0.0
SES03245,2024-11-04,2024-11,Email,Mobile,Canada,/products,1,23,True,False,0.0
SES03246,2024-10-31,2024-10,Email,Desktop,United States,/products,8,716,False,False,0.0
SES03247,2024-12-18,2024-12,Organic Search,Desktop,United States,/sale,10,222,False,False,0.0
SES03248,2024-08-07,2024-08,Email,Desktop,Canada,/home,9,133,False,False,0.0
SES03249,2024-08-18,2024-08,Organic Search,Mobile,United States,/home,8,87,False,False,0.0
SES03250,2024-08-13,2024-08,Organic Search,Desktop,United States,/home,5,671,False,False,0.0
SES03251,2025-01-10,2025-01,Paid Search,Mobile,United Kingdom,/products,1,7,True,False,0.0
SES03252,2025-06-21,2025-06,Direct,Desktop,Canada,/sale,1,10,True,False,0.0
SES03253,2024-09-04,2024-09,Social Media,Desktop,United States,/products,1,36,True,False,0.0
SES03254,2025-02-12,2025-02,Direct,Desktop,United States,/checkout,1,28,True,False,0.0
SES03255,2025-05-09,2025-05,Organic Search,Desktop,United States,/sale,11,111,False,False,0.0
SES03256,2025-06-12,2025-06,Organic Search,Tablet,United States,/cart,1,42,True,False,0.0
SES03257,2024-07-27,2024-07,Direct,Desktop,United States,/sale,1,13,True,False,0.0
SES03258,2025-01-12,2025-01,Email,Tablet,United Kingdom,/checkout,8,75,False,False,0.0
SES03259,2025-01-27,2025-01,Organic Search,Mobile,United States,/contact,1,5,True,False,0.0
SES03260,2025-05-03,2025-05,Organic Search,Mobile,Germany,/about,8,436,False,False,0.0
SES03261,2025-02-18,2025-02,Organic Search,Mobile,United States,/home,1,29,True,False,0.0
SES03262,2025-02-05,2025-02,Organic Search,Desktop,United States,/products,2,627,False,False,0.0
SES03263,2024-12-21,2024-12,Social Media,Desktop,United States,/sale,8,418,False,False,0.0
SES03264,2024-07-14,2024-07,Email,Desktop,United Kingdom,/products,5,699,False,False,0.0
SES03265,2024-10-07,2024-10,Organic Search,Desktop,Canada,/contact,1,43,True,False,0.0
SES03266,2024-07-07,2024-07,Social Media,Mobile,United States,/products,1,9,True,False,0.0
SES03267,2024-08-04,2024-08,Organic Search,Mobile,Australia,/contact,11,512,False,False,0.0
SES03268,2025-04-20,2025-04,Social Media,Mobile,United States,/products,1,24,True,False,0.0
SES03269,2025-03-18,2025-03,Direct,Desktop,United States,/contact,1,32,True,False,0.0
SES03270,2025-02-01,2025-02,Organic Search,Desktop,United States,/home,3,236,False,False,0.0
SES03271,2024-10-04,2024-10,Referral,Desktop,United States,/cart,1,11,True,False,0.0
SES03272,2024-07-23,2024-07,Direct,Desktop,Australia,/home,1,36,True,False,0.0
SES03273,2024-12-07,2024-12,Organic Search,Desktop,United States,/products,7,350,False,False,0.0
SES03274,2025-05-30,2025-05,Direct,Desktop,Canada,/about,11,653,False,False,0.0
SES03275,2025-04-04,2025-04,Email,Desktop,United States,/home,4,542,False,False,0.0
SES03276,2024-12-06,2024-12,Organic Search,Desktop,United States,/home,10,425,False,False,0.0
SES03277,2024-07-05,2024-07,Organic Search,Desktop,United States,/home,7,639,False,False,0.0
SES03278,2024-09-13,2024-09,Paid Search,Tablet,United States,/about,1,19,True,False,0.0
SES03279,2025-03-17,2025-03,Email,Desktop,United States,/contact,8,799,False,False,0.0
SES03280,2024-07-28,2024-07,Direct,Tablet,Germany,/products,4,98,False,False,0.0
SES03281,2024-10-11,2024-10,Direct,Desktop,United States,/sale,8,478,False,False,0.0
SES03282,2024-08-05,2024-08,Direct,Mobile,Canada,/products,1,26,True,False,0.0
SES03283,2025-06-07,2025-06,Direct,Mobile,Germany,/home,7,731,False,False,0.0
SES03284,2025-02-25,2025-02,Paid Search,Mobile,United States,/checkout,8,329,False,False,0.0
SES03285,2025-04-23,2025-04,Organic Search,Mobile,United Kingdom,/products,11,605,False,False,0.0
SES03286,2024-12-01,2024-12,Email,Desktop,United States,/home,8,157,False,False,0.0
SES03287,2025-02-18,2025-02,Direct,Desktop,Australia,/home,8,848,False,False,0.0
SES03288,2025-03-11,2025-03,Organic Search,Mobile,Canada,/contact,1,19,True,False,0.0
SES03289,2024-07-02,2024-07,Direct,Mobile,United States,/products,8,482,False,False,0.0
SES03290,2025-02-24,2025-02,Organic Search,Mobile,United States,/checkout,11,367,False,False,0.0
SES03291,2024-12-17,2024-12,Social Media,Desktop,United States,/blog,8,619,False,False,0.0
SES03292,2025-01-21,2025-01,Direct,Mobile,United States,/about,1,40,True,False,0.0
SES03293,2024-07-04,2024-07,Paid Search,Mobile,Canada,/home,1,10,True,False,0.0
SES03294,2024-08-07,2024-08,Social Media,Desktop,United Kingdom,/checkout,1,9,True,False,0.0
SES03295,2025-04-11,2025-04,Organic Search,Mobile,United Kingdom,/products,1,32,True,False,0.0
SES03296,2024-11-26,2024-11,Social Media,Desktop,United Kingdom,/home,1,12,True,False,0.0
SES03297,2025-05-20,2025-05,Direct,Mobile,United States,/products,7,758,False,False,0.0
SES03298,2024-07-23,2024-07,Social Media,Desktop,Canada,/home,2,241,False,False,0.0
SES03299,2024-11-23,2024-11,Organic Search,Desktop,United States,/home,1,34,True,False,0.0
SES03300,2024-11-12,2024-11,Organic Search,Desktop,United States,/home,2,456,False,False,0.0
SES03301,2025-04-10,2025-04,Email,Mobile,United States,/home,1,14,True,False,0.0
SES03302,2024-10-09,2024-10,Social Media,Mobile,United States,/contact,1,38,True,False,0.0
SES03303,2024-11-12,2024-11,Organic Search,Desktop,United Kingdom,/checkout,5,192,False,True,209.78
SES03304,2025-06-12,2025-06,Paid Search,Desktop,United States,/home,1,14,True,False,0.0
SES03305,2025-06-01,2025-06,Email,Mobile,United Kingdom,/checkout,2,599,False,False,0.0
SES03306,2024-10-16,2024-10,Social Media,Desktop,Germany,/products,1,23,True,False,0.0
SES03307,2024-10-31,2024-10,Organic Search,Mobile,Australia,/about,1,33,True,False,0.0
SES03308,2025-01-07,2025-01,Paid Search,Mobile,United States,/home,5,482,False,False,0.0
SES03309,2025-05-16,2025-05,Social Media,Mobile,Australia,/about,11,527,False,False,0.0
SES03310,2024-08-03,2024-08,Organic Search,Desktop,United States,/sale,1,23,True,False,0.0
SES03311,2024-09-05,2024-09,Paid Search,Desktop,United States,/products,4,894,False,False,0.0
SES03312,2025-01-10,2025-01,Organic Search,Mobile,United States,/checkout,9,417,False,False,0.0
SES03313,2025-02-05,2025-02,Direct,Desktop,United States,/products,6,403,False,False,0.0
SES03314,2024-07-24,2024-07,Organic Search,Desktop,United States,/contact,5,561,False,False,0.0
SES03315,2025-04-01,2025-04,Organic Search,Desktop,United States,/checkout,1,42,True,False,0.0
SES03316,2024-09-15,2024-09,Referral,Mobile,United States,/checkout,1,20,True,False,0.0
SES03317,2024-07-28,2024-07,Organic Search,Desktop,United States,/home,7,78,False,False,0.0
SES03318,2024-09-03,2024-09,Paid Search,Tablet,United States,/checkout,9,424,False,False,0.0
SES03319,2025-03-08,2025-03,Social Media,Mobile,Canada,/home,1,30,True,False,0.0
SES03320,2024-08-11,2024-08,Paid Search,Desktop,Germany,/sale,9,389,False,False,0.0
SES03321,2025-05-11,2025-05,Organic Search,Mobile,United States,/about,1,11,True,False,0.0
SES03322,2025-03-18,2025-03,Paid Search,Desktop,United States,/home,1,17,True,False,0.0
SES03323,2025-05-27,2025-05,Direct,Mobile,United States,/sale,10,699,False,False,0.0
SES03324,2025-03-23,2025-03,Paid Search,Desktop,Canada,/home,7,279,False,False,0.0
SES03325,2025-01-08,2025-01,Organic Search,Desktop,Germany,/home,4,531,False,False,0.0
SES03326,2025-03-11,2025-03,Organic Search,Desktop,United States,/home,7,649,False,False,0.0
SES03327,2025-05-23,2025-05,Paid Search,Desktop,United Kingdom,/sale,3,296,False,False,0.0
SES03328,2024-07-19,2024-07,Paid Search,Desktop,United States,/products,1,25,True,False,0.0
SES03329,2024-10-12,2024-10,Email,Desktop,United States,/products,2,775,False,False,0.0
SES03330,2024-10-20,2024-10,Organic Search,Mobile,United States,/home,1,35,True,False,0.0
SES03331,2025-01-10,2025-01,Email,Mobile,United States,/home,2,737,False,False,0.0
SES03332,2025-01-08,2025-01,Email,Mobile,Germany,/home,1,43,True,False,0.0
SES03333,2024-08-13,2024-08,Email,Mobile,Australia,/products,1,44,True,False,0.0
SES03334,2024-08-13,2024-08,Direct,Mobile,Canada,/about,1,17,True,False,0.0
SES03335,2025-03-23,2025-03,Organic Search,Desktop,United Kingdom,/contact,1,21,True,False,0.0
SES03336,2025-04-25,2025-04,Organic Search,Desktop,United States,/products,1,39,True,False,0.0
SES03337,2025-03-20,2025-03,Direct,Desktop,United Kingdom,/checkout,3,562,False,False,0.0
SES03338,2025-02-25,2025-02,Organic Search,Mobile,United States,/products,3,283,False,False,0.0
SES03339,2025-03-12,2025-03,Social Media,Desktop,Germany,/checkout,1,5,True,False,0.0
SES03340,2025-01-12,2025-01,Social Media,Desktop,Canada,/sale,1,7,True,False,0.0
SES03341,2025-02-12,2025-02,Organic Search,Mobile,United States,/products,1,20,True,False,0.0
SES03342,2025-05-27,2025-05,Direct,Mobile,United States,/products,1,31,True,False,0.0
SES03343,2024-08-12,2024-08,Organic Search,Tablet,Canada,/about,1,10,True,False,0.0
SES03344,2025-03-14,2025-03,Paid Search,Desktop,United Kingdom,/products,7,425,False,False,0.0
SES03345,2024-11-19,2024-11,Direct,Desktop,Canada,/products,3,453,False,False,0.0
SES03346,2024-08-06,2024-08,Organic Search,Desktop,United States,/sale,1,41,True,False,0.0
SES03347,2025-04-06,2025-04,Email,Mobile,United States,/about,1,17,True,False,0.0
SES03348,2024-10-09,2024-10,Paid Search,Desktop,United States,/checkout,4,337,False,False,0.0
SES03349,2025-06-15,2025-06,Social Media,Desktop,United States,/sale,8,615,False,False,0.0
SES03350,2025-05-06,2025-05,Direct,Desktop,United States,/products,3,679,False,False,0.0
SES03351,2025-04-05,2025-04,Organic Search,Mobile,United States,/home,6,506,False,True,198.34
SES03352,2024-12-01,2024-12,Email,Tablet,Canada,/products,1,15,True,False,0.0
SES03353,2024-12-25,2024-12,Organic Search,Mobile,United States,/home,9,679,False,False,0.0
SES03354,2025-01-24,2025-01,Organic Search,Mobile,United States,/home,10,698,False,False,0.0
SES03355,2024-07-07,2024-07,Direct,Mobile,Canada,/home,3,839,False,False,0.0
SES03356,2024-09-15,2024-09,Direct,Desktop,United States,/sale,7,810,False,False,0.0
SES03357,2024-10-16,2024-10,Direct,Desktop,United States,/products,4,652,False,False,0.0
SES03358,2025-04-09,2025-04,Paid Search,Mobile,United Kingdom,/sale,2,320,False,False,0.0
SES03359,2025-02-22,2025-02,Direct,Desktop,Australia,/home,1,31,True,False,0.0
SES03360,2024-08-13,2024-08,Organic Search,Desktop,United States,/home,1,41,True,False,0.0
SES03361,2024-10-05,2024-10,Organic Search,Desktop,United States,/home,8,457,False,False,0.0
SES03362,2025-01-30,2025-01,Organic Search,Mobile,United States,/products,1,26,True,False,0.0
SES03363,2025-02-16,2025-02,Organic Search,Desktop,United States,/home,10,101,False,True,57.69
SES03364,2024-09-10,2024-09,Social Media,Desktop,United Kingdom,/home,1,23,True,False,0.0
SES03365,2024-09-04,2024-09,Organic Search,Mobile,United States,/products,1,25,True,False,0.0
SES03366,2024-07-05,2024-07,Paid Search,Desktop,United States,/home,5,801,False,False,0.0
SES03367,2024-12-29,2024-12,Direct,Tablet,United States,/sale,1,28,True,False,0.0
SES03368,2025-01-31,2025-01,Paid Search,Desktop,United States,/cart,1,16,True,False,0.0
SES03369,2025-01-23,2025-01,Paid Search,Desktop,United States,/home,8,228,False,False,0.0
SES03370,2024-12-01,2024-12,Organic Search,Desktop,United States,/blog,1,36,True,False,0.0
SES03371,2024-07-12,2024-07,Direct,Tablet,United States,/home,4,387,False,True,108.52
SES03372,2024-09-10,2024-09,Organic Search,Desktop,United States,/blog,1,38,True,False,0.0
SES03373,2024-12-17,2024-12,Social Media,Mobile,United States,/cart,1,31,True,False,0.0
SES03374,2025-05-05,2025-05,Organic Search,Desktop,United States,/sale,4,339,False,False,0.0
SES03375,2025-01-17,2025-01,Paid Search,Mobile,United Kingdom,/products,8,141,False,False,0.0
SES03376,2025-01-17,2025-01,Social Media,Mobile,United States,/products,1,28,True,False,0.0
SES03377,2025-01-14,2025-01,Referral,Desktop,United States,/home,1,12,True,False,0.0
SES03378,2024-08-25,2024-08,Paid Search,Tablet,United States,/home,1,14,True,False,0.0
SES03379,2025-02-17,2025-02,Organic Search,Desktop,United States,/home,5,822,False,False,0.0
SES03380,2024-09-26,2024-09,Direct,Desktop,United States,/blog,1,19,True,False,0.0
SES03381,2025-04-10,2025-04,Organic Search,Desktop,United States,/cart,1,15,True,False,0.0
SES03382,2025-06-18,2025-06,Organic Search,Desktop,United States,/cart,5,408,False,True,57.72
SES03383,2024-10-10,2024-10,Direct,Mobile,Canada,/home,1,37,True,False,0.0
SES03384,2025-01-14,2025-01,Referral,Desktop,United States,/checkout,1,44,True,False,0.0
SES03385,2024-10-28,2024-10,Paid Search,Desktop,United States,/home,1,40,True,False,0.0
SES03386,2025-03-26,2025-03,Organic Search,Desktop,United States,/sale,1,7,True,False,0.0
SES03387,2024-07-30,2024-07,Email,Desktop,United States,/contact,10,450,False,True,158.62
SES03388,2024-12-15,2024-12,Direct,Mobile,United States,/home,3,361,False,False,0.0
SES03389,2024-09-19,2024-09,Email,Mobile,United States,/home,6,749,False,False,0.0
SES03390,2025-01-31,2025-01,Paid Search,Desktop,United States,/home,11,141,False,False,0.0
SES03391,2024-10-14,2024-10,Paid Search,Mobile,United States,/sale,1,21,True,False,0.0
SES03392,2024-10-14,2024-10,Social Media,Tablet,Australia,/checkout,1,21,True,False,0.0
SES03393,2025-06-29,2025-06,Email,Tablet,Australia,/home,2,334,False,False,0.0
SES03394,2025-04-21,2025-04,Email,Desktop,United States,/about,7,219,False,False,0.0
SES03395,2025-03-15,2025-03,Paid Search,Mobile,United Kingdom,/products,2,790,False,False,0.0
SES03396,2024-10-12,2024-10,Paid Search,Desktop,United States,/products,1,17,True,False,0.0
SES03397,2024-09-12,2024-09,Email,Desktop,United States,/home,9,238,False,False,0.0
SES03398,2025-05-06,2025-05,Paid Search,Mobile,United Kingdom,/contact,4,895,False,False,0.0
SES03399,2025-04-18,2025-04,Organic Search,Mobile,United States,/checkout,10,671,False,False,0.0
SES03400,2025-04-21,2025-04,Email,Tablet,United States,/home,1,39,True,False,0.0
SES03401,2024-08-16,2024-08,Organic Search,Desktop,United States,/about,1,5,True,False,0.0
SES03402,2025-02-19,2025-02,Social Media,Desktop,United States,/home,1,25,True,False,0.0
SES03403,2025-06-30,2025-06,Social Media,Mobile,United Kingdom,/home,8,470,False,False,0.0
SES03404,2024-09-28,2024-09,Email,Mobile,United States,/cart,11,644,False,False,0.0
SES03405,2025-05-13,2025-05,Direct,Mobile,United States,/products,6,721,False,False,0.0
SES03406,2025-06-03,2025-06,Social Media,Mobile,United States,/about,1,22,True,False,0.0
SES03407,2025-04-18,2025-04,Social Media,Desktop,Canada,/products,1,16,True,False,0.0
SES03408,2025-06-23,2025-06,Direct,Mobile,United States,/about,10,104,False,False,0.0
SES03409,2024-09-19,2024-09,Organic Search,Mobile,United Kingdom,/home,1,31,True,False,0.0
SES03410,2025-05-18,2025-05,Referral,Desktop,United States,/sale,11,544,False,False,0.0
SES03411,2024-08-04,2024-08,Referral,Desktop,United States,/sale,8,143,False,False,0.0
SES03412,2024-10-20,2024-10,Paid Search,Desktop,United States,/sale,10,224,False,False,0.0
SES03413,2025-04-10,2025-04,Paid Search,Desktop,United States,/home,1,14,True,False,0.0
SES03414,2025-01-05,2025-01,Paid Search,Mobile,United States,/products,1,18,True,False,0.0
SES03415,2024-08-23,2024-08,Organic Search,Tablet,United Kingdom,/home,8,470,False,False,0.0
SES03416,2025-01-26,2025-01,Organic Search,Desktop,United States,/checkout,2,340,False,False,0.0
SES03417,2025-03-17,2025-03,Organic Search,Tablet,United States,/cart,1,39,True,False,0.0
SES03418,2024-07-14,2024-07,Email,Desktop,United Kingdom,/home,1,29,True,False,0.0
SES03419,2025-06-21,2025-06,Organic Search,Desktop,United States,/products,5,212,False,False,0.0
SES03420,2024-12-23,2024-12,Paid Search,Mobile,United States,/cart,6,601,False,False,0.0
SES03421,2025-01-20,2025-01,Email,Desktop,United States,/contact,1,37,True,False,0.0
SES03422,2024-11-06,2024-11,Social Media,Mobile,United States,/sale,1,24,True,False,0.0
SES03423,2024-09-08,2024-09,Referral,Mobile,United States,/home,1,17,True,False,0.0
SES03424,2025-02-23,2025-02,Organic Search,Desktop,Australia,/products,5,561,False,False,0.0
SES03425,2025-04-07,2025-04,Direct,Desktop,United Kingdom,/sale,9,71,False,False,0.0
SES03426,2025-02-10,2025-02,Paid Search,Desktop,United States,/contact,1,31,True,False,0.0
SES03427,2024-11-20,2024-11,Referral,Mobile,United States,/cart,7,266,False,False,0.0
SES03428,2024-07-10,2024-07,Referral,Desktop,United Kingdom,/products,5,255,False,False,0.0
SES03429,2024-09-02,2024-09,Organic Search,Mobile,Australia,/home,3,727,False,False,0.0
SES03430,2024-08-09,2024-08,Organic Search,Mobile,United States,/home,8,151,False,True,216.71
SES03431,2024-11-17,2024-11,Direct,Desktop,United States,/products,1,37,True,False,0.0
SES03432,2024-12-31,2024-12,Organic Search,Desktop,Canada,/products,1,12,True,False,0.0
SES03433,2024-07-18,2024-07,Direct,Mobile,United States,/checkout,3,737,False,False,0.0
SES03434,2025-02-12,2025-02,Organic Search,Desktop,Australia,/contact,2,547,False,False,0.0
SES03435,2025-03-25,2025-03,Organic Search,Mobile,Germany,/cart,7,240,False,False,0.0
SES03436,2024-08-22,2024-08,Organic Search,Mobile,United States,/home,1,20,True,False,0.0
SES03437,2024-12-05,2024-12,Social Media,Mobile,United Kingdom,/checkout,1,20,True,False,0.0
SES03438,2025-05-03,2025-05,Organic Search,Desktop,United States,/about,1,35,True,False,0.0
SES03439,2025-01-10,2025-01,Email,Desktop,United States,/products,11,362,False,False,0.0
SES03440,2025-01-08,2025-01,Organic Search,Mobile,United Kingdom,/home,4,877,False,False,0.0
SES03441,2024-07-09,2024-07,Organic Search,Mobile,Canada,/products,4,654,False,False,0.0
SES03442,2024-12-20,2024-12,Organic Search,Desktop,United States,/sale,5,664,False,False,0.0
SES03443,2024-08-02,2024-08,Paid Search,Mobile,United States,/blog,1,44,True,False,0.0
SES03444,2024-08-19,2024-08,Email,Desktop,United States,/sale,3,774,False,False,0.0
SES03445,2024-09-24,2024-09,Social Media,Tablet,Australia,/home,3,421,False,False,0.0
SES03446,2025-03-20,2025-03,Direct,Mobile,United States,/home,1,16,True,False,0.0
SES03447,2024-12-15,2024-12,Email,Mobile,Germany,/products,1,36,True,False,0.0
SES03448,2025-05-17,2025-05,Organic Search,Desktop,Canada,/checkout,1,21,True,False,0.0
SES03449,2024-10-15,2024-10,Paid Search,Mobile,United States,/home,2,156,False,False,0.0
SES03450,2025-02-05,2025-02,Organic Search,Tablet,Germany,/products,1,44,True,False,0.0
SES03451,2024-10-18,2024-10,Social Media,Desktop,United States,/cart,1,15,True,False,0.0
SES03452,2024-12-13,2024-12,Organic Search,Desktop,United States,/checkout,1,17,True,False,0.0
SES03453,2025-01-22,2025-01,Paid Search,Desktop,United States,/blog,4,536,False,True,26.73
SES03454,2024-10-17,2024-10,Organic Search,Mobile,United States,/cart,2,815,False,False,0.0
SES03455,2024-11-20,2024-11,Paid Search,Mobile,Australia,/home,9,297,False,False,0.0
SES03456,2024-08-04,2024-08,Organic Search,Desktop,United States,/contact,8,795,False,False,0.0
SES03457,2025-05-03,2025-05,Email,Tablet,United States,/sale,3,856,False,False,0.0
SES03458,2025-06-30,2025-06,Organic Search,Desktop,United States,/home,10,701,False,False,0.0
SES03459,2025-04-18,2025-04,Referral,Desktop,Canada,/sale,1,14,True,False,0.0
SES03460,2024-08-18,2024-08,Paid Search,Desktop,United States,/checkout,9,678,False,False,0.0
SES03461,2025-06-22,2025-06,Organic Search,Desktop,Australia,/about,1,27,True,False,0.0
SES03462,2025-06-21,2025-06,Social Media,Desktop,Canada,/contact,1,43,True,False,0.0
SES03463,2024-09-28,2024-09,Email,Mobile,Australia,/products,11,239,False,False,0.0
SES03464,2024-12-10,2024-12,Email,Mobile,United States,/about,9,134,False,False,0.0
SES03465,2024-08-04,2024-08,Organic Search,Desktop,United States,/cart,1,25,True,False,0.0
SES03466,2025-05-08,2025-05,Organic Search,Desktop,Australia,/home,5,850,False,False,0.0
SES03467,2025-03-19,2025-03,Organic Search,Desktop,Canada,/products,5,667,False,False,0.0
SES03468,2025-04-27,2025-04,Email,Desktop,Australia,/sale,2,414,False,True,107.73
SES03469,2024-07-11,2024-07,Social Media,Desktop,United States,/products,1,14,True,False,0.0
SES03470,2024-09-02,2024-09,Social Media,Desktop,United States,/home,1,5,True,False,0.0
SES03471,2025-02-05,2025-02,Direct,Mobile,Canada,/about,4,475,False,False,0.0
SES03472,2024-07-31,2024-07,Direct,Desktop,United States,/about,1,23,True,False,0.0
SES03473,2025-03-13,2025-03,Organic Search,Desktop,United States,/products,1,6,True,False,0.0
SES03474,2024-09-16,2024-09,Referral,Mobile,United Kingdom,/sale,1,8,True,False,0.0
SES03475,2025-05-25,2025-05,Email,Mobile,United States,/contact,1,6,True,False,0.0
SES03476,2025-05-03,2025-05,Organic Search,Desktop,United States,/home,2,172,False,False,0.0
SES03477,2024-12-16,2024-12,Paid Search,Desktop,United States,/home,1,32,True,False,0.0
SES03478,2024-12-10,2024-12,Paid Search,Desktop,United States,/sale,7,140,False,False,0.0
SES03479,2025-03-24,2025-03,Social Media,Mobile,United States,/products,2,94,False,False,0.0
SES03480,2024-11-25,2024-11,Paid Search,Mobile,United States,/home,8,760,False,False,0.0
SES03481,2024-12-17,2024-12,Organic Search,Mobile,United States,/products,1,15,True,False,0.0
SES03482,2024-10-14,2024-10,Organic Search,Desktop,United States,/sale,4,582,False,False,0.0
SES03483,2025-06-06,2025-06,Direct,Mobile,Canada,/contact,9,170,False,False,0.0
SES03484,2025-06-22,2025-06,Direct,Mobile,United States,/home,4,692,False,False,0.0
SES03485,2025-01-12,2025-01,Email,Desktop,Germany,/products,10,389,False,False,0.0
SES03486,2025-05-19,2025-05,Paid Search,Desktop,United States,/products,1,33,True,False,0.0
SES03487,2025-03-09,2025-03,Social Media,Desktop,Australia,/products,1,21,True,False,0.0
SES03488,2024-10-07,2024-10,Organic Search,Mobile,United States,/home,1,31,True,False,0.0
SES03489,2024-09-11,2024-09,Direct,Tablet,Canada,/cart,8,513,False,False,0.0
SES03490,2024-09-27,2024-09,Direct,Mobile,Canada,/home,3,631,False,False,0.0
SES03491,2024-10-13,2024-10,Organic Search,Desktop,United Kingdom,/products,1,28,True,False,0.0
SES03492,2024-08-10,2024-08,Paid Search,Mobile,United States,/home,1,44,True,False,0.0
SES03493,2025-02-25,2025-02,Organic Search,Desktop,Australia,/checkout,1,25,True,False,0.0
SES03494,2024-10-10,2024-10,Social Media,Mobile,Canada,/home,1,44,True,False,0.0
SES03495,2024-09-29,2024-09,Organic Search,Desktop,United States,/sale,6,390,False,False,0.0
SES03496,2025-04-22,2025-04,Organic Search,Desktop,United States,/contact,6,843,False,False,0.0
SES03497,2024-11-17,2024-11,Organic Search,Mobile,United States,/cart,7,714,False,False,0.0
SES03498,2025-01-01,2025-01,Paid Search,Mobile,Australia,/home,1,8,True,False,0.0
SES03499,2024-09-24,2024-09,Direct,Desktop,United States,/sale,3,666,False,False,0.0
SES03500,2025-05-09,2025-05,Direct,Tablet,United Kingdom,/products,4,412,False,False,0.0
SES03501,2025-03-04,2025-03,Organic Search,Desktop,United States,/blog,1,17,True,False,0.0
SES03502,2025-01-12,2025-01,Referral,Tablet,United States,/products,1,28,True,False,0.0
SES03503,2024-08-12,2024-08,Organic Search,Desktop,United States,/sale,5,522,False,False,0.0
SES03504,2025-05-01,2025-05,Email,Mobile,United States,/products,2,334,False,False,0.0
SES03505,2024-09-28,2024-09,Organic Search,Desktop,United Kingdom,/home,1,22,True,False,0.0
SES03506,2025-02-23,2025-02,Paid Search,Mobile,United States,/cart,1,35,True,False,0.0
SES03507,2024-11-23,2024-11,Social Media,Mobile,Germany,/about,1,22,True,False,0.0
SES03508,2025-05-07,2025-05,Referral,Desktop,United States,/home,1,24,True,False,0.0
SES03509,2024-12-18,2024-12,Social Media,Mobile,United Kingdom,/about,1,5,True,False,0.0
SES03510,2025-02-26,2025-02,Paid Search,Desktop,United States,/home,1,44,True,False,0.0
SES03511,2024-10-06,2024-10,Organic Search,Mobile,United States,/products,1,8,True,False,0.0
SES03512,2025-03-14,2025-03,Social Media,Desktop,United States,/products,9,75,False,False,0.0
SES03513,2025-01-24,2025-01,Organic Search,Desktop,United States,/products,6,82,False,False,0.0
SES03514,2025-01-08,2025-01,Organic Search,Desktop,Australia,/home,1,7,True,False,0.0
SES03515,2024-12-05,2024-12,Organic Search,Mobile,Canada,/about,8,768,False,False,0.0
SES03516,2025-01-26,2025-01,Direct,Mobile,Germany,/contact,5,350,False,False,0.0
SES03517,2024-09-02,2024-09,Organic Search,Mobile,Australia,/home,1,26,True,False,0.0
SES03518,2025-04-16,2025-04,Paid Search,Mobile,United Kingdom,/about,1,42,True,False,0.0
SES03519,2025-02-09,2025-02,Social Media,Tablet,United States,/products,6,700,False,False,0.0
SES03520,2024-12-26,2024-12,Organic Search,Mobile,United States,/home,11,412,False,False,0.0
SES03521,2025-06-18,2025-06,Organic Search,Mobile,United States,/about,1,17,True,False,0.0
SES03522,2024-07-30,2024-07,Organic Search,Tablet,United States,/home,4,565,False,False,0.0
SES03523,2024-11-04,2024-11,Direct,Desktop,United States,/checkout,1,33,True,False,0.0
SES03524,2024-07-18,2024-07,Direct,Mobile,United Kingdom,/home,3,781,False,False,0.0
SES03525,2025-06-27,2025-06,Direct,Mobile,United States,/sale,7,386,False,False,0.0
SES03526,2025-05-27,2025-05,Organic Search,Mobile,United States,/sale,1,25,True,False,0.0
SES03527,2025-05-06,2025-05,Paid Search,Desktop,Canada,/products,10,690,False,False,0.0
SES03528,2024-11-08,2024-11,Organic Search,Desktop,United Kingdom,/blog,1,32,True,False,0.0
SES03529,2025-04-23,2025-04,Organic Search,Desktop,Canada,/home,2,455,False,False,0.0
SES03530,2024-07-07,2024-07,Organic Search,Desktop,United States,/products,1,11,True,False,0.0
SES03531,2024-08-17,2024-08,Social Media,Tablet,United Kingdom,/about,1,12,True,False,0.0
SES03532,2025-01-13,2025-01,Direct,Desktop,United States,/home,5,226,False,False,0.0
SES03533,2024-08-11,2024-08,Direct,Desktop,United Kingdom,/home,11,219,False,False,0.0
SES03534,2025-02-02,2025-02,Social Media,Desktop,United States,/products,1,29,True,False,0.0
SES03535,2025-02-04,2025-02,Organic Search,Desktop,United States,/sale,1,12,True,False,0.0
SES03536,2024-12-02,2024-12,Paid Search,Desktop,United States,/home,7,832,False,False,0.0
SES03537,2025-01-12,2025-01,Social Media,Desktop,United States,/products,1,39,True,False,0.0
SES03538,2025-01-27,2025-01,Organic Search,Desktop,Canada,/contact,2,321,False,False,0.0
SES03539,2024-08-15,2024-08,Organic Search,Desktop,United Kingdom,/sale,1,17,True,False,0.0
SES03540,2025-04-20,2025-04,Social Media,Mobile,United States,/home,6,784,False,False,0.0
SES03541,2024-09-12,2024-09,Organic Search,Desktop,United States,/cart,1,11,True,False,0.0
SES03542,2024-10-16,2024-10,Direct,Desktop,United States,/sale,3,721,False,False,0.0
SES03543,2024-12-05,2024-12,Paid Search,Desktop,United States,/home,1,6,True,False,0.0
SES03544,2024-09-25,2024-09,Paid Search,Mobile,United States,/home,8,109,False,True,218.29
SES03545,2024-08-05,2024-08,Paid Search,Desktop,Australia,/checkout,5,377,False,False,0.0
SES03546,2025-01-30,2025-01,Referral,Mobile,United States,/home,6,488,False,False,0.0
SES03547,2024-09-26,2024-09,Organic Search,Mobile,Australia,/home,1,38,True,False,0.0
SES03548,2024-10-04,2024-10,Organic Search,Mobile,United Kingdom,/products,2,353,False,False,0.0
SES03549,2024-10-02,2024-10,Paid Search,Desktop,Germany,/about,8,189,False,False,0.0
SES03550,2025-04-17,2025-04,Paid Search,Mobile,United States,/products,2,324,False,False,0.0
SES03551,2024-07-31,2024-07,Paid Search,Mobile,Canada,/about,7,414,False,False,0.0
SES03552,2024-10-07,2024-10,Paid Search,Desktop,United States,/products,1,30,True,False,0.0
SES03553,2025-01-26,2025-01,Organic Search,Mobile,United States,/products,10,264,False,False,0.0
SES03554,2024-08-25,2024-08,Paid Search,Mobile,United States,/cart,10,736,False,False,0.0
SES03555,2024-11-28,2024-11,Email,Desktop,United States,/checkout,1,28,True,False,0.0
SES03556,2024-09-02,2024-09,Direct,Mobile,United States,/products,1,7,True,False,0.0
SES03557,2024-12-23,2024-12,Referral,Mobile,United States,/sale,1,41,True,False,0.0
SES03558,2024-10-29,2024-10,Organic Search,Desktop,United States,/sale,11,112,False,False,0.0
SES03559,2024-08-21,2024-08,Organic Search,Desktop,United Kingdom,/home,1,22,True,False,0.0
SES03560,2024-11-14,2024-11,Email,Mobile,Canada,/home,7,526,False,True,83.33
SES03561,2025-04-25,2025-04,Organic Search,Mobile,United States,/products,4,538,False,False,0.0
SES03562,2024-10-17,2024-10,Referral,Mobile,United States,/home,4,456,False,True,214.27
SES03563,2025-05-05,2025-05,Organic Search,Mobile,United States,/contact,10,667,False,False,0.0
SES03564,2024-11-14,2024-11,Social Media,Desktop,United States,/home,7,820,False,False,0.0
SES03565,2024-12-20,2024-12,Direct,Desktop,United States,/sale,4,344,False,False,0.0
SES03566,2025-06-15,2025-06,Paid Search,Desktop,Canada,/products,3,434,False,False,0.0
SES03567,2024-10-31,2024-10,Paid Search,Desktop,United States,/products,10,344,False,False,0.0
SES03568,2025-01-10,2025-01,Paid Search,Mobile,United States,/about,10,157,False,False,0.0
SES03569,2024-12-17,2024-12,Organic Search,Mobile,United States,/products,6,104,False,True,68.25
SES03570,2025-06-23,2025-06,Paid Search,Desktop,United States,/sale,1,44,True,False,0.0
SES03571,2024-09-10,2024-09,Email,Desktop,United States,/sale,1,15,True,False,0.0
SES03572,2024-09-01,2024-09,Organic Search,Mobile,United Kingdom,/products,9,398,False,False,0.0
SES03573,2025-06-24,2025-06,Paid Search,Mobile,United States,/home,10,349,False,False,0.0
SES03574,2025-02-17,2025-02,Organic Search,Desktop,United Kingdom,/products,5,322,False,False,0.0
SES03575,2025-03-01,2025-03,Direct,Mobile,United States,/sale,2,415,False,False,0.0
SES03576,2024-07-02,2024-07,Paid Search,Tablet,Australia,/about,4,201,False,False,0.0
SES03577,2024-12-12,2024-12,Paid Search,Desktop,United States,/about,1,16,True,False,0.0
SES03578,2025-01-01,2025-01,Email,Desktop,United States,/sale,7,640,False,False,0.0
SES03579,2024-12-14,2024-12,Referral,Desktop,United States,/home,8,894,False,False,0.0
SES03580,2025-03-06,2025-03,Social Media,Mobile,United Kingdom,/home,1,24,True,False,0.0
SES03581,2025-05-10,2025-05,Paid Search,Desktop,United States,/products,2,874,False,False,0.0
SES03582,2025-03-01,2025-03,Email,Tablet,United Kingdom,/products,7,168,False,False,0.0
SES03583,2024-08-21,2024-08,Paid Search,Desktop,United States,/home,7,662,False,False,0.0
SES03584,2024-10-08,2024-10,Referral,Desktop,Australia,/home,11,860,False,False,0.0
SES03585,2025-04-19,2025-04,Paid Search,Mobile,United States,/home,4,432,False,False,0.0
SES03586,2024-07-17,2024-07,Direct,Desktop,United States,/cart,1,12,True,False,0.0
SES03587,2024-08-14,2024-08,Organic Search,Desktop,Australia,/home,1,38,True,False,0.0
SES03588,2025-06-10,2025-06,Organic Search,Tablet,Canada,/home,6,458,False,False,0.0
SES03589,2025-02-25,2025-02,Organic Search,Desktop,Canada,/home,1,26,True,False,0.0
SES03590,2025-02-14,2025-02,Paid Search,Tablet,United States,/sale,9,712,False,False,0.0
SES03591,2025-04-03,2025-04,Direct,Mobile,Canada,/products,1,31,True,False,0.0
SES03592,2024-10-17,2024-10,Social Media,Desktop,United States,/cart,1,21,True,False,0.0
SES03593,2025-06-03,2025-06,Email,Mobile,United States,/home,6,468,False,False,0.0
SES03594,2024-07-15,2024-07,Direct,Desktop,United States,/products,1,41,True,False,0.0
SES03595,2024-12-15,2024-12,Social Media,Desktop,United States,/home,3,819,False,False,0.0
SES03596,2024-10-21,2024-10,Direct,Mobile,Canada,/home,4,807,False,False,0.0
SES03597,2025-06-09,2025-06,Organic Search,Mobile,United States,/products,1,12,True,False,0.0
SES03598,2024-09-08,2024-09,Organic Search,Desktop,Canada,/home,6,765,False,False,0.0
SES03599,2025-03-09,2025-03,Organic Search,Mobile,United States,/sale,1,11,True,False,0.0
SES03600,2025-06-20,2025-06,Paid Search,Mobile,United States,/about,1,41,True,False,0.0
SES03601,2024-10-23,2024-10,Paid Search,Mobile,United States,/products,8,677,False,False,0.0
SES03602,2025-05-04,2025-05,Paid Search,Desktop,Canada,/home,1,11,True,False,0.0
SES03603,2024-12-23,2024-12,Paid Search,Desktop,United Kingdom,/checkout,1,27,True,False,0.0
SES03604,2025-01-12,2025-01,Referral,Mobile,Australia,/products,11,430,False,False,0.0
SES03605,2025-02-09,2025-02,Direct,Mobile,United States,/checkout,11,355,False,False,0.0
SES03606,2024-08-29,2024-08,Organic Search,Desktop,United States,/about,1,40,True,False,0.0
SES03607,2024-08-27,2024-08,Paid Search,Desktop,United States,/home,1,5,True,False,0.0
SES03608,2025-04-30,2025-04,Social Media,Desktop,Canada,/about,4,842,False,False,0.0
SES03609,2024-08-29,2024-08,Paid Search,Mobile,United States,/products,4,738,False,False,0.0
SES03610,2024-12-08,2024-12,Organic Search,Tablet,United States,/products,2,875,False,False,0.0
SES03611,2024-07-01,2024-07,Organic Search,Mobile,United States,/about,1,38,True,False,0.0
SES03612,2025-04-29,2025-04,Organic Search,Mobile,United States,/about,4,456,False,False,0.0
SES03613,2025-02-02,2025-02,Social Media,Desktop,United Kingdom,/about,1,5,True,False,0.0
SES03614,2025-01-03,2025-01,Direct,Mobile,United States,/home,6,271,False,False,0.0
SES03615,2024-09-03,2024-09,Organic Search,Desktop,Canada,/contact,4,250,False,False,0.0
SES03616,2024-10-22,2024-10,Organic Search,Desktop,United Kingdom,/about,1,40,True,False,0.0
SES03617,2024-07-05,2024-07,Organic Search,Desktop,Canada,/products,7,407,False,False,0.0
SES03618,2024-09-13,2024-09,Direct,Desktop,United States,/products,10,420,False,False,0.0
SES03619,2024-10-21,2024-10,Organic Search,Mobile,United States,/home,6,755,False,False,0.0
SES03620,2025-05-04,2025-05,Referral,Tablet,United States,/home,1,18,True,False,0.0
SES03621,2025-06-06,2025-06,Organic Search,Tablet,Australia,/checkout,8,392,False,False,0.0
SES03622,2024-07-18,2024-07,Social Media,Desktop,United States,/home,1,9,True,False,0.0
SES03623,2024-12-06,2024-12,Organic Search,Desktop,United Kingdom,/cart,3,111,False,False,0.0
SES03624,2024-11-18,2024-11,Direct,Desktop,Germany,/home,7,434,False,False,0.0
SES03625,2025-03-02,2025-03,Social Media,Desktop,Canada,/contact,1,21,True,False,0.0
SES03626,2024-10-19,2024-10,Referral,Desktop,Australia,/home,1,9,True,False,0.0
SES03627,2025-06-26,2025-06,Direct,Desktop,United States,/home,3,497,False,False,0.0
SES03628,2024-12-18,2024-12,Organic Search,Mobile,United States,/home,1,33,True,False,0.0
SES03629,2024-10-16,2024-10,Direct,Mobile,United States,/home,2,685,False,False,0.0
SES03630,2024-10-24,2024-10,Organic Search,Mobile,United Kingdom,/sale,6,396,False,False,0.0
SES03631,2024-09-30,2024-09,Direct,Mobile,United States,/checkout,6,875,False,False,0.0
SES03632,2024-12-01,2024-12,Direct,Desktop,Canada,/home,9,560,False,False,0.0
SES03633,2024-09-20,2024-09,Social Media,Mobile,United States,/home,10,154,False,False,0.0
SES03634,2024-12-20,2024-12,Organic Search,Desktop,United Kingdom,/about,4,715,False,False,0.0
SES03635,2024-12-26,2024-12,Paid Search,Mobile,United States,/products,11,655,False,False,0.0
SES03636,2025-03-28,2025-03,Direct,Mobile,Australia,/cart,11,771,False,False,0.0
SES03637,2024-10-08,2024-10,Direct,Desktop,United States,/home,8,191,False,False,0.0
SES03638,2024-08-19,2024-08,Referral,Desktop,United States,/checkout,1,6,True,False,0.0
SES03639,2025-04-24,2025-04,Paid Search,Mobile,Australia,/cart,7,548,False,True,120.31
SES03640,2025-06-29,2025-06,Organic Search,Desktop,Australia,/home,1,5,True,False,0.0
SES03641,2025-06-01,2025-06,Organic Search,Desktop,Australia,/sale,1,33,True,False,0.0
SES03642,2024-09-09,2024-09,Paid Search,Desktop,United States,/home,1,8,True,False,0.0
SES03643,2025-03-05,2025-03,Organic Search,Mobile,Canada,/products,1,5,True,False,0.0
SES03644,2024-09-13,2024-09,Organic Search,Mobile,United States,/home,1,44,True,False,0.0
SES03645,2024-10-09,2024-10,Email,Tablet,Australia,/sale,10,780,False,True,220.66
SES03646,2025-04-21,2025-04,Social Media,Mobile,Germany,/sale,1,12,True,False,0.0
SES03647,2024-09-14,2024-09,Social Media,Mobile,United States,/sale,1,36,True,False,0.0
SES03648,2025-02-04,2025-02,Social Media,Desktop,Germany,/products,5,880,False,False,0.0
SES03649,2024-07-29,2024-07,Direct,Desktop,United States,/about,1,28,True,False,0.0
SES03650,2025-02-28,2025-02,Direct,Mobile,United States,/home,1,44,True,False,0.0
SES03651,2024-07-27,2024-07,Organic Search,Desktop,Canada,/home,1,40,True,False,0.0
SES03652,2025-03-21,2025-03,Organic Search,Desktop,United States,/sale,7,230,False,False,0.0
SES03653,2024-09-15,2024-09,Organic Search,Desktop,United States,/products,11,867,False,False,0.0
SES03654,2024-07-18,2024-07,Direct,Desktop,Canada,/contact,1,26,True,False,0.0
SES03655,2025-01-20,2025-01,Organic Search,Desktop,United States,/products,2,393,False,False,0.0
SES03656,2024-09-27,2024-09,Direct,Mobile,United States,/home,8,489,False,False,0.0
SES03657,2025-06-20,2025-06,Paid Search,Desktop,Australia,/products,10,341,False,False,0.0
SES03658,2024-08-15,2024-08,Paid Search,Mobile,United Kingdom,/products,8,309,False,False,0.0
SES03659,2025-05-29,2025-05,Direct,Desktop,Canada,/sale,4,149,False,False,0.0
SES03660,2025-02-13,2025-02,Direct,Desktop,United States,/home,1,27,True,False,0.0
SES03661,2024-08-31,2024-08,Email,Mobile,Canada,/sale,1,17,True,False,0.0
SES03662,2024-09-01,2024-09,Paid Search,Mobile,United States,/home,10,728,False,False,0.0
SES03663,2025-03-18,2025-03,Paid Search,Tablet,United States,/about,1,11,True,False,0.0
SES03664,2025-04-27,2025-04,Email,Mobile,United Kingdom,/cart,4,297,False,False,0.0
SES03665,2024-11-18,2024-11,Organic Search,Desktop,United States,/products,4,612,False,False,0.0
SES03666,2025-04-30,2025-04,Organic Search,Mobile,United States,/products,1,14,True,False,0.0
SES03667,2025-03-05,2025-03,Paid Search,Desktop,United States,/products,3,591,False,False,0.0
SES03668,2024-11-30,2024-11,Organic Search,Desktop,United States,/cart,6,118,False,False,0.0
SES03669,2024-08-02,2024-08,Email,Mobile,Canada,/products,6,360,False,False,0.0
SES03670,2025-04-02,2025-04,Organic Search,Tablet,United States,/blog,1,44,True,False,0.0
SES03671,2025-06-24,2025-06,Organic Search,Mobile,Canada,/products,1,26,True,False,0.0
SES03672,2025-04-11,2025-04,Direct,Mobile,United States,/home,8,829,False,False,0.0
SES03673,2025-03-29,2025-03,Paid Search,Mobile,Canada,/cart,3,658,False,False,0.0
SES03674,2025-04-26,2025-04,Paid Search,Desktop,United States,/home,6,797,False,False,0.0
SES03675,2025-05-30,2025-05,Social Media,Mobile,United Kingdom,/checkout,1,9,True,False,0.0
SES03676,2024-10-15,2024-10,Paid Search,Mobile,United States,/home,4,744,False,False,0.0
SES03677,2024-10-01,2024-10,Organic Search,Mobile,United States,/about,8,354,False,False,0.0
SES03678,2024-07-03,2024-07,Organic Search,Mobile,Canada,/products,8,832,False,False,0.0
SES03679,2024-09-01,2024-09,Referral,Desktop,United States,/products,1,22,True,False,0.0
SES03680,2025-04-21,2025-04,Organic Search,Mobile,Australia,/home,1,36,True,False,0.0
SES03681,2024-09-21,2024-09,Direct,Desktop,United States,/home,1,8,True,False,0.0
SES03682,2024-11-09,2024-11,Direct,Tablet,United States,/about,9,575,False,True,191.89
SES03683,2024-09-02,2024-09,Paid Search,Desktop,Australia,/about,4,814,False,False,0.0
SES03684,2025-04-05,2025-04,Organic Search,Mobile,United States,/blog,1,16,True,False,0.0
SES03685,2025-06-02,2025-06,Paid Search,Desktop,United States,/home,1,33,True,False,0.0
SES03686,2024-12-01,2024-12,Referral,Tablet,United States,/blog,1,43,True,False,0.0
SES03687,2025-03-23,2025-03,Social Media,Desktop,United States,/home,7,538,False,False,0.0
SES03688,2025-03-31,2025-03,Direct,Desktop,United States,/contact,2,349,False,False,0.0
SES03689,2025-06-21,2025-06,Organic Search,Mobile,United States,/about,1,12,True,False,0.0
SES03690,2024-12-28,2024-12,Organic Search,Desktop,United States,/sale,11,296,False,False,0.0
SES03691,2025-06-18,2025-06,Direct,Mobile,United States,/blog,1,18,True,False,0.0
SES03692,2024-07-23,2024-07,Social Media,Tablet,United States,/home,1,8,True,False,0.0
SES03693,2024-10-05,2024-10,Organic Search,Desktop,United States,/cart,1,29,True,False,0.0
SES03694,2024-10-19,2024-10,Organic Search,Mobile,United States,/sale,4,362,False,False,0.0
SES03695,2024-10-19,2024-10,Organic Search,Desktop,United Kingdom,/products,10,375,False,False,0.0
SES03696,2025-05-15,2025-05,Paid Search,Desktop,Germany,/products,1,42,True,False,0.0
SES03697,2025-04-08,2025-04,Referral,Mobile,United States,/products,1,44,True,False,0.0
SES03698,2025-01-12,2025-01,Social Media,Mobile,United States,/about,1,35,True,False,0.0
SES03699,2024-09-22,2024-09,Paid Search,Desktop,United States,/checkout,1,18,True,False,0.0
SES03700,2024-08-12,2024-08,Organic Search,Tablet,United Kingdom,/sale,2,127,False,False,0.0
SES03701,2025-06-21,2025-06,Paid Search,Tablet,United States,/home,1,12,True,False,0.0
SES03702,2024-10-13,2024-10,Paid Search,Mobile,United States,/sale,1,31,True,False,0.0
SES03703,2024-11-15,2024-11,Direct,Desktop,United States,/sale,2,871,False,False,0.0
SES03704,2024-10-07,2024-10,Direct,Desktop,United States,/blog,5,458,False,False,0.0
SES03705,2025-05-28,2025-05,Paid Search,Mobile,Canada,/products,11,506,False,False,0.0
SES03706,2025-01-31,2025-01,Organic Search,Tablet,United States,/home,3,355,False,False,0.0
SES03707,2025-02-08,2025-02,Direct,Desktop,United States,/home,1,43,True,False,0.0
SES03708,2025-05-06,2025-05,Organic Search,Desktop,United Kingdom,/sale,1,22,True,False,0.0
SES03709,2024-11-16,2024-11,Organic Search,Mobile,Canada,/home,1,26,True,False,0.0
SES03710,2024-08-26,2024-08,Organic Search,Desktop,United States,/home,9,166,False,False,0.0
SES03711,2024-12-16,2024-12,Email,Desktop,United States,/sale,9,593,False,False,0.0
SES03712,2024-12-18,2024-12,Social Media,Desktop,Canada,/products,4,832,False,False,0.0
SES03713,2024-10-24,2024-10,Direct,Mobile,United Kingdom,/sale,1,41,True,False,0.0
SES03714,2024-08-20,2024-08,Referral,Desktop,United States,/products,1,40,True,False,0.0
SES03715,2024-10-22,2024-10,Direct,Mobile,United States,/cart,1,10,True,False,0.0
SES03716,2024-08-23,2024-08,Paid Search,Mobile,Germany,/blog,8,103,False,False,0.0
SES03717,2025-03-27,2025-03,Referral,Desktop,Canada,/sale,7,789,False,False,0.0
SES03718,2025-03-08,2025-03,Paid Search,Desktop,Australia,/products,1,20,True,False,0.0
SES03719,2024-12-26,2024-12,Paid Search,Desktop,United States,/products,7,523,False,False,0.0
SES03720,2025-04-09,2025-04,Social Media,Desktop,United States,/home,1,38,True,False,0.0
SES03721,2024-08-20,2024-08,Direct,Mobile,Canada,/cart,5,184,False,False,0.0
SES03722,2025-01-16,2025-01,Direct,Desktop,United States,/home,1,20,True,False,0.0
SES03723,2025-06-13,2025-06,Email,Mobile,United States,/products,8,228,False,False,0.0
SES03724,2025-05-01,2025-05,Referral,Mobile,United States,/about,8,644,False,False,0.0
SES03725,2025-04-30,2025-04,Direct,Desktop,United States,/about,1,19,True,False,0.0
SES03726,2024-07-05,2024-07,Email,Desktop,United States,/home,5,570,False,False,0.0
SES03727,2025-06-02,2025-06,Referral,Desktop,United States,/cart,1,24,True,False,0.0
SES03728,2025-01-10,2025-01,Paid Search,Desktop,United States,/home,4,678,False,False,0.0
SES03729,2025-05-24,2025-05,Referral,Desktop,United States,/checkout,9,257,False,False,0.0
SES03730,2024-11-05,2024-11,Email,Mobile,United States,/products,5,577,False,False,0.0
SES03731,2025-02-20,2025-02,Organic Search,Desktop,United States,/products,1,19,True,False,0.0
SES03732,2024-12-29,2024-12,Email,Mobile,United States,/blog,3,714,False,False,0.0
SES03733,2024-11-19,2024-11,Social Media,Tablet,United States,/products,11,180,False,False,0.0
SES03734,2024-10-26,2024-10,Social Media,Mobile,Canada,/blog,1,11,True,False,0.0
SES03735,2024-08-14,2024-08,Direct,Desktop,United Kingdom,/contact,10,393,False,False,0.0
SES03736,2024-12-08,2024-12,Organic Search,Desktop,Canada,/blog,11,406,False,False,0.0
SES03737,2024-08-09,2024-08,Referral,Desktop,Germany,/blog,11,603,False,False,0.0
SES03738,2024-09-23,2024-09,Paid Search,Tablet,United States,/home,3,322,False,False,0.0
SES03739,2024-11-24,2024-11,Email,Desktop,United States,/home,2,259,False,False,0.0
SES03740,2024-07-06,2024-07,Organic Search,Mobile,Canada,/home,2,418,False,False,0.0
SES03741,2025-03-18,2025-03,Social Media,Desktop,United States,/products,4,424,False,False,0.0
SES03742,2025-03-12,2025-03,Organic Search,Mobile,Germany,/products,9,541,False,False,0.0
SES03743,2025-03-30,2025-03,Paid Search,Desktop,United States,/sale,5,298,False,False,0.0
SES03744,2025-05-12,2025-05,Organic Search,Desktop,United Kingdom,/checkout,1,18,True,False,0.0
SES03745,2024-07-04,2024-07,Email,Tablet,United States,/home,8,514,False,False,0.0
SES03746,2024-12-24,2024-12,Social Media,Mobile,United States,/products,1,37,True,False,0.0
SES03747,2025-06-04,2025-06,Organic Search,Mobile,United Kingdom,/home,4,887,False,False,0.0
SES03748,2025-03-28,2025-03,Organic Search,Desktop,United States,/products,3,301,False,False,0.0
SES03749,2025-02-15,2025-02,Organic Search,Mobile,United States,/checkout,7,137,False,False,0.0
SES03750,2025-03-26,2025-03,Social Media,Desktop,Canada,/home,7,484,False,False,0.0
SES03751,2025-01-04,2025-01,Direct,Desktop,United States,/cart,8,644,False,False,0.0
SES03752,2024-07-27,2024-07,Email,Mobile,United Kingdom,/sale,10,253,False,False,0.0
SES03753,2025-01-08,2025-01,Paid Search,Mobile,United States,/sale,6,671,False,False,0.0
SES03754,2025-06-13,2025-06,Paid Search,Desktop,United States,/cart,1,14,True,False,0.0
SES03755,2025-04-03,2025-04,Email,Desktop,United States,/home,5,381,False,False,0.0
SES03756,2024-11-26,2024-11,Email,Tablet,Australia,/contact,1,21,True,False,0.0
SES03757,2024-11-28,2024-11,Email,Mobile,Australia,/home,1,18,True,False,0.0
SES03758,2024-07-02,2024-07,Email,Mobile,United Kingdom,/home,5,549,False,False,0.0
SES03759,2024-10-20,2024-10,Paid Search,Tablet,Australia,/sale,11,628,False,False,0.0
SES03760,2025-05-26,2025-05,Paid Search,Desktop,Canada,/cart,10,131,False,False,0.0
SES03761,2025-02-23,2025-02,Organic Search,Desktop,United States,/products,8,175,False,False,0.0
SES03762,2024-07-30,2024-07,Paid Search,Desktop,United States,/products,1,5,True,False,0.0
SES03763,2025-05-12,2025-05,Organic Search,Desktop,Canada,/sale,10,112,False,False,0.0
SES03764,2024-08-24,2024-08,Email,Desktop,Canada,/products,1,30,True,False,0.0
SES03765,2024-10-04,2024-10,Direct,Mobile,United Kingdom,/home,2,656,False,True,114.83
SES03766,2025-02-06,2025-02,Paid Search,Desktop,United States,/blog,5,730,False,False,0.0
SES03767,2025-03-21,2025-03,Organic Search,Desktop,United States,/home,11,694,False,False,0.0
SES03768,2025-03-07,2025-03,Organic Search,Mobile,Canada,/blog,1,39,True,False,0.0
SES03769,2025-06-02,2025-06,Organic Search,Desktop,United States,/home,1,12,True,False,0.0
SES03770,2025-02-26,2025-02,Organic Search,Tablet,Germany,/checkout,1,12,True,False,0.0
SES03771,2024-12-01,2024-12,Direct,Desktop,United States,/products,1,33,True,False,0.0
SES03772,2024-10-02,2024-10,Direct,Tablet,Canada,/products,7,181,False,False,0.0
SES03773,2025-02-10,2025-02,Email,Desktop,United States,/about,11,509,False,False,0.0
SES03774,2024-09-10,2024-09,Paid Search,Desktop,Germany,/sale,1,11,True,False,0.0
SES03775,2025-02-08,2025-02,Organic Search,Mobile,United States,/home,1,8,True,False,0.0
SES03776,2025-06-29,2025-06,Direct,Mobile,Canada,/products,1,19,True,False,0.0
SES03777,2024-10-06,2024-10,Social Media,Mobile,United States,/home,1,31,True,False,0.0
SES03778,2024-09-07,2024-09,Social Media,Desktop,United States,/cart,1,20,True,False,0.0
SES03779,2024-12-17,2024-12,Paid Search,Desktop,Canada,/home,4,453,False,False,0.0
SES03780,2024-10-10,2024-10,Email,Mobile,United States,/home,9,789,False,False,0.0
SES03781,2024-11-14,2024-11,Organic Search,Mobile,United States,/cart,1,30,True,False,0.0
SES03782,2025-03-08,2025-03,Direct,Desktop,Canada,/cart,9,328,False,False,0.0
SES03783,2024-09-04,2024-09,Paid Search,Mobile,Germany,/contact,1,6,True,False,0.0
SES03784,2025-01-21,2025-01,Paid Search,Desktop,United States,/home,10,622,False,False,0.0
SES03785,2025-01-16,2025-01,Email,Desktop,Canada,/home,1,33,True,False,0.0
SES03786,2024-08-25,2024-08,Paid Search,Tablet,United Kingdom,/products,5,591,False,False,0.0
SES03787,2024-12-24,2024-12,Organic Search,Mobile,United States,/products,11,403,False,False,0.0
SES03788,2024-10-30,2024-10,Organic Search,Desktop,United States,/cart,1,18,True,False,0.0
SES03789,2024-12-23,2024-12,Social Media,Mobile,Australia,/sale,1,18,True,False,0.0
SES03790,2025-05-02,2025-05,Social Media,Desktop,Australia,/sale,10,603,False,False,0.0
SES03791,2024-11-26,2024-11,Referral,Desktop,Canada,/sale,1,15,True,False,0.0
SES03792,2024-08-12,2024-08,Social Media,Tablet,Canada,/products,6,858,False,False,0.0
SES03793,2024-09-17,2024-09,Direct,Tablet,United States,/home,4,243,False,False,0.0
SES03794,2024-11-21,2024-11,Organic Search,Mobile,Australia,/home,9,716,False,False,0.0
SES03795,2025-06-24,2025-06,Paid Search,Tablet,United States,/home,1,24,True,False,0.0
SES03796,2025-02-05,2025-02,Social Media,Mobile,United States,/checkout,1,35,True,False,0.0
SES03797,2025-06-27,2025-06,Direct,Desktop,United States,/contact,6,346,False,False,0.0
SES03798,2025-03-15,2025-03,Direct,Mobile,Germany,/products,6,148,False,False,0.0
SES03799,2025-04-29,2025-04,Direct,Desktop,United States,/products,9,829,False,False,0.0
SES03800,2024-08-31,2024-08,Organic Search,Desktop,Australia,/products,1,34,True,False,0.0
SES03801,2024-07-20,2024-07,Referral,Desktop,United Kingdom,/sale,1,15,True,False,0.0
SES03802,2024-10-07,2024-10,Organic Search,Desktop,Canada,/home,7,338,False,False,0.0
SES03803,2025-05-12,2025-05,Paid Search,Mobile,United Kingdom,/products,1,16,True,False,0.0
SES03804,2024-07-27,2024-07,Paid Search,Desktop,United Kingdom,/products,1,42,True,False,0.0
SES03805,2025-03-26,2025-03,Direct,Desktop,United States,/home,1,18,True,False,0.0
SES03806,2025-05-21,2025-05,Organic Search,Desktop,Canada,/home,7,867,False,False,0.0
SES03807,2025-02-04,2025-02,Paid Search,Mobile,United States,/home,2,473,False,False,0.0
SES03808,2025-05-26,2025-05,Social Media,Desktop,United States,/contact,1,42,True,False,0.0
SES03809,2024-08-26,2024-08,Paid Search,Desktop,United States,/checkout,1,31,True,False,0.0
SES03810,2024-11-21,2024-11,Referral,Tablet,United States,/blog,10,583,False,False,0.0
SES03811,2024-11-04,2024-11,Organic Search,Mobile,United States,/home,1,23,True,False,0.0
SES03812,2024-07-25,2024-07,Organic Search,Mobile,United States,/products,1,18,True,False,0.0
SES03813,2024-07-01,2024-07,Direct,Mobile,United States,/sale,1,32,True,False,0.0
SES03814,2024-12-12,2024-12,Organic Search,Desktop,United States,/products,1,40,True,False,0.0
SES03815,2025-02-27,2025-02,Organic Search,Mobile,Australia,/home,1,36,True,False,0.0
SES03816,2025-05-07,2025-05,Organic Search,Desktop,United States,/home,1,24,True,False,0.0
SES03817,2024-10-03,2024-10,Referral,Desktop,United States,/products,1,43,True,False,0.0
SES03818,2025-03-09,2025-03,Paid Search,Desktop,United States,/products,1,39,True,False,0.0
SES03819,2024-12-03,2024-12,Paid Search,Desktop,United States,/home,1,17,True,False,0.0
SES03820,2025-06-08,2025-06,Paid Search,Mobile,United States,/cart,1,38,True,False,0.0
SES03821,2025-04-09,2025-04,Email,Mobile,Germany,/sale,5,450,False,False,0.0
SES03822,2025-01-01,2025-01,Organic Search,Desktop,United States,/blog,2,391,False,False,0.0
SES03823,2025-04-28,2025-04,Organic Search,Desktop,United States,/products,3,752,False,False,0.0
SES03824,2025-05-29,2025-05,Direct,Desktop,United States,/products,1,35,True,False,0.0
SES03825,2025-04-26,2025-04,Paid Search,Desktop,Canada,/products,1,28,True,False,0.0
SES03826,2024-08-24,2024-08,Organic Search,Desktop,United Kingdom,/home,1,35,True,False,0.0
SES03827,2025-05-05,2025-05,Paid Search,Desktop,United States,/products,1,39,True,False,0.0
SES03828,2025-04-27,2025-04,Organic Search,Mobile,United States,/home,2,593,False,False,0.0
SES03829,2024-10-06,2024-10,Direct,Desktop,United States,/cart,1,43,True,False,0.0
SES03830,2025-02-14,2025-02,Social Media,Desktop,United States,/products,3,142,False,False,0.0
SES03831,2025-04-06,2025-04,Direct,Mobile,United States,/sale,6,852,False,False,0.0
SES03832,2025-02-28,2025-02,Social Media,Desktop,United States,/sale,3,119,False,False,0.0
SES03833,2024-09-17,2024-09,Social Media,Mobile,United States,/blog,1,28,True,False,0.0
SES03834,2024-10-07,2024-10,Referral,Mobile,United States,/products,1,23,True,False,0.0
SES03835,2025-06-30,2025-06,Organic Search,Mobile,United States,/products,1,41,True,False,0.0
SES03836,2025-04-13,2025-04,Paid Search,Desktop,Australia,/products,7,367,False,False,0.0
SES03837,2025-02-15,2025-02,Direct,Tablet,United States,/products,8,545,False,False,0.0
SES03838,2025-02-09,2025-02,Email,Mobile,United Kingdom,/contact,1,18,True,False,0.0
SES03839,2025-01-31,2025-01,Organic Search,Desktop,United States,/home,9,498,False,False,0.0
SES03840,2024-07-12,2024-07,Referral,Mobile,United Kingdom,/cart,1,20,True,False,0.0
SES03841,2024-11-18,2024-11,Organic Search,Mobile,United States,/contact,7,168,False,False,0.0
SES03842,2024-07-24,2024-07,Paid Search,Desktop,United States,/products,4,697,False,False,0.0
SES03843,2025-06-21,2025-06,Social Media,Desktop,United Kingdom,/contact,1,15,True,False,0.0
SES03844,2025-01-20,2025-01,Email,Desktop,Germany,/about,11,195,False,False,0.0
SES03845,2025-03-20,2025-03,Paid Search,Mobile,Canada,/sale,8,106,False,False,0.0
SES03846,2025-03-18,2025-03,Social Media,Mobile,United States,/home,1,6,True,False,0.0
SES03847,2025-01-16,2025-01,Direct,Desktop,Australia,/about,4,589,False,False,0.0
SES03848,2024-10-03,2024-10,Paid Search,Tablet,United States,/checkout,1,22,True,False,0.0
SES03849,2025-04-19,2025-04,Social Media,Mobile,United Kingdom,/home,1,18,True,False,0.0
SES03850,2025-06-22,2025-06,Organic Search,Mobile,United Kingdom,/cart,1,43,True,False,0.0
SES03851,2025-03-20,2025-03,Organic Search,Mobile,Australia,/products,7,380,False,False,0.0
SES03852,2025-03-26,2025-03,Organic Search,Desktop,United States,/home,1,14,True,False,0.0
SES03853,2024-10-21,2024-10,Paid Search,Desktop,United States,/home,1,26,True,False,0.0
SES03854,2024-11-15,2024-11,Paid Search,Desktop,Canada,/products,2,776,False,False,0.0
SES03855,2024-07-24,2024-07,Organic Search,Desktop,Australia,/cart,5,891,False,False,0.0
SES03856,2025-05-24,2025-05,Paid Search,Mobile,Canada,/home,1,44,True,False,0.0
SES03857,2024-11-20,2024-11,Direct,Mobile,United States,/checkout,6,786,False,False,0.0
SES03858,2024-07-27,2024-07,Organic Search,Mobile,United Kingdom,/home,7,117,False,False,0.0
SES03859,2024-10-16,2024-10,Social Media,Desktop,United States,/home,1,24,True,False,0.0
SES03860,2024-07-01,2024-07,Referral,Desktop,United States,/home,10,424,False,False,0.0
SES03861,2025-01-05,2025-01,Organic Search,Desktop,United States,/products,1,23,True,False,0.0
SES03862,2025-06-27,2025-06,Direct,Desktop,United States,/checkout,2,711,False,False,0.0
SES03863,2024-09-07,2024-09,Paid Search,Mobile,Germany,/home,1,42,True,False,0.0
SES03864,2025-05-10,2025-05,Organic Search,Mobile,Australia,/home,1,23,True,False,0.0
SES03865,2024-07-30,2024-07,Direct,Desktop,United States,/contact,4,663,False,True,208.41
SES03866,2024-12-30,2024-12,Paid Search,Mobile,Canada,/cart,1,20,True,False,0.0
SES03867,2024-11-21,2024-11,Email,Desktop,United States,/home,1,30,True,False,0.0
SES03868,2024-07-09,2024-07,Social Media,Desktop,United States,/cart,1,40,True,False,0.0
SES03869,2025-04-25,2025-04,Email,Desktop,United States,/sale,1,17,True,False,0.0
SES03870,2025-06-18,2025-06,Social Media,Desktop,United States,/cart,1,26,True,False,0.0
SES03871,2025-05-31,2025-05,Organic Search,Tablet,United States,/home,1,24,True,False,0.0
SES03872,2025-05-17,2025-05,Direct,Desktop,United States,/sale,7,534,False,False,0.0
SES03873,2025-02-12,2025-02,Social Media,Mobile,United States,/about,1,37,True,False,0.0
SES03874,2024-11-15,2024-11,Paid Search,Desktop,United States,/products,1,27,True,False,0.0
SES03875,2025-05-19,2025-05,Social Media,Tablet,United States,/home,8,269,False,False,0.0
SES03876,2024-09-18,2024-09,Organic Search,Mobile,United States,/products,10,451,False,False,0.0
SES03877,2025-02-08,2025-02,Organic Search,Desktop,Canada,/products,1,42,True,False,0.0
SES03878,2025-03-03,2025-03,Direct,Desktop,United States,/checkout,1,36,True,False,0.0
SES03879,2024-10-01,2024-10,Organic Search,Mobile,United States,/home,2,488,False,False,0.0
SES03880,2024-09-29,2024-09,Referral,Desktop,United States,/checkout,1,26,True,False,0.0
SES03881,2025-03-09,2025-03,Organic Search,Mobile,United States,/sale,8,191,False,False,0.0
SES03882,2024-11-22,2024-11,Social Media,Tablet,United Kingdom,/sale,1,30,True,False,0.0
SES03883,2024-09-22,2024-09,Organic Search,Desktop,Australia,/sale,6,587,False,False,0.0
SES03884,2025-06-17,2025-06,Direct,Mobile,United Kingdom,/cart,9,811,False,False,0.0
SES03885,2024-08-06,2024-08,Organic Search,Mobile,United States,/sale,3,441,False,False,0.0
SES03886,2025-05-27,2025-05,Paid Search,Mobile,United Kingdom,/products,8,153,False,False,0.0
SES03887,2025-03-27,2025-03,Paid Search,Mobile,United States,/sale,1,37,True,False,0.0
SES03888,2024-07-07,2024-07,Referral,Mobile,United States,/products,3,585,False,False,0.0
SES03889,2024-07-11,2024-07,Organic Search,Desktop,United States,/sale,1,16,True,False,0.0
SES03890,2024-07-07,2024-07,Social Media,Mobile,United States,/sale,8,94,False,False,0.0
SES03891,2024-07-23,2024-07,Paid Search,Mobile,Australia,/home,1,22,True,False,0.0
SES03892,2024-08-12,2024-08,Social Media,Mobile,United States,/sale,1,24,True,False,0.0
SES03893,2025-05-18,2025-05,Organic Search,Mobile,United Kingdom,/sale,3,342,False,False,0.0
SES03894,2024-07-05,2024-07,Organic Search,Desktop,Canada,/blog,5,568,False,False,0.0
SES03895,2024-12-21,2024-12,Paid Search,Desktop,United Kingdom,/contact,11,399,False,False,0.0
SES03896,2024-09-10,2024-09,Paid Search,Tablet,United States,/cart,5,160,False,False,0.0
SES03897,2025-02-13,2025-02,Direct,Mobile,United States,/contact,10,88,False,False,0.0
SES03898,2025-03-03,2025-03,Social Media,Desktop,United States,/products,1,29,True,False,0.0
SES03899,2024-07-29,2024-07,Organic Search,Desktop,United States,/about,8,256,False,False,0.0
SES03900,2025-04-05,2025-04,Social Media,Desktop,United States,/sale,1,18,True,False,0.0
SES03901,2024-07-23,2024-07,Direct,Tablet,United States,/products,1,38,True,False,0.0
SES03902,2024-11-29,2024-11,Direct,Desktop,United States,/blog,1,15,True,False,0.0
SES03903,2025-01-29,2025-01,Organic Search,Desktop,United States,/sale,1,22,True,False,0.0
SES03904,2024-10-23,2024-10,Direct,Tablet,Australia,/home,1,37,True,False,0.0
SES03905,2025-02-04,2025-02,Paid Search,Mobile,United States,/products,1,35,True,False,0.0
SES03906,2024-12-28,2024-12,Direct,Mobile,United States,/blog,11,333,False,False,0.0
SES03907,2025-06-16,2025-06,Direct,Mobile,United States,/home,9,486,False,False,0.0
SES03908,2024-08-27,2024-08,Paid Search,Desktop,United States,/cart,3,91,False,False,0.0
SES03909,2024-10-23,2024-10,Organic Search,Desktop,United States,/about,1,41,True,False,0.0
SES03910,2024-11-22,2024-11,Organic Search,Mobile,United States,/sale,1,28,True,False,0.0
SES03911,2025-05-12,2025-05,Paid Search,Mobile,Canada,/home,1,31,True,False,0.0
SES03912,2025-01-01,2025-01,Email,Mobile,United States,/cart,8,187,False,False,0.0
SES03913,2024-07-23,2024-07,Paid Search,Mobile,United States,/cart,4,594,False,False,0.0
SES03914,2025-03-29,2025-03,Direct,Desktop,United States,/products,1,31,True,False,0.0
SES03915,2024-10-01,2024-10,Social Media,Desktop,United Kingdom,/blog,9,254,False,False,0.0
SES03916,2025-06-07,2025-06,Direct,Mobile,Canada,/products,2,81,False,False,0.0
SES03917,2024-11-24,2024-11,Social Media,Desktop,United States,/home,1,21,True,False,0.0
SES03918,2024-08-23,2024-08,Social Media,Mobile,United States,/home,1,15,True,False,0.0
SES03919,2025-03-13,2025-03,Email,Mobile,Australia,/products,9,885,False,False,0.0
SES03920,2025-06-30,2025-06,Organic Search,Mobile,United States,/home,8,643,False,False,0.0
SES03921,2024-09-15,2024-09,Paid Search,Desktop,United States,/cart,7,218,False,False,0.0
SES03922,2024-09-14,2024-09,Direct,Mobile,United States,/home,7,750,False,False,0.0
SES03923,2025-03-02,2025-03,Paid Search,Desktop,United States,/about,7,198,False,False,0.0
SES03924,2025-02-04,2025-02,Email,Desktop,United States,/sale,10,750,False,False,0.0
SES03925,2024-08-16,2024-08,Paid Search,Desktop,United States,/checkout,1,17,True,False,0.0
SES03926,2024-09-04,2024-09,Referral,Mobile,United States,/home,1,23,True,False,0.0
SES03927,2025-01-14,2025-01,Direct,Mobile,United States,/home,1,22,True,False,0.0
SES03928,2025-03-11,2025-03,Organic Search,Desktop,United Kingdom,/cart,10,720,False,False,0.0
SES03929,2025-01-28,2025-01,Paid Search,Mobile,United Kingdom,/checkout,9,509,False,False,0.0
SES03930,2024-09-09,2024-09,Email,Desktop,United States,/about,9,330,False,False,0.0
SES03931,2024-11-03,2024-11,Email,Desktop,United Kingdom,/home,10,387,False,False,0.0
SES03932,2025-04-02,2025-04,Email,Mobile,United States,/blog,8,204,False,False,0.0
SES03933,2024-10-26,2024-10,Social Media,Desktop,United States,/home,1,7,True,False,0.0
SES03934,2025-04-24,2025-04,Paid Search,Desktop,United Kingdom,/sale,2,321,False,False,0.0
SES03935,2025-06-21,2025-06,Direct,Desktop,United States,/cart,4,424,False,False,0.0
SES03936,2024-08-14,2024-08,Organic Search,Desktop,Canada,/sale,1,41,True,False,0.0
SES03937,2024-07-02,2024-07,Paid Search,Mobile,Canada,/sale,1,36,True,False,0.0
SES03938,2024-07-09,2024-07,Social Media,Desktop,Canada,/home,1,11,True,False,0.0
SES03939,2025-02-28,2025-02,Direct,Desktop,Australia,/contact,10,562,False,False,0.0
SES03940,2024-07-31,2024-07,Direct,Desktop,United States,/home,3,846,False,False,0.0
SES03941,2024-09-10,2024-09,Paid Search,Desktop,United States,/home,1,12,True,False,0.0
SES03942,2024-09-12,2024-09,Organic Search,Mobile,United States,/sale,7,767,False,False,0.0
SES03943,2025-02-01,2025-02,Referral,Desktop,United States,/blog,1,43,True,False,0.0
SES03944,2024-10-23,2024-10,Email,Desktop,United States,/home,1,10,True,False,0.0
SES03945,2024-09-09,2024-09,Direct,Desktop,United States,/products,1,27,True,False,0.0
SES03946,2025-06-22,2025-06,Direct,Mobile,United Kingdom,/products,7,221,False,False,0.0
SES03947,2024-07-14,2024-07,Email,Desktop,United States,/home,11,866,False,False,0.0
SES03948,2024-07-28,2024-07,Email,Mobile,Australia,/home,4,337,False,False,0.0
SES03949,2024-08-07,2024-08,Paid Search,Desktop,United States,/cart,5,78,False,False,0.0
SES03950,2024-09-19,2024-09,Direct,Mobile,United States,/contact,1,12,True,False,0.0
SES03951,2025-01-04,2025-01,Social Media,Desktop,United States,/home,1,20,True,False,0.0
SES03952,2024-11-03,2024-11,Direct,Desktop,Canada,/home,1,40,True,False,0.0
SES03953,2025-04-18,2025-04,Paid Search,Mobile,United States,/checkout,8,304,False,False,0.0
SES03954,2024-10-02,2024-10,Paid Search,Desktop,Germany,/home,9,705,False,False,0.0
SES03955,2025-03-28,2025-03,Paid Search,Mobile,United Kingdom,/products,10,800,False,False,0.0
SES03956,2025-01-27,2025-01,Paid Search,Desktop,United Kingdom,/sale,11,629,False,False,0.0
SES03957,2025-05-27,2025-05,Paid Search,Desktop,United States,/products,4,355,False,False,0.0
SES03958,2024-09-18,2024-09,Organic Search,Mobile,United Kingdom,/home,1,5,True,False,0.0
SES03959,2025-05-25,2025-05,Organic Search,Desktop,United States,/contact,1,28,True,False,0.0
SES03960,2024-09-27,2024-09,Social Media,Desktop,United States,/cart,1,13,True,False,0.0
SES03961,2024-07-06,2024-07,Direct,Desktop,United States,/products,7,637,False,False,0.0
SES03962,2025-02-18,2025-02,Paid Search,Mobile,Australia,/sale,6,108,False,False,0.0
SES03963,2025-04-19,2025-04,Email,Desktop,United States,/products,7,604,False,False,0.0
SES03964,2025-02-02,2025-02,Organic Search,Desktop,United States,/checkout,4,482,False,False,0.0
SES03965,2024-08-17,2024-08,Organic Search,Desktop,United Kingdom,/home,5,881,False,False,0.0
SES03966,2024-09-03,2024-09,Organic Search,Desktop,Canada,/checkout,6,427,False,False,0.0
SES03967,2024-07-29,2024-07,Referral,Desktop,United States,/sale,1,13,True,False,0.0
SES03968,2024-10-03,2024-10,Referral,Desktop,United States,/sale,5,583,False,False,0.0
SES03969,2025-05-06,2025-05,Organic Search,Desktop,Germany,/home,3,173,False,False,0.0
SES03970,2025-02-25,2025-02,Direct,Mobile,United States,/home,10,72,False,False,0.0
SES03971,2025-01-24,2025-01,Referral,Mobile,United States,/products,3,375,False,False,0.0
SES03972,2025-01-07,2025-01,Direct,Tablet,United States,/home,10,890,False,False,0.0
SES03973,2024-08-25,2024-08,Social Media,Desktop,Canada,/cart,1,12,True,False,0.0
SES03974,2025-01-02,2025-01,Email,Desktop,United States,/sale,3,607,False,False,0.0
SES03975,2024-07-15,2024-07,Organic Search,Desktop,Canada,/home,1,16,True,False,0.0
SES03976,2024-09-22,2024-09,Direct,Mobile,Australia,/home,4,689,False,False,0.0
SES03977,2025-05-02,2025-05,Paid Search,Desktop,United States,/checkout,1,19,True,False,0.0
SES03978,2024-12-06,2024-12,Email,Mobile,United States,/home,1,6,True,False,0.0
SES03979,2024-10-12,2024-10,Organic Search,Desktop,United States,/about,10,649,False,True,247.46
SES03980,2024-11-15,2024-11,Direct,Desktop,United States,/sale,1,23,True,False,0.0
SES03981,2025-04-18,2025-04,Direct,Mobile,Canada,/products,5,575,False,False,0.0
SES03982,2025-03-05,2025-03,Direct,Desktop,United States,/sale,1,35,True,False,0.0
SES03983,2024-12-09,2024-12,Organic Search,Desktop,United States,/products,1,18,True,False,0.0
SES03984,2024-12-06,2024-12,Organic Search,Desktop,United States,/products,1,31,True,False,0.0
SES03985,2024-12-30,2024-12,Organic Search,Desktop,United Kingdom,/products,8,386,False,False,0.0
SES03986,2025-03-14,2025-03,Email,Desktop,Canada,/home,1,33,True,False,0.0
SES03987,2025-01-17,2025-01,Direct,Tablet,United States,/home,9,428,False,False,0.0
SES03988,2025-06-25,2025-06,Organic Search,Tablet,Canada,/products,4,275,False,False,0.0
SES03989,2025-03-15,2025-03,Organic Search,Desktop,United Kingdom,/sale,1,41,True,False,0.0
SES03990,2024-09-15,2024-09,Paid Search,Tablet,United Kingdom,/cart,1,5,True,False,0.0
SES03991,2025-01-12,2025-01,Direct,Desktop,United States,/sale,3,727,False,False,0.0
SES03992,2024-07-20,2024-07,Email,Mobile,Canada,/products,1,17,True,False,0.0
SES03993,2024-09-16,2024-09,Organic Search,Desktop,Australia,/products,6,462,False,False,0.0
SES03994,2025-05-17,2025-05,Social Media,Mobile,United States,/products,1,16,True,False,0.0
SES03995,2024-10-27,2024-10,Organic Search,Mobile,Australia,/checkout,11,856,False,False,0.0
SES03996,2025-05-31,2025-05,Organic Search,Desktop,Canada,/home,1,43,True,False,0.0
SES03997,2024-09-21,2024-09,Organic Search,Desktop,Canada,/sale,10,623,False,False,0.0
SES03998,2025-05-08,2025-05,Social Media,Desktop,United States,/home,3,236,False,False,0.0
SES03999,2024-12-22,2024-12,Social Media,Tablet,United States,/home,1,42,True,False,0.0
SES04000,2024-09-06,2024-09,Organic Search,Tablet,United Kingdom,/cart,1,5,True,False,0.0
SES04001,2025-01-01,2025-01,Paid Search,Mobile,United States,/checkout,2,421,False,False,0.0
SES04002,2024-07-21,2024-07,Direct,Mobile,United States,/home,11,642,False,False,0.0
SES04003,2025-01-15,2025-01,Organic Search,Mobile,United States,/sale,1,35,True,False,0.0
SES04004,2025-05-09,2025-05,Organic Search,Mobile,United States,/products,2,365,False,False,0.0
SES04005,2025-04-17,2025-04,Paid Search,Desktop,Australia,/checkout,5,311,False,False,0.0
SES04006,2024-07-08,2024-07,Direct,Desktop,United States,/sale,1,29,True,False,0.0
SES04007,2024-12-06,2024-12,Direct,Mobile,United States,/products,9,121,False,False,0.0
SES04008,2024-08-14,2024-08,Organic Search,Desktop,Germany,/home,7,804,False,False,0.0
SES04009,2024-09-25,2024-09,Paid Search,Mobile,United States,/products,11,472,False,False,0.0
SES04010,2024-11-21,2024-11,Organic Search,Desktop,United States,/products,5,293,False,False,0.0
SES04011,2024-08-06,2024-08,Direct,Tablet,United States,/sale,1,9,True,False,0.0
SES04012,2025-02-21,2025-02,Organic Search,Mobile,Canada,/home,1,17,True,False,0.0
SES04013,2025-02-28,2025-02,Direct,Desktop,Australia,/home,5,321,False,False,0.0
SES04014,2025-02-12,2025-02,Paid Search,Desktop,United States,/home,6,817,False,False,0.0
SES04015,2024-09-02,2024-09,Direct,Mobile,Australia,/cart,10,282,False,False,0.0
SES04016,2025-01-03,2025-01,Direct,Desktop,United Kingdom,/checkout,2,494,False,False,0.0
SES04017,2025-05-14,2025-05,Paid Search,Tablet,United States,/products,7,634,False,False,0.0
SES04018,2025-01-04,2025-01,Email,Mobile,United States,/products,11,431,False,False,0.0
SES04019,2024-12-08,2024-12,Paid Search,Desktop,United States,/blog,1,35,True,False,0.0
SES04020,2025-06-15,2025-06,Social Media,Mobile,United States,/home,1,30,True,False,0.0
SES04021,2025-02-16,2025-02,Direct,Desktop,United Kingdom,/blog,1,32,True,False,0.0
SES04022,2025-06-15,2025-06,Paid Search,Mobile,Australia,/cart,1,19,True,False,0.0
SES04023,2025-05-26,2025-05,Paid Search,Desktop,United States,/checkout,1,39,True,False,0.0
SES04024,2024-11-03,2024-11,Organic Search,Mobile,United States,/checkout,10,171,False,False,0.0
SES04025,2024-09-18,2024-09,Organic Search,Mobile,United Kingdom,/contact,10,81,False,False,0.0
SES04026,2024-09-20,2024-09,Direct,Mobile,United States,/cart,3,456,False,False,0.0
SES04027,2024-10-23,2024-10,Organic Search,Desktop,United States,/products,1,37,True,False,0.0
SES04028,2025-02-22,2025-02,Social Media,Desktop,United States,/home,5,835,False,False,0.0
SES04029,2025-02-25,2025-02,Organic Search,Mobile,United States,/products,6,555,False,False,0.0
SES04030,2025-02-24,2025-02,Organic Search,Desktop,United States,/home,1,33,True,False,0.0
SES04031,2024-10-01,2024-10,Direct,Desktop,Germany,/home,10,750,False,False,0.0
SES04032,2025-01-20,2025-01,Organic Search,Desktop,United States,/products,3,108,False,False,0.0
SES04033,2024-12-16,2024-12,Paid Search,Desktop,United States,/about,1,13,True,False,0.0
SES04034,2024-12-23,2024-12,Direct,Desktop,Australia,/sale,3,424,False,False,0.0
SES04035,2025-06-25,2025-06,Email,Mobile,United States,/products,2,447,False,False,0.0
SES04036,2025-02-18,2025-02,Organic Search,Mobile,United States,/contact,1,35,True,False,0.0
SES04037,2024-09-18,2024-09,Paid Search,Tablet,United States,/contact,3,567,False,False,0.0
SES04038,2024-10-18,2024-10,Paid Search,Desktop,Germany,/home,1,33,True,False,0.0
SES04039,2024-07-17,2024-07,Paid Search,Mobile,United States,/checkout,2,778,False,False,0.0
SES04040,2024-08-01,2024-08,Organic Search,Desktop,United States,/home,4,608,False,False,0.0
SES04041,2025-02-06,2025-02,Email,Desktop,Australia,/home,10,371,False,False,0.0
SES04042,2024-10-17,2024-10,Direct,Mobile,United States,/cart,11,155,False,False,0.0
SES04043,2025-06-16,2025-06,Email,Desktop,Australia,/products,5,130,False,False,0.0
SES04044,2024-09-29,2024-09,Organic Search,Desktop,United Kingdom,/home,1,31,True,False,0.0
SES04045,2024-08-05,2024-08,Email,Mobile,Australia,/home,1,35,True,False,0.0
SES04046,2024-08-11,2024-08,Direct,Mobile,Australia,/checkout,1,34,True,False,0.0
SES04047,2025-06-30,2025-06,Paid Search,Mobile,United States,/products,6,872,False,False,0.0
SES04048,2024-10-18,2024-10,Organic Search,Desktop,United States,/sale,5,205,False,False,0.0
SES04049,2024-07-28,2024-07,Paid Search,Desktop,United States,/sale,1,11,True,False,0.0
SES04050,2025-02-05,2025-02,Email,Mobile,United States,/home,1,36,True,False,0.0
SES04051,2024-11-30,2024-11,Direct,Tablet,Australia,/sale,1,39,True,False,0.0
SES04052,2024-12-26,2024-12,Direct,Desktop,United States,/products,2,210,False,False,0.0
SES04053,2025-04-01,2025-04,Referral,Tablet,United States,/blog,7,830,False,False,0.0
SES04054,2025-06-22,2025-06,Paid Search,Desktop,United States,/products,1,9,True,False,0.0
SES04055,2025-06-20,2025-06,Paid Search,Mobile,United Kingdom,/home,11,860,False,False,0.0
SES04056,2025-04-14,2025-04,Direct,Desktop,Canada,/home,2,529,False,False,0.0
SES04057,2024-08-09,2024-08,Organic Search,Mobile,United States,/contact,2,481,False,False,0.0
SES04058,2024-09-13,2024-09,Referral,Tablet,United States,/about,1,16,True,False,0.0
SES04059,2024-12-10,2024-12,Organic Search,Mobile,United States,/blog,1,36,True,False,0.0
SES04060,2025-02-20,2025-02,Organic Search,Desktop,United States,/cart,11,256,False,False,0.0
SES04061,2024-12-10,2024-12,Paid Search,Desktop,United States,/products,1,13,True,False,0.0
SES04062,2025-06-11,2025-06,Email,Desktop,United Kingdom,/products,3,736,False,False,0.0
SES04063,2024-07-02,2024-07,Paid Search,Mobile,United States,/about,5,544,False,False,0.0
SES04064,2024-09-03,2024-09,Organic Search,Mobile,United States,/products,5,610,False,False,0.0
SES04065,2025-04-23,2025-04,Social Media,Desktop,United Kingdom,/home,1,41,True,False,0.0
SES04066,2024-10-20,2024-10,Organic Search,Tablet,United States,/products,6,439,False,False,0.0
SES04067,2025-06-22,2025-06,Direct,Desktop,United Kingdom,/home,2,631,False,False,0.0
SES04068,2025-01-10,2025-01,Organic Search,Mobile,Canada,/home,1,10,True,False,0.0
SES04069,2024-10-16,2024-10,Referral,Desktop,United States,/cart,10,123,False,False,0.0
SES04070,2025-04-22,2025-04,Organic Search,Desktop,United Kingdom,/home,6,458,False,False,0.0
SES04071,2025-01-03,2025-01,Direct,Tablet,United Kingdom,/about,1,19,True,False,0.0
SES04072,2024-12-05,2024-12,Organic Search,Desktop,United States,/about,9,356,False,False,0.0
SES04073,2025-06-24,2025-06,Direct,Tablet,Germany,/cart,11,819,False,False,0.0
SES04074,2025-01-28,2025-01,Paid Search,Mobile,Germany,/home,1,31,True,False,0.0
SES04075,2024-12-28,2024-12,Email,Desktop,United States,/sale,9,871,False,False,0.0
SES04076,2024-12-19,2024-12,Paid Search,Tablet,United States,/home,1,21,True,False,0.0
SES04077,2024-09-29,2024-09,Paid Search,Desktop,United States,/sale,7,367,False,False,0.0
SES04078,2025-04-10,2025-04,Referral,Desktop,Canada,/sale,11,267,False,False,0.0
SES04079,2025-01-12,2025-01,Email,Desktop,Canada,/about,1,12,True,False,0.0
SES04080,2025-06-03,2025-06,Organic Search,Tablet,United States,/sale,11,160,False,False,0.0
SES04081,2024-11-23,2024-11,Email,Mobile,United States,/checkout,9,332,False,False,0.0
SES04082,2024-08-20,2024-08,Email,Desktop,Canada,/sale,3,595,False,False,0.0
SES04083,2024-08-23,2024-08,Organic Search,Desktop,Australia,/home,1,31,True,False,0.0
SES04084,2024-07-09,2024-07,Direct,Desktop,Canada,/products,6,890,False,False,0.0
SES04085,2025-03-12,2025-03,Email,Desktop,United States,/contact,6,678,False,False,0.0
SES04086,2025-04-05,2025-04,Direct,Mobile,United States,/about,1,13,True,False,0.0
SES04087,2025-02-13,2025-02,Organic Search,Desktop,Germany,/sale,6,726,False,False,0.0
SES04088,2025-06-07,2025-06,Direct,Desktop,United States,/checkout,1,21,True,False,0.0
SES04089,2025-02-01,2025-02,Paid Search,Mobile,United Kingdom,/checkout,1,17,True,False,0.0
SES04090,2025-02-18,2025-02,Paid Search,Desktop,United States,/products,7,670,False,False,0.0
SES04091,2025-02-26,2025-02,Paid Search,Mobile,Canada,/home,3,703,False,False,0.0
SES04092,2025-02-23,2025-02,Organic Search,Desktop,United Kingdom,/home,1,19,True,False,0.0
SES04093,2025-05-27,2025-05,Organic Search,Desktop,United States,/products,9,359,False,False,0.0
SES04094,2024-07-04,2024-07,Organic Search,Desktop,United States,/sale,8,271,False,False,0.0
SES04095,2025-03-17,2025-03,Direct,Desktop,United States,/sale,1,21,True,False,0.0
SES04096,2025-06-03,2025-06,Referral,Desktop,United States,/home,1,25,True,False,0.0
SES04097,2025-01-29,2025-01,Organic Search,Mobile,United States,/products,3,196,False,True,219.87
SES04098,2025-01-29,2025-01,Direct,Tablet,United States,/home,1,33,True,False,0.0
SES04099,2024-07-14,2024-07,Referral,Mobile,United States,/about,1,8,True,False,0.0
SES04100,2025-01-08,2025-01,Organic Search,Desktop,United Kingdom,/home,4,154,False,False,0.0
SES04101,2025-05-04,2025-05,Organic Search,Desktop,United States,/products,1,31,True,False,0.0
SES04102,2024-09-26,2024-09,Social Media,Desktop,Germany,/about,6,254,False,False,0.0
SES04103,2024-11-01,2024-11,Organic Search,Mobile,Canada,/about,4,854,False,False,0.0
SES04104,2025-05-12,2025-05,Organic Search,Mobile,United Kingdom,/sale,4,622,False,False,0.0
SES04105,2025-04-22,2025-04,Direct,Mobile,United States,/home,8,469,False,False,0.0
SES04106,2025-01-16,2025-01,Direct,Mobile,United Kingdom,/sale,10,810,False,False,0.0
SES04107,2024-12-10,2024-12,Referral,Tablet,Australia,/products,1,44,True,False,0.0
SES04108,2025-02-09,2025-02,Organic Search,Mobile,United States,/sale,1,21,True,False,0.0
SES04109,2025-06-29,2025-06,Paid Search,Desktop,United States,/sale,11,363,False,False,0.0
SES04110,2025-05-20,2025-05,Organic Search,Mobile,United Kingdom,/about,3,845,False,False,0.0
SES04111,2025-05-18,2025-05,Direct,Desktop,United States,/products,6,169,False,False,0.0
SES04112,2024-09-20,2024-09,Paid Search,Desktop,United States,/products,8,81,False,False,0.0
SES04113,2024-08-17,2024-08,Organic Search,Desktop,United States,/checkout,1,26,True,False,0.0
SES04114,2024-07-06,2024-07,Direct,Mobile,United States,/home,10,862,False,False,0.0
SES04115,2024-07-15,2024-07,Organic Search,Mobile,United Kingdom,/home,3,376,False,False,0.0
SES04116,2024-08-10,2024-08,Email,Desktop,Canada,/home,4,136,False,True,51.7
SES04117,2024-09-05,2024-09,Direct,Mobile,United States,/home,6,528,False,False,0.0
SES04118,2024-12-31,2024-12,Organic Search,Desktop,Australia,/home,1,15,True,False,0.0
SES04119,2025-05-31,2025-05,Organic Search,Desktop,Canada,/sale,4,848,False,False,0.0
SES04120,2025-04-01,2025-04,Email,Mobile,United States,/home,2,537,False,False,0.0
SES04121,2025-01-10,2025-01,Referral,Desktop,United States,/home,4,777,False,False,0.0
SES04122,2024-11-18,2024-11,Organic Search,Mobile,Canada,/home,1,25,True,False,0.0
SES04123,2024-09-12,2024-09,Paid Search,Mobile,United Kingdom,/checkout,5,504,False,False,0.0
SES04124,2025-04-23,2025-04,Organic Search,Mobile,United States,/checkout,8,133,False,False,0.0
SES04125,2025-05-02,2025-05,Paid Search,Mobile,Canada,/checkout,1,22,True,False,0.0
SES04126,2024-09-11,2024-09,Social Media,Desktop,United States,/products,1,41,True,False,0.0
SES04127,2024-10-01,2024-10,Paid Search,Mobile,United Kingdom,/products,1,36,True,False,0.0
SES04128,2025-03-11,2025-03,Paid Search,Tablet,United States,/home,11,728,False,False,0.0
SES04129,2024-10-15,2024-10,Email,Desktop,United States,/home,3,545,False,False,0.0
SES04130,2024-07-12,2024-07,Organic Search,Desktop,United Kingdom,/products,1,8,True,False,0.0
SES04131,2025-03-07,2025-03,Direct,Desktop,United States,/checkout,8,491,False,False,0.0
SES04132,2025-06-17,2025-06,Social Media,Mobile,United States,/sale,1,17,True,False,0.0
SES04133,2024-12-08,2024-12,Social Media,Mobile,United States,/home,1,9,True,False,0.0
SES04134,2025-02-16,2025-02,Paid Search,Desktop,Australia,/sale,6,669,False,False,0.0
SES04135,2024-07-06,2024-07,Organic Search,Desktop,United States,/products,7,719,False,False,0.0
SES04136,2025-05-20,2025-05,Social Media,Mobile,United States,/products,1,7,True,False,0.0
SES04137,2024-07-17,2024-07,Paid Search,Mobile,United States,/cart,1,26,True,False,0.0
SES04138,2024-12-23,2024-12,Organic Search,Mobile,United States,/contact,8,257,False,False,0.0
SES04139,2025-05-11,2025-05,Social Media,Desktop,United States,/sale,1,33,True,False,0.0
SES04140,2024-07-03,2024-07,Organic Search,Mobile,United States,/products,1,23,True,False,0.0
SES04141,2024-11-08,2024-11,Social Media,Desktop,United Kingdom,/checkout,10,863,False,False,0.0
SES04142,2024-07-16,2024-07,Organic Search,Mobile,United States,/products,8,281,False,False,0.0
SES04143,2024-09-17,2024-09,Referral,Desktop,Australia,/sale,1,25,True,False,0.0
SES04144,2025-01-03,2025-01,Direct,Tablet,Australia,/home,1,41,True,False,0.0
SES04145,2024-10-20,2024-10,Email,Desktop,Canada,/about,1,8,True,False,0.0
SES04146,2024-09-09,2024-09,Direct,Desktop,United States,/home,1,27,True,False,0.0
SES04147,2025-06-20,2025-06,Organic Search,Desktop,United States,/home,7,847,False,False,0.0
SES04148,2025-03-04,2025-03,Organic Search,Desktop,United States,/products,1,35,True,False,0.0
SES04149,2024-08-17,2024-08,Direct,Mobile,United Kingdom,/sale,1,35,True,False,0.0
SES04150,2025-04-09,2025-04,Organic Search,Mobile,United Kingdom,/products,11,715,False,False,0.0
SES04151,2025-03-11,2025-03,Organic Search,Mobile,Australia,/checkout,7,329,False,False,0.0
SES04152,2024-10-07,2024-10,Organic Search,Desktop,United States,/home,1,34,True,False,0.0
SES04153,2024-10-10,2024-10,Email,Mobile,United States,/checkout,5,112,False,False,0.0
SES04154,2024-11-21,2024-11,Paid Search,Desktop,United States,/home,2,226,False,False,0.0
SES04155,2025-04-27,2025-04,Organic Search,Mobile,United States,/cart,1,8,True,False,0.0
SES04156,2024-10-14,2024-10,Organic Search,Mobile,United States,/about,5,120,False,False,0.0
SES04157,2025-02-14,2025-02,Social Media,Tablet,Germany,/products,1,23,True,False,0.0
SES04158,2024-11-17,2024-11,Paid Search,Desktop,United States,/home,2,751,False,False,0.0
SES04159,2025-05-07,2025-05,Paid Search,Desktop,United States,/about,1,26,True,False,0.0
SES04160,2024-10-11,2024-10,Email,Mobile,United States,/about,3,305,False,False,0.0
SES04161,2025-05-20,2025-05,Social Media,Desktop,Canada,/home,9,494,False,False,0.0
SES04162,2024-07-18,2024-07,Email,Desktop,United States,/home,9,755,False,False,0.0
SES04163,2025-01-26,2025-01,Social Media,Mobile,United States,/products,1,37,True,False,0.0
SES04164,2025-05-27,2025-05,Email,Mobile,Canada,/products,11,570,False,False,0.0
SES04165,2025-01-20,2025-01,Organic Search,Desktop,Australia,/home,1,27,True,False,0.0
SES04166,2024-10-01,2024-10,Organic Search,Mobile,United States,/blog,6,323,False,False,0.0
SES04167,2024-10-04,2024-10,Organic Search,Mobile,United States,/home,1,10,True,False,0.0
SES04168,2024-08-07,2024-08,Organic Search,Mobile,United States,/home,1,25,True,False,0.0
SES04169,2025-01-07,2025-01,Email,Desktop,United Kingdom,/products,8,215,False,False,0.0
SES04170,2024-09-01,2024-09,Referral,Mobile,United States,/sale,1,13,True,False,0.0
SES04171,2025-06-18,2025-06,Organic Search,Tablet,United Kingdom,/about,1,26,True,False,0.0
SES04172,2024-12-16,2024-12,Paid Search,Mobile,United States,/products,1,26,True,False,0.0
SES04173,2025-04-17,2025-04,Organic Search,Desktop,United States,/home,8,824,False,False,0.0
SES04174,2025-04-14,2025-04,Email,Desktop,Canada,/home,1,36,True,False,0.0
SES04175,2024-11-23,2024-11,Direct,Desktop,United States,/products,2,186,False,False,0.0
SES04176,2024-08-22,2024-08,Organic Search,Desktop,Canada,/home,3,798,False,False,0.0
SES04177,2025-06-09,2025-06,Email,Desktop,United States,/about,1,33,True,False,0.0
SES04178,2025-05-27,2025-05,Direct,Desktop,Australia,/sale,10,157,False,False,0.0
SES04179,2024-12-10,2024-12,Direct,Desktop,United States,/sale,6,298,False,False,0.0
SES04180,2024-07-26,2024-07,Direct,Desktop,United States,/home,11,465,False,False,0.0
SES04181,2024-11-18,2024-11,Direct,Mobile,Australia,/cart,9,740,False,False,0.0
SES04182,2024-09-26,2024-09,Paid Search,Mobile,Canada,/sale,11,564,False,False,0.0
SES04183,2024-10-30,2024-10,Paid Search,Mobile,Australia,/about,10,466,False,False,0.0
SES04184,2025-05-26,2025-05,Paid Search,Mobile,United States,/about,2,520,False,False,0.0
SES04185,2024-07-03,2024-07,Organic Search,Desktop,Australia,/cart,4,162,False,False,0.0
SES04186,2025-01-23,2025-01,Organic Search,Desktop,United Kingdom,/sale,1,9,True,False,0.0
SES04187,2025-03-31,2025-03,Organic Search,Mobile,Canada,/home,11,789,False,True,207.32
SES04188,2025-05-27,2025-05,Direct,Desktop,United States,/sale,1,13,True,False,0.0
SES04189,2025-02-26,2025-02,Organic Search,Desktop,Australia,/home,1,10,True,False,0.0
SES04190,2025-01-29,2025-01,Direct,Tablet,United States,/contact,7,112,False,False,0.0
SES04191,2024-12-25,2024-12,Social Media,Desktop,Australia,/about,1,6,True,False,0.0
SES04192,2025-04-11,2025-04,Paid Search,Mobile,United States,/products,8,281,False,False,0.0
SES04193,2024-07-25,2024-07,Paid Search,Desktop,Germany,/about,1,8,True,False,0.0
SES04194,2025-06-22,2025-06,Social Media,Desktop,United States,/home,3,620,False,False,0.0
SES04195,2025-05-25,2025-05,Email,Mobile,United States,/products,4,759,False,False,0.0
SES04196,2025-01-08,2025-01,Direct,Mobile,United States,/products,2,95,False,False,0.0
SES04197,2024-10-23,2024-10,Organic Search,Desktop,United States,/checkout,1,44,True,False,0.0
SES04198,2024-07-06,2024-07,Social Media,Mobile,United States,/home,1,28,True,False,0.0
SES04199,2024-12-13,2024-12,Organic Search,Mobile,United States,/about,2,257,False,False,0.0
SES04200,2024-10-24,2024-10,Social Media,Desktop,United States,/home,1,8,True,False,0.0
SES04201,2024-10-06,2024-10,Paid Search,Mobile,United States,/home,9,442,False,False,0.0
SES04202,2025-04-02,2025-04,Organic Search,Mobile,United States,/cart,9,407,False,False,0.0
SES04203,2024-07-27,2024-07,Paid Search,Mobile,United Kingdom,/products,1,9,True,False,0.0
SES04204,2024-07-23,2024-07,Paid Search,Tablet,Australia,/home,1,41,True,False,0.0
SES04205,2024-12-03,2024-12,Paid Search,Mobile,United States,/products,1,17,True,False,0.0
SES04206,2024-12-16,2024-12,Direct,Mobile,Germany,/home,9,63,False,False,0.0
SES04207,2025-01-11,2025-01,Direct,Desktop,United Kingdom,/blog,1,8,True,False,0.0
SES04208,2024-09-26,2024-09,Direct,Desktop,United States,/about,8,103,False,False,0.0
SES04209,2024-08-31,2024-08,Paid Search,Mobile,United States,/home,1,26,True,False,0.0
SES04210,2024-09-14,2024-09,Direct,Desktop,Germany,/home,7,829,False,False,0.0
SES04211,2025-01-28,2025-01,Organic Search,Desktop,United States,/sale,4,532,False,False,0.0
SES04212,2025-03-25,2025-03,Direct,Desktop,United States,/contact,6,716,False,False,0.0
SES04213,2025-06-04,2025-06,Organic Search,Mobile,Australia,/checkout,2,608,False,False,0.0
SES04214,2025-03-05,2025-03,Direct,Desktop,United States,/sale,1,35,True,False,0.0
SES04215,2024-11-13,2024-11,Referral,Mobile,United States,/sale,6,561,False,False,0.0
SES04216,2024-12-28,2024-12,Organic Search,Mobile,Germany,/products,2,340,False,False,0.0
SES04217,2025-06-03,2025-06,Paid Search,Tablet,Germany,/contact,5,340,False,False,0.0
SES04218,2025-06-21,2025-06,Email,Mobile,Australia,/home,1,35,True,False,0.0
SES04219,2025-03-11,2025-03,Direct,Desktop,United States,/checkout,1,23,True,False,0.0
SES04220,2024-07-07,2024-07,Organic Search,Desktop,Canada,/sale,6,278,False,False,0.0
SES04221,2025-01-14,2025-01,Organic Search,Mobile,Canada,/products,1,29,True,False,0.0
SES04222,2024-08-23,2024-08,Organic Search,Desktop,United States,/home,1,16,True,False,0.0
SES04223,2025-04-29,2025-04,Direct,Desktop,United States,/sale,5,646,False,False,0.0
SES04224,2024-12-08,2024-12,Paid Search,Mobile,United States,/home,3,825,False,False,0.0
SES04225,2025-02-18,2025-02,Social Media,Desktop,United States,/home,4,458,False,False,0.0
SES04226,2024-08-24,2024-08,Referral,Desktop,United States,/sale,7,702,False,False,0.0
SES04227,2025-01-03,2025-01,Organic Search,Desktop,United States,/sale,1,24,True,False,0.0
SES04228,2025-02-17,2025-02,Paid Search,Mobile,United States,/home,7,552,False,False,0.0
SES04229,2025-01-21,2025-01,Social Media,Mobile,United States,/home,1,16,True,False,0.0
SES04230,2024-11-20,2024-11,Organic Search,Mobile,United States,/home,5,643,False,False,0.0
SES04231,2025-04-22,2025-04,Organic Search,Mobile,Australia,/home,5,349,False,False,0.0
SES04232,2024-08-24,2024-08,Organic Search,Desktop,United States,/sale,10,418,False,False,0.0
SES04233,2025-02-21,2025-02,Paid Search,Tablet,United States,/home,1,17,True,False,0.0
SES04234,2024-07-15,2024-07,Paid Search,Desktop,Canada,/about,6,318,False,False,0.0
SES04235,2024-12-28,2024-12,Paid Search,Desktop,Canada,/checkout,1,19,True,False,0.0
SES04236,2025-04-08,2025-04,Referral,Mobile,United Kingdom,/home,1,31,True,False,0.0
SES04237,2025-02-06,2025-02,Direct,Desktop,United States,/sale,1,7,True,False,0.0
SES04238,2025-01-20,2025-01,Email,Desktop,Germany,/home,8,847,False,False,0.0
SES04239,2024-07-28,2024-07,Social Media,Desktop,Australia,/contact,1,33,True,False,0.0
SES04240,2025-01-06,2025-01,Paid Search,Desktop,United Kingdom,/products,1,15,True,False,0.0
SES04241,2025-05-29,2025-05,Direct,Desktop,United States,/products,2,300,False,False,0.0
SES04242,2024-10-08,2024-10,Direct,Desktop,United Kingdom,/home,1,36,True,False,0.0
SES04243,2025-01-23,2025-01,Organic Search,Desktop,United States,/checkout,1,11,True,False,0.0
SES04244,2024-11-19,2024-11,Paid Search,Desktop,United Kingdom,/products,8,91,False,False,0.0
SES04245,2025-02-07,2025-02,Direct,Desktop,United States,/cart,1,7,True,False,0.0
SES04246,2024-07-26,2024-07,Referral,Desktop,United States,/products,7,522,False,False,0.0
SES04247,2024-10-21,2024-10,Organic Search,Desktop,United States,/sale,1,9,True,False,0.0
SES04248,2024-07-19,2024-07,Organic Search,Mobile,United Kingdom,/products,5,332,False,False,0.0
SES04249,2025-03-30,2025-03,Email,Mobile,United States,/sale,1,28,True,False,0.0
SES04250,2024-10-24,2024-10,Organic Search,Desktop,Canada,/sale,2,165,False,False,0.0
SES04251,2025-01-24,2025-01,Email,Mobile,Canada,/blog,11,877,False,False,0.0
SES04252,2025-06-20,2025-06,Paid Search,Desktop,United States,/checkout,1,26,True,False,0.0
SES04253,2024-10-14,2024-10,Paid Search,Mobile,Australia,/sale,1,37,True,False,0.0
SES04254,2024-10-13,2024-10,Direct,Desktop,United States,/home,1,14,True,False,0.0
SES04255,2024-11-25,2024-11,Email,Desktop,United States,/contact,4,546,False,False,0.0
SES04256,2024-07-02,2024-07,Email,Desktop,United States,/home,1,41,True,False,0.0
SES04257,2025-03-15,2025-03,Email,Tablet,United States,/products,2,222,False,False,0.0
SES04258,2024-12-04,2024-12,Direct,Desktop,United States,/products,4,657,False,False,0.0
SES04259,2024-09-26,2024-09,Organic Search,Mobile,United States,/products,1,23,True,False,0.0
SES04260,2024-08-05,2024-08,Social Media,Desktop,United States,/checkout,1,6,True,False,0.0
SES04261,2024-12-18,2024-12,Email,Desktop,United States,/contact,6,482,False,False,0.0
SES04262,2024-07-07,2024-07,Paid Search,Desktop,United States,/products,10,821,False,False,0.0
SES04263,2024-07-11,2024-07,Organic Search,Mobile,United States,/products,1,28,True,False,0.0
SES04264,2024-11-13,2024-11,Social Media,Desktop,United States,/checkout,8,478,False,False,0.0
SES04265,2024-07-05,2024-07,Organic Search,Mobile,United States,/checkout,10,615,False,False,0.0
SES04266,2025-04-25,2025-04,Organic Search,Mobile,Canada,/blog,1,34,True,False,0.0
SES04267,2024-11-04,2024-11,Referral,Tablet,United States,/cart,1,17,True,False,0.0
SES04268,2024-07-24,2024-07,Direct,Mobile,United States,/about,3,304,False,False,0.0
SES04269,2024-11-26,2024-11,Direct,Desktop,United States,/home,3,316,False,False,0.0
SES04270,2024-09-24,2024-09,Organic Search,Mobile,United States,/products,8,593,False,False,0.0
SES04271,2024-08-21,2024-08,Organic Search,Desktop,Australia,/products,1,10,True,False,0.0
SES04272,2024-12-19,2024-12,Paid Search,Desktop,United States,/sale,3,726,False,False,0.0
SES04273,2025-04-06,2025-04,Paid Search,Mobile,United States,/sale,1,23,True,False,0.0
SES04274,2025-03-07,2025-03,Organic Search,Mobile,United States,/home,1,16,True,False,0.0
SES04275,2025-02-20,2025-02,Paid Search,Desktop,United Kingdom,/sale,1,14,True,False,0.0
SES04276,2024-12-28,2024-12,Email,Mobile,United States,/products,1,29,True,False,0.0
SES04277,2024-12-18,2024-12,Organic Search,Desktop,United Kingdom,/home,6,162,False,False,0.0
SES04278,2025-05-02,2025-05,Referral,Desktop,Australia,/home,1,40,True,False,0.0
SES04279,2024-11-16,2024-11,Direct,Mobile,United States,/about,5,383,False,False,0.0
SES04280,2024-07-11,2024-07,Organic Search,Mobile,United States,/about,1,27,True,False,0.0
SES04281,2025-01-27,2025-01,Organic Search,Mobile,Australia,/sale,6,776,False,False,0.0
SES04282,2024-09-11,2024-09,Direct,Mobile,Germany,/home,1,36,True,False,0.0
SES04283,2024-07-16,2024-07,Email,Tablet,Australia,/products,1,21,True,False,0.0
SES04284,2025-06-22,2025-06,Social Media,Mobile,United States,/contact,6,196,False,False,0.0
SES04285,2024-08-15,2024-08,Direct,Desktop,United States,/products,1,7,True,False,0.0
SES04286,2025-01-10,2025-01,Paid Search,Mobile,United States,/products,4,126,False,False,0.0
SES04287,2025-05-17,2025-05,Organic Search,Mobile,United States,/home,11,539,False,False,0.0
SES04288,2025-02-16,2025-02,Direct,Mobile,United States,/home,8,78,False,False,0.0
SES04289,2024-09-28,2024-09,Direct,Mobile,United States,/sale,1,22,True,False,0.0
SES04290,2025-06-13,2025-06,Paid Search,Mobile,Canada,/contact,1,37,True,False,0.0
SES04291,2024-12-17,2024-12,Paid Search,Desktop,United States,/home,1,11,True,False,0.0
SES04292,2025-01-30,2025-01,Organic Search,Tablet,United States,/home,6,881,False,False,0.0
SES04293,2024-10-06,2024-10,Organic Search,Tablet,United States,/products,1,36,True,False,0.0
SES04294,2025-03-24,2025-03,Direct,Mobile,United Kingdom,/home,11,284,False,False,0.0
SES04295,2024-09-01,2024-09,Paid Search,Mobile,United States,/home,1,27,True,False,0.0
SES04296,2025-02-18,2025-02,Email,Desktop,Australia,/products,10,636,False,False,0.0
SES04297,2024-12-25,2024-12,Social Media,Mobile,United States,/products,1,20,True,False,0.0
SES04298,2024-07-05,2024-07,Organic Search,Mobile,United States,/home,9,72,False,False,0.0
SES04299,2025-02-24,2025-02,Paid Search,Desktop,United States,/home,8,331,False,False,0.0
SES04300,2024-11-26,2024-11,Paid Search,Desktop,United Kingdom,/sale,9,801,False,False,0.0
SES04301,2024-12-03,2024-12,Social Media,Desktop,United States,/products,1,26,True,False,0.0
SES04302,2024-08-03,2024-08,Paid Search,Mobile,United States,/about,5,302,False,True,121.76
SES04303,2024-07-21,2024-07,Paid Search,Tablet,United States,/home,1,30,True,False,0.0
SES04304,2025-04-30,2025-04,Direct,Desktop,United States,/products,1,29,True,False,0.0
SES04305,2025-03-08,2025-03,Paid Search,Mobile,United Kingdom,/products,1,28,True,False,0.0
SES04306,2025-02-06,2025-02,Paid Search,Mobile,United States,/about,1,9,True,False,0.0
SES04307,2024-07-01,2024-07,Organic Search,Mobile,Australia,/cart,1,24,True,False,0.0
SES04308,2024-09-09,2024-09,Organic Search,Mobile,United States,/about,1,13,True,False,0.0
SES04309,2024-11-23,2024-11,Social Media,Desktop,United States,/checkout,2,382,False,False,0.0
SES04310,2025-04-14,2025-04,Paid Search,Desktop,Germany,/sale,1,9,True,False,0.0
SES04311,2024-08-14,2024-08,Organic Search,Mobile,United States,/home,6,122,False,False,0.0
SES04312,2024-10-09,2024-10,Referral,Tablet,United States,/products,1,21,True,False,0.0
SES04313,2024-08-11,2024-08,Direct,Mobile,United Kingdom,/products,1,22,True,False,0.0
SES04314,2024-07-17,2024-07,Email,Mobile,United States,/contact,10,228,False,False,0.0
SES04315,2025-06-13,2025-06,Organic Search,Tablet,Canada,/products,10,478,False,False,0.0
SES04316,2024-08-20,2024-08,Paid Search,Desktop,United Kingdom,/sale,5,637,False,False,0.0
SES04317,2025-05-02,2025-05,Social Media,Mobile,United States,/home,1,23,True,False,0.0
SES04318,2025-04-15,2025-04,Paid Search,Desktop,United States,/home,1,16,True,False,0.0
SES04319,2024-12-13,2024-12,Direct,Mobile,United States,/contact,4,737,False,False,0.0
SES04320,2024-10-11,2024-10,Paid Search,Mobile,United States,/products,1,43,True,False,0.0
SES04321,2025-01-30,2025-01,Social Media,Desktop,United States,/sale,1,13,True,False,0.0
SES04322,2024-12-02,2024-12,Direct,Desktop,United States,/blog,1,24,True,False,0.0
SES04323,2024-11-30,2024-11,Direct,Desktop,Canada,/home,2,743,False,False,0.0
SES04324,2025-04-06,2025-04,Direct,Mobile,United States,/home,1,15,True,False,0.0
SES04325,2025-02-09,2025-02,Paid Search,Desktop,Australia,/checkout,1,19,True,False,0.0
SES04326,2025-03-27,2025-03,Paid Search,Tablet,United States,/home,1,28,True,False,0.0
SES04327,2024-12-08,2024-12,Email,Desktop,Australia,/cart,6,669,False,False,0.0
SES04328,2024-12-31,2024-12,Direct,Desktop,United States,/home,11,254,False,False,0.0
SES04329,2025-02-01,2025-02,Organic Search,Mobile,United States,/cart,2,436,False,False,0.0
SES04330,2025-04-13,2025-04,Organic Search,Mobile,United States,/products,1,25,True,False,0.0
SES04331,2025-02-01,2025-02,Referral,Desktop,United States,/about,1,21,True,False,0.0
SES04332,2024-09-10,2024-09,Social Media,Mobile,United States,/sale,1,27,True,False,0.0
SES04333,2024-12-02,2024-12,Paid Search,Desktop,Australia,/home,6,312,False,False,0.0
SES04334,2025-01-08,2025-01,Organic Search,Desktop,United States,/sale,1,40,True,False,0.0
SES04335,2025-04-05,2025-04,Organic Search,Mobile,Australia,/products,10,134,False,False,0.0
SES04336,2024-07-28,2024-07,Referral,Desktop,United States,/sale,8,92,False,False,0.0
SES04337,2025-01-23,2025-01,Email,Desktop,United States,/products,7,107,False,False,0.0
SES04338,2025-03-23,2025-03,Organic Search,Desktop,United States,/cart,11,197,False,False,0.0
SES04339,2024-07-29,2024-07,Referral,Mobile,United States,/home,1,12,True,False,0.0
SES04340,2025-05-29,2025-05,Email,Desktop,United States,/home,1,41,True,False,0.0
SES04341,2025-05-01,2025-05,Direct,Desktop,United States,/checkout,1,10,True,False,0.0
SES04342,2024-11-26,2024-11,Direct,Tablet,United States,/blog,10,890,False,False,0.0
SES04343,2024-08-01,2024-08,Direct,Desktop,United States,/contact,1,13,True,False,0.0
SES04344,2025-04-26,2025-04,Referral,Mobile,Canada,/sale,7,434,False,False,0.0
SES04345,2024-07-28,2024-07,Paid Search,Desktop,United States,/products,10,441,False,False,0.0
SES04346,2025-04-14,2025-04,Organic Search,Desktop,Australia,/about,9,365,False,False,0.0
SES04347,2024-10-23,2024-10,Organic Search,Mobile,United States,/products,10,252,False,False,0.0
SES04348,2024-09-18,2024-09,Social Media,Desktop,United States,/home,1,20,True,False,0.0
SES04349,2024-12-07,2024-12,Organic Search,Mobile,United States,/cart,7,606,False,False,0.0
SES04350,2025-03-06,2025-03,Paid Search,Desktop,Canada,/home,8,178,False,False,0.0
SES04351,2024-08-04,2024-08,Referral,Mobile,United Kingdom,/checkout,1,32,True,False,0.0
SES04352,2025-05-06,2025-05,Organic Search,Desktop,Australia,/sale,4,105,False,False,0.0
SES04353,2024-11-04,2024-11,Organic Search,Mobile,United States,/contact,1,30,True,False,0.0
SES04354,2025-02-28,2025-02,Direct,Mobile,United States,/home,1,26,True,False,0.0
SES04355,2025-03-16,2025-03,Social Media,Mobile,United States,/products,1,42,True,False,0.0
SES04356,2024-07-29,2024-07,Direct,Mobile,Germany,/sale,7,642,False,False,0.0
SES04357,2025-03-05,2025-03,Email,Mobile,United States,/cart,3,263,False,False,0.0
SES04358,2025-04-06,2025-04,Paid Search,Mobile,United Kingdom,/blog,1,40,True,False,0.0
SES04359,2025-05-10,2025-05,Organic Search,Mobile,United States,/home,6,558,False,False,0.0
SES04360,2025-05-12,2025-05,Email,Desktop,Germany,/about,1,30,True,False,0.0
SES04361,2024-09-13,2024-09,Paid Search,Desktop,Germany,/checkout,9,195,False,False,0.0
SES04362,2025-06-02,2025-06,Organic Search,Mobile,United States,/about,1,6,True,False,0.0
SES04363,2025-03-19,2025-03,Direct,Mobile,United Kingdom,/home,2,849,False,False,0.0
SES04364,2025-03-01,2025-03,Direct,Mobile,Canada,/home,11,89,False,False,0.0
SES04365,2024-08-21,2024-08,Paid Search,Tablet,United States,/sale,5,894,False,False,0.0
SES04366,2025-06-07,2025-06,Email,Desktop,Australia,/home,1,43,True,False,0.0
SES04367,2025-01-14,2025-01,Email,Desktop,United Kingdom,/sale,5,280,False,False,0.0
SES04368,2025-01-30,2025-01,Social Media,Desktop,United States,/blog,3,259,False,False,0.0
SES04369,2024-11-23,2024-11,Paid Search,Mobile,Germany,/cart,6,504,False,False,0.0
SES04370,2024-07-06,2024-07,Paid Search,Desktop,United States,/contact,5,233,False,True,27.67
SES04371,2025-05-30,2025-05,Organic Search,Tablet,United Kingdom,/products,5,264,False,False,0.0
SES04372,2024-07-22,2024-07,Organic Search,Tablet,United States,/sale,6,887,False,False,0.0
SES04373,2024-09-10,2024-09,Organic Search,Desktop,Canada,/products,3,271,False,False,0.0
SES04374,2024-11-19,2024-11,Organic Search,Desktop,United States,/products,1,39,True,False,0.0
SES04375,2024-09-20,2024-09,Paid Search,Desktop,Germany,/products,1,19,True,False,0.0
SES04376,2025-03-15,2025-03,Direct,Desktop,United States,/about,1,5,True,False,0.0
SES04377,2025-06-27,2025-06,Email,Mobile,Canada,/sale,11,192,False,False,0.0
SES04378,2024-09-28,2024-09,Organic Search,Tablet,United States,/products,2,72,False,False,0.0
SES04379,2025-04-15,2025-04,Referral,Mobile,United States,/products,1,23,True,False,0.0
SES04380,2024-09-10,2024-09,Social Media,Mobile,United States,/products,1,30,True,False,0.0
SES04381,2025-06-03,2025-06,Paid Search,Desktop,United States,/sale,1,28,True,False,0.0
SES04382,2025-01-18,2025-01,Email,Desktop,United States,/home,1,39,True,False,0.0
SES04383,2025-05-27,2025-05,Direct,Desktop,United States,/home,9,198,False,False,0.0
SES04384,2025-05-07,2025-05,Organic Search,Mobile,United States,/checkout,8,757,False,False,0.0
SES04385,2025-03-17,2025-03,Social Media,Desktop,United States,/home,2,510,False,False,0.0
SES04386,2024-09-05,2024-09,Direct,Desktop,United States,/about,2,320,False,False,0.0
SES04387,2025-04-24,2025-04,Referral,Desktop,Canada,/products,1,5,True,False,0.0
SES04388,2025-05-13,2025-05,Paid Search,Desktop,United Kingdom,/about,4,364,False,False,0.0
SES04389,2024-07-16,2024-07,Organic Search,Desktop,United States,/blog,4,439,False,False,0.0
SES04390,2024-08-19,2024-08,Organic Search,Mobile,United Kingdom,/about,3,883,False,False,0.0
SES04391,2025-06-13,2025-06,Email,Mobile,United States,/about,2,738,False,False,0.0
SES04392,2024-10-30,2024-10,Direct,Desktop,United States,/products,1,9,True,False,0.0
SES04393,2024-09-28,2024-09,Direct,Desktop,United States,/products,4,272,False,False,0.0
SES04394,2025-02-01,2025-02,Email,Mobile,United States,/products,9,422,False,True,207.49
SES04395,2024-11-06,2024-11,Direct,Mobile,Germany,/about,1,14,True,False,0.0
SES04396,2024-08-07,2024-08,Email,Mobile,Australia,/home,10,635,False,False,0.0
SES04397,2025-05-20,2025-05,Paid Search,Mobile,United States,/sale,3,135,False,False,0.0
SES04398,2024-12-12,2024-12,Organic Search,Desktop,United Kingdom,/products,1,15,True,False,0.0
SES04399,2025-02-16,2025-02,Email,Tablet,United States,/home,11,351,False,False,0.0
SES04400,2025-04-20,2025-04,Organic Search,Desktop,United States,/sale,5,295,False,False,0.0
SES04401,2025-03-09,2025-03,Organic Search,Mobile,United Kingdom,/products,3,436,False,False,0.0
SES04402,2024-10-12,2024-10,Organic Search,Desktop,United States,/home,7,402,False,False,0.0
SES04403,2025-03-28,2025-03,Organic Search,Mobile,United States,/products,8,232,False,False,0.0
SES04404,2025-04-25,2025-04,Social Media,Tablet,Germany,/about,1,21,True,False,0.0
SES04405,2025-06-08,2025-06,Direct,Desktop,United States,/cart,1,13,True,False,0.0
SES04406,2024-07-18,2024-07,Organic Search,Mobile,Germany,/contact,5,832,False,False,0.0
SES04407,2025-01-01,2025-01,Email,Desktop,United States,/sale,2,672,False,False,0.0
SES04408,2024-08-06,2024-08,Referral,Desktop,United States,/home,1,17,True,False,0.0
SES04409,2025-06-15,2025-06,Email,Mobile,Australia,/products,7,603,False,False,0.0
SES04410,2025-05-25,2025-05,Organic Search,Mobile,Germany,/checkout,6,86,False,False,0.0
SES04411,2024-10-15,2024-10,Paid Search,Mobile,Australia,/products,5,133,False,False,0.0
SES04412,2024-12-28,2024-12,Social Media,Mobile,United States,/home,1,8,True,False,0.0
SES04413,2025-04-13,2025-04,Paid Search,Desktop,Canada,/products,7,748,False,False,0.0
SES04414,2025-02-10,2025-02,Social Media,Desktop,United States,/sale,1,16,True,False,0.0
SES04415,2025-01-09,2025-01,Organic Search,Desktop,Canada,/sale,5,813,False,False,0.0
SES04416,2024-09-04,2024-09,Paid Search,Mobile,United States,/sale,2,163,False,False,0.0
SES04417,2024-08-30,2024-08,Organic Search,Desktop,United Kingdom,/products,8,214,False,False,0.0
SES04418,2025-04-03,2025-04,Organic Search,Desktop,United States,/sale,1,25,True,False,0.0
SES04419,2024-10-23,2024-10,Direct,Desktop,United States,/sale,11,704,False,False,0.0
SES04420,2024-11-06,2024-11,Social Media,Desktop,United States,/products,1,37,True,False,0.0
SES04421,2024-12-31,2024-12,Organic Search,Mobile,United States,/home,1,13,True,False,0.0
SES04422,2024-09-19,2024-09,Paid Search,Desktop,Canada,/home,10,178,False,False,0.0
SES04423,2025-04-21,2025-04,Paid Search,Desktop,United States,/home,1,20,True,False,0.0
SES04424,2025-03-23,2025-03,Organic Search,Desktop,United Kingdom,/products,9,177,False,False,0.0
SES04425,2025-01-21,2025-01,Organic Search,Desktop,United States,/about,3,209,False,False,0.0
SES04426,2024-08-26,2024-08,Organic Search,Mobile,United States,/about,6,120,False,False,0.0
SES04427,2024-11-12,2024-11,Organic Search,Desktop,United States,/products,7,112,False,True,98.43
SES04428,2025-02-01,2025-02,Organic Search,Desktop,United States,/about,1,28,True,False,0.0
SES04429,2024-12-19,2024-12,Paid Search,Mobile,United States,/checkout,9,103,False,True,167.67
SES04430,2024-10-13,2024-10,Organic Search,Desktop,United States,/home,5,370,False,False,0.0
SES04431,2025-06-05,2025-06,Referral,Mobile,Canada,/products,4,584,False,False,0.0
SES04432,2025-03-10,2025-03,Referral,Mobile,United States,/home,1,6,True,False,0.0
SES04433,2025-04-15,2025-04,Direct,Mobile,United States,/sale,8,840,False,False,0.0
SES04434,2024-07-19,2024-07,Social Media,Desktop,Canada,/home,1,6,True,False,0.0
SES04435,2024-08-06,2024-08,Direct,Desktop,Canada,/contact,8,215,False,False,0.0
SES04436,2025-05-10,2025-05,Social Media,Mobile,United States,/products,6,381,False,False,0.0
SES04437,2025-03-03,2025-03,Organic Search,Desktop,Canada,/cart,7,673,False,False,0.0
SES04438,2024-07-22,2024-07,Organic Search,Desktop,United States,/home,1,17,True,False,0.0
SES04439,2025-03-12,2025-03,Email,Desktop,United States,/products,6,308,False,False,0.0
SES04440,2025-02-06,2025-02,Direct,Desktop,Canada,/home,6,80,False,False,0.0
SES04441,2024-10-25,2024-10,Email,Mobile,Australia,/home,1,36,True,False,0.0
SES04442,2024-07-29,2024-07,Organic Search,Mobile,United States,/blog,1,28,True,False,0.0
SES04443,2024-10-09,2024-10,Organic Search,Mobile,United States,/cart,11,572,False,False,0.0
SES04444,2025-06-15,2025-06,Organic Search,Desktop,United States,/contact,9,836,False,True,80.67
SES04445,2025-03-04,2025-03,Email,Tablet,United States,/cart,1,20,True,False,0.0
SES04446,2025-01-10,2025-01,Organic Search,Desktop,United States,/contact,9,323,False,False,0.0
SES04447,2025-02-04,2025-02,Referral,Desktop,United Kingdom,/home,6,303,False,False,0.0
SES04448,2024-08-30,2024-08,Organic Search,Mobile,United States,/contact,6,823,False,False,0.0
SES04449,2025-01-05,2025-01,Paid Search,Mobile,United States,/home,1,27,True,False,0.0
SES04450,2024-12-23,2024-12,Direct,Mobile,Australia,/home,4,749,False,False,0.0
SES04451,2024-10-27,2024-10,Organic Search,Desktop,United States,/home,1,38,True,False,0.0
SES04452,2024-07-06,2024-07,Email,Desktop,Canada,/checkout,1,17,True,False,0.0
SES04453,2025-04-01,2025-04,Organic Search,Tablet,Canada,/home,4,490,False,False,0.0
SES04454,2024-07-08,2024-07,Organic Search,Desktop,United States,/about,7,701,False,False,0.0
SES04455,2024-07-30,2024-07,Social Media,Mobile,United States,/home,1,35,True,False,0.0
SES04456,2024-09-03,2024-09,Direct,Tablet,United Kingdom,/home,10,459,False,False,0.0
SES04457,2024-12-08,2024-12,Organic Search,Desktop,United States,/sale,1,8,True,False,0.0
SES04458,2025-06-01,2025-06,Paid Search,Mobile,Canada,/sale,10,319,False,False,0.0
SES04459,2024-09-05,2024-09,Direct,Mobile,United Kingdom,/about,10,292,False,False,0.0
SES04460,2024-09-01,2024-09,Organic Search,Desktop,United States,/products,8,291,False,False,0.0
SES04461,2025-04-05,2025-04,Referral,Desktop,Canada,/checkout,1,42,True,False,0.0
SES04462,2025-06-27,2025-06,Social Media,Desktop,United Kingdom,/checkout,7,281,False,False,0.0
SES04463,2024-10-21,2024-10,Organic Search,Mobile,Canada,/home,11,843,False,False,0.0
SES04464,2025-01-04,2025-01,Referral,Mobile,United States,/sale,4,502,False,False,0.0
SES04465,2025-05-31,2025-05,Paid Search,Mobile,United States,/products,1,19,True,False,0.0
SES04466,2024-11-14,2024-11,Paid Search,Desktop,Australia,/home,1,14,True,False,0.0
SES04467,2025-04-04,2025-04,Paid Search,Desktop,United States,/about,7,689,False,True,169.24
SES04468,2025-01-27,2025-01,Email,Mobile,United States,/sale,6,635,False,False,0.0
SES04469,2024-11-21,2024-11,Paid Search,Mobile,United States,/products,1,30,True,False,0.0
SES04470,2024-09-09,2024-09,Email,Desktop,United Kingdom,/sale,10,362,False,False,0.0
SES04471,2024-12-04,2024-12,Organic Search,Desktop,United States,/products,6,505,False,False,0.0
SES04472,2025-01-07,2025-01,Paid Search,Mobile,United States,/about,8,350,False,False,0.0
SES04473,2024-07-19,2024-07,Paid Search,Mobile,United Kingdom,/checkout,8,455,False,False,0.0
SES04474,2025-05-29,2025-05,Social Media,Desktop,United States,/sale,6,595,False,False,0.0
SES04475,2024-07-11,2024-07,Organic Search,Mobile,United States,/products,6,471,False,True,105.88
SES04476,2024-11-20,2024-11,Organic Search,Desktop,United States,/products,9,815,False,False,0.0
SES04477,2024-08-13,2024-08,Organic Search,Mobile,Australia,/checkout,1,19,True,False,0.0
SES04478,2025-05-09,2025-05,Direct,Mobile,Australia,/products,8,599,False,True,214.17
SES04479,2025-01-12,2025-01,Paid Search,Mobile,United States,/products,1,24,True,False,0.0
SES04480,2024-07-23,2024-07,Organic Search,Mobile,United States,/home,1,35,True,False,0.0
SES04481,2025-01-11,2025-01,Direct,Mobile,United States,/products,1,20,True,False,0.0
SES04482,2025-02-06,2025-02,Paid Search,Desktop,Australia,/home,6,495,False,False,0.0
SES04483,2024-07-17,2024-07,Organic Search,Tablet,United States,/checkout,4,753,False,False,0.0
SES04484,2024-07-14,2024-07,Email,Mobile,Australia,/home,10,778,False,False,0.0
SES04485,2024-12-20,2024-12,Organic Search,Desktop,United States,/products,11,834,False,False,0.0
SES04486,2025-04-29,2025-04,Paid Search,Mobile,United States,/products,1,33,True,False,0.0
SES04487,2024-07-15,2024-07,Organic Search,Desktop,United States,/sale,1,37,True,False,0.0
SES04488,2025-05-15,2025-05,Direct,Desktop,United States,/products,10,866,False,False,0.0
SES04489,2024-07-30,2024-07,Social Media,Tablet,United States,/contact,11,99,False,False,0.0
SES04490,2025-06-13,2025-06,Paid Search,Desktop,United States,/home,1,7,True,False,0.0
SES04491,2025-03-31,2025-03,Organic Search,Desktop,United States,/home,10,685,False,False,0.0
SES04492,2025-04-17,2025-04,Direct,Mobile,United States,/home,9,107,False,False,0.0
SES04493,2025-01-12,2025-01,Organic Search,Desktop,United States,/sale,6,625,False,False,0.0
SES04494,2024-10-30,2024-10,Organic Search,Mobile,United States,/products,1,24,True,False,0.0
SES04495,2024-07-08,2024-07,Organic Search,Desktop,Australia,/products,1,19,True,False,0.0
SES04496,2025-06-15,2025-06,Paid Search,Mobile,United States,/sale,7,348,False,False,0.0
SES04497,2024-11-05,2024-11,Social Media,Desktop,Australia,/contact,5,590,False,False,0.0
SES04498,2025-04-19,2025-04,Paid Search,Mobile,Canada,/products,1,41,True,False,0.0
SES04499,2025-05-12,2025-05,Referral,Mobile,Australia,/home,1,9,True,False,0.0
SES04500,2024-11-15,2024-11,Referral,Mobile,Australia,/home,10,354,False,False,0.0
SES04501,2025-05-08,2025-05,Direct,Desktop,United States,/cart,1,33,True,False,0.0
SES04502,2024-12-05,2024-12,Organic Search,Desktop,Canada,/blog,11,645,False,False,0.0
SES04503,2024-11-13,2024-11,Paid Search,Desktop,Canada,/home,9,380,False,False,0.0
SES04504,2024-07-09,2024-07,Social Media,Mobile,Germany,/sale,1,36,True,False,0.0
SES04505,2025-02-24,2025-02,Direct,Mobile,United States,/home,1,19,True,False,0.0
SES04506,2024-12-31,2024-12,Social Media,Mobile,United States,/home,1,21,True,False,0.0
SES04507,2025-04-11,2025-04,Referral,Tablet,United States,/home,1,34,True,False,0.0
SES04508,2024-07-30,2024-07,Paid Search,Tablet,United States,/cart,5,140,False,False,0.0
SES04509,2025-05-09,2025-05,Organic Search,Desktop,Canada,/products,11,649,False,False,0.0
SES04510,2025-02-11,2025-02,Paid Search,Desktop,United States,/sale,1,38,True,False,0.0
SES04511,2024-11-19,2024-11,Organic Search,Tablet,Canada,/products,1,23,True,False,0.0
SES04512,2025-03-11,2025-03,Email,Mobile,Canada,/products,1,39,True,False,0.0
SES04513,2025-05-19,2025-05,Direct,Desktop,United States,/home,1,8,True,False,0.0
SES04514,2025-05-13,2025-05,Organic Search,Mobile,United States,/home,10,223,False,False,0.0
SES04515,2025-06-01,2025-06,Paid Search,Mobile,United States,/products,1,24,True,False,0.0
SES04516,2025-06-16,2025-06,Organic Search,Mobile,Canada,/sale,10,479,False,False,0.0
SES04517,2024-12-10,2024-12,Direct,Mobile,United States,/contact,1,30,True,False,0.0
SES04518,2024-10-25,2024-10,Paid Search,Desktop,United States,/products,1,28,True,False,0.0
SES04519,2024-11-10,2024-11,Email,Mobile,United Kingdom,/home,7,242,False,True,243.33
SES04520,2024-12-28,2024-12,Direct,Desktop,United States,/home,7,251,False,True,27.56
SES04521,2024-10-29,2024-10,Organic Search,Mobile,Germany,/about,1,17,True,False,0.0
SES04522,2024-08-09,2024-08,Organic Search,Tablet,United Kingdom,/sale,2,96,False,False,0.0
SES04523,2024-08-09,2024-08,Organic Search,Desktop,United States,/home,1,5,True,False,0.0
SES04524,2024-12-14,2024-12,Organic Search,Desktop,United States,/products,6,300,False,False,0.0
SES04525,2025-06-14,2025-06,Referral,Desktop,United States,/checkout,1,28,True,False,0.0
SES04526,2025-05-25,2025-05,Paid Search,Tablet,Australia,/contact,1,14,True,False,0.0
SES04527,2024-11-22,2024-11,Social Media,Tablet,Canada,/products,1,16,True,False,0.0
SES04528,2024-12-15,2024-12,Social Media,Desktop,Canada,/checkout,1,14,True,False,0.0
SES04529,2025-01-01,2025-01,Direct,Desktop,United States,/about,1,30,True,False,0.0
SES04530,2025-01-25,2025-01,Organic Search,Desktop,United States,/products,2,233,False,False,0.0
SES04531,2024-11-28,2024-11,Organic Search,Mobile,United States,/contact,3,677,False,False,0.0
SES04532,2024-07-23,2024-07,Referral,Mobile,United States,/home,1,31,True,False,0.0
SES04533,2024-09-15,2024-09,Direct,Mobile,Germany,/products,11,298,False,True,41.2
SES04534,2025-05-08,2025-05,Paid Search,Mobile,United Kingdom,/cart,1,13,True,False,0.0
SES04535,2024-12-08,2024-12,Organic Search,Desktop,Canada,/about,3,633,False,False,0.0
SES04536,2025-03-18,2025-03,Referral,Mobile,United States,/products,9,300,False,False,0.0
SES04537,2024-10-19,2024-10,Paid Search,Mobile,United States,/contact,1,33,True,False,0.0
SES04538,2025-04-25,2025-04,Referral,Mobile,United Kingdom,/sale,1,27,True,False,0.0
SES04539,2024-09-15,2024-09,Paid Search,Mobile,United States,/home,1,44,True,False,0.0
SES04540,2025-05-29,2025-05,Organic Search,Desktop,United States,/products,1,34,True,False,0.0
SES04541,2024-08-09,2024-08,Social Media,Desktop,United Kingdom,/checkout,5,339,False,False,0.0
SES04542,2025-04-16,2025-04,Organic Search,Desktop,United States,/about,2,560,False,False,0.0
SES04543,2025-04-07,2025-04,Email,Desktop,United States,/sale,5,466,False,False,0.0
SES04544,2024-09-01,2024-09,Organic Search,Mobile,Germany,/home,2,206,False,False,0.0
SES04545,2024-07-27,2024-07,Social Media,Desktop,United States,/sale,1,21,True,False,0.0
SES04546,2025-06-03,2025-06,Organic Search,Desktop,United States,/products,2,359,False,False,0.0
SES04547,2024-11-15,2024-11,Social Media,Desktop,United States,/sale,1,42,True,False,0.0
SES04548,2025-04-21,2025-04,Referral,Desktop,Canada,/products,1,41,True,False,0.0
SES04549,2024-11-02,2024-11,Paid Search,Mobile,Australia,/about,1,26,True,False,0.0
SES04550,2025-01-02,2025-01,Organic Search,Desktop,Germany,/sale,1,38,True,False,0.0
SES04551,2024-12-09,2024-12,Paid Search,Desktop,Australia,/cart,6,483,False,False,0.0
SES04552,2024-11-01,2024-11,Organic Search,Desktop,United States,/home,3,166,False,False,0.0
SES04553,2025-01-26,2025-01,Email,Desktop,United Kingdom,/contact,10,858,False,False,0.0
SES04554,2025-03-16,2025-03,Organic Search,Desktop,United States,/products,1,34,True,False,0.0
SES04555,2025-01-02,2025-01,Direct,Tablet,United Kingdom,/home,7,97,False,False,0.0
SES04556,2025-02-15,2025-02,Organic Search,Desktop,United States,/products,8,148,False,False,0.0
SES04557,2024-09-03,2024-09,Social Media,Desktop,Germany,/products,5,734,False,False,0.0
SES04558,2025-01-25,2025-01,Direct,Desktop,Canada,/home,4,644,False,False,0.0
SES04559,2025-05-07,2025-05,Organic Search,Mobile,Germany,/home,1,23,True,False,0.0
SES04560,2024-11-24,2024-11,Social Media,Desktop,United States,/home,1,34,True,False,0.0
SES04561,2024-08-30,2024-08,Paid Search,Tablet,United Kingdom,/products,1,26,True,False,0.0
SES04562,2025-02-01,2025-02,Social Media,Mobile,United States,/products,1,39,True,False,0.0
SES04563,2024-09-14,2024-09,Organic Search,Mobile,Australia,/home,11,606,False,False,0.0
SES04564,2024-10-10,2024-10,Email,Tablet,United States,/products,9,387,False,False,0.0
SES04565,2024-07-08,2024-07,Organic Search,Tablet,Canada,/products,1,36,True,False,0.0
SES04566,2025-01-31,2025-01,Organic Search,Mobile,United States,/blog,1,33,True,False,0.0
SES04567,2025-04-10,2025-04,Direct,Desktop,United States,/products,5,225,False,False,0.0
SES04568,2024-08-21,2024-08,Paid Search,Desktop,United States,/home,1,40,True,False,0.0
SES04569,2024-07-18,2024-07,Paid Search,Desktop,United States,/cart,10,495,False,True,112.52
SES04570,2024-09-24,2024-09,Direct,Desktop,United States,/home,9,270,False,False,0.0
SES04571,2025-03-29,2025-03,Organic Search,Desktop,United States,/about,6,188,False,False,0.0
SES04572,2024-12-29,2024-12,Organic Search,Desktop,Australia,/home,1,30,True,False,0.0
SES04573,2025-06-22,2025-06,Social Media,Desktop,United States,/products,1,31,True,False,0.0
SES04574,2025-06-30,2025-06,Paid Search,Mobile,United States,/products,1,25,True,False,0.0
SES04575,2024-12-20,2024-12,Organic Search,Desktop,United States,/contact,8,677,False,False,0.0
SES04576,2025-04-29,2025-04,Referral,Mobile,United States,/home,2,202,False,False,0.0
SES04577,2024-07-24,2024-07,Paid Search,Desktop,United States,/blog,1,8,True,False,0.0
SES04578,2024-12-29,2024-12,Referral,Desktop,Canada,/products,7,694,False,False,0.0
SES04579,2025-05-19,2025-05,Paid Search,Mobile,United States,/checkout,1,25,True,False,0.0
SES04580,2025-02-09,2025-02,Social Media,Desktop,Canada,/home,1,27,True,False,0.0
SES04581,2025-03-02,2025-03,Organic Search,Mobile,Germany,/sale,7,662,False,False,0.0
SES04582,2025-04-28,2025-04,Paid Search,Tablet,United States,/products,3,599,False,False,0.0
SES04583,2024-08-12,2024-08,Paid Search,Desktop,United States,/products,1,12,True,False,0.0
SES04584,2024-07-04,2024-07,Direct,Mobile,United States,/checkout,6,231,False,False,0.0
SES04585,2025-05-29,2025-05,Social Media,Mobile,Canada,/products,1,36,True,False,0.0
SES04586,2024-12-12,2024-12,Organic Search,Mobile,United States,/home,6,608,False,False,0.0
SES04587,2025-04-28,2025-04,Social Media,Desktop,Germany,/home,1,5,True,False,0.0
SES04588,2024-08-19,2024-08,Organic Search,Mobile,United States,/contact,1,41,True,False,0.0
SES04589,2025-03-10,2025-03,Referral,Desktop,Germany,/home,1,19,True,False,0.0
SES04590,2025-04-15,2025-04,Direct,Tablet,Canada,/contact,8,510,False,False,0.0
SES04591,2025-03-18,2025-03,Social Media,Desktop,United States,/home,7,776,False,False,0.0
SES04592,2024-12-13,2024-12,Organic Search,Desktop,Australia,/products,1,25,True,False,0.0
SES04593,2024-09-30,2024-09,Paid Search,Desktop,United States,/products,8,66,False,True,98.0
SES04594,2024-10-16,2024-10,Paid Search,Mobile,Canada,/checkout,1,13,True,False,0.0
SES04595,2024-11-20,2024-11,Social Media,Desktop,United Kingdom,/products,1,22,True,False,0.0
SES04596,2025-05-12,2025-05,Paid Search,Mobile,United Kingdom,/products,1,32,True,False,0.0
SES04597,2024-12-25,2024-12,Organic Search,Mobile,Germany,/contact,1,31,True,False,0.0
SES04598,2024-08-30,2024-08,Organic Search,Desktop,United States,/about,1,9,True,False,0.0
SES04599,2025-03-07,2025-03,Organic Search,Desktop,United States,/home,11,242,False,False,0.0
SES04600,2024-11-25,2024-11,Referral,Desktop,United States,/sale,11,841,False,False,0.0
SES04601,2025-05-07,2025-05,Paid Search,Mobile,United States,/home,9,90,False,False,0.0
SES04602,2025-06-07,2025-06,Direct,Mobile,United States,/sale,1,23,True,False,0.0
SES04603,2024-08-19,2024-08,Direct,Mobile,United States,/checkout,1,23,True,False,0.0
SES04604,2025-03-18,2025-03,Organic Search,Tablet,Canada,/products,7,222,False,True,60.8
SES04605,2024-07-21,2024-07,Organic Search,Desktop,United States,/products,5,183,False,False,0.0
SES04606,2024-10-08,2024-10,Referral,Mobile,Germany,/blog,1,44,True,False,0.0
SES04607,2024-07-14,2024-07,Paid Search,Desktop,United States,/products,1,25,True,False,0.0
SES04608,2024-11-22,2024-11,Organic Search,Desktop,United States,/products,11,745,False,False,0.0
SES04609,2025-02-13,2025-02,Social Media,Desktop,Australia,/products,1,17,True,False,0.0
SES04610,2025-02-18,2025-02,Organic Search,Desktop,Canada,/products,1,12,True,False,0.0
SES04611,2024-08-26,2024-08,Organic Search,Mobile,United States,/products,5,127,False,False,0.0
SES04612,2024-08-31,2024-08,Organic Search,Desktop,United States,/cart,7,344,False,False,0.0
SES04613,2024-11-12,2024-11,Organic Search,Desktop,Canada,/products,1,31,True,False,0.0
SES04614,2024-09-09,2024-09,Direct,Tablet,United States,/home,8,366,False,False,0.0
SES04615,2024-08-29,2024-08,Social Media,Desktop,United States,/sale,3,141,False,False,0.0
SES04616,2024-10-22,2024-10,Organic Search,Desktop,United States,/home,3,858,False,False,0.0
SES04617,2025-03-17,2025-03,Direct,Desktop,United States,/home,1,19,True,False,0.0
SES04618,2025-02-18,2025-02,Organic Search,Mobile,United States,/home,3,802,False,False,0.0
SES04619,2024-08-07,2024-08,Organic Search,Desktop,United States,/home,9,411,False,False,0.0
SES04620,2024-07-20,2024-07,Organic Search,Desktop,United States,/home,8,761,False,False,0.0
SES04621,2025-03-24,2025-03,Organic Search,Mobile,United States,/home,1,39,True,False,0.0
SES04622,2025-04-12,2025-04,Email,Desktop,Australia,/products,10,80,False,False,0.0
SES04623,2024-07-19,2024-07,Paid Search,Mobile,United States,/sale,3,452,False,False,0.0
SES04624,2024-11-03,2024-11,Paid Search,Mobile,Canada,/sale,1,17,True,False,0.0
SES04625,2025-01-09,2025-01,Direct,Tablet,United States,/home,4,275,False,False,0.0
SES04626,2024-10-09,2024-10,Paid Search,Mobile,Canada,/blog,1,15,True,False,0.0
SES04627,2024-09-16,2024-09,Organic Search,Tablet,United States,/home,7,810,False,False,0.0
SES04628,2025-03-12,2025-03,Organic Search,Desktop,United States,/products,1,42,True,False,0.0
SES04629,2024-10-10,2024-10,Organic Search,Desktop,Australia,/products,6,253,False,False,0.0
SES04630,2025-03-22,2025-03,Organic Search,Desktop,United Kingdom,/home,8,592,False,False,0.0
SES04631,2024-07-02,2024-07,Organic Search,Mobile,United States,/products,9,280,False,False,0.0
SES04632,2025-05-09,2025-05,Paid Search,Desktop,United States,/checkout,1,37,True,False,0.0
SES04633,2024-09-30,2024-09,Organic Search,Mobile,Australia,/sale,1,7,True,False,0.0
SES04634,2025-06-18,2025-06,Direct,Mobile,Canada,/cart,1,31,True,False,0.0
SES04635,2025-01-11,2025-01,Social Media,Desktop,United States,/products,1,8,True,False,0.0
SES04636,2024-10-29,2024-10,Paid Search,Mobile,Canada,/checkout,7,689,False,False,0.0
SES04637,2025-06-02,2025-06,Paid Search,Tablet,Canada,/products,8,432,False,False,0.0
SES04638,2024-10-27,2024-10,Organic Search,Desktop,Canada,/home,3,149,False,False,0.0
SES04639,2025-03-08,2025-03,Paid Search,Desktop,Canada,/home,9,769,False,False,0.0
SES04640,2024-12-30,2024-12,Paid Search,Desktop,United States,/cart,5,710,False,False,0.0
SES04641,2024-10-21,2024-10,Paid Search,Desktop,United States,/products,1,5,True,False,0.0
SES04642,2024-11-25,2024-11,Direct,Mobile,United States,/products,8,359,False,False,0.0
SES04643,2024-11-04,2024-11,Paid Search,Desktop,United States,/checkout,7,437,False,False,0.0
SES04644,2025-02-23,2025-02,Organic Search,Mobile,Canada,/products,3,119,False,False,0.0
SES04645,2024-12-25,2024-12,Email,Tablet,United States,/sale,9,80,False,False,0.0
SES04646,2025-03-05,2025-03,Organic Search,Desktop,United States,/checkout,5,605,False,False,0.0
SES04647,2025-05-04,2025-05,Direct,Mobile,United States,/home,9,92,False,False,0.0
SES04648,2024-11-26,2024-11,Organic Search,Desktop,United States,/products,1,20,True,False,0.0
SES04649,2024-10-19,2024-10,Direct,Desktop,United States,/contact,6,579,False,False,0.0
SES04650,2024-08-01,2024-08,Organic Search,Tablet,Germany,/home,6,432,False,False,0.0
SES04651,2025-06-11,2025-06,Paid Search,Desktop,Canada,/home,1,36,True,False,0.0
SES04652,2025-01-17,2025-01,Direct,Desktop,United States,/cart,6,446,False,False,0.0
SES04653,2024-11-11,2024-11,Paid Search,Desktop,United States,/home,11,159,False,False,0.0
SES04654,2024-10-21,2024-10,Paid Search,Desktop,United States,/products,1,33,True,False,0.0
SES04655,2024-07-24,2024-07,Paid Search,Desktop,United States,/home,1,37,True,False,0.0
SES04656,2025-01-26,2025-01,Paid Search,Desktop,United Kingdom,/home,1,42,True,False,0.0
SES04657,2024-09-24,2024-09,Direct,Mobile,United States,/about,11,433,False,False,0.0
SES04658,2024-08-26,2024-08,Organic Search,Tablet,United States,/contact,11,565,False,False,0.0
SES04659,2024-12-16,2024-12,Paid Search,Desktop,United States,/home,1,11,True,False,0.0
SES04660,2025-04-03,2025-04,Organic Search,Desktop,United States,/home,1,15,True,False,0.0
SES04661,2024-07-11,2024-07,Referral,Mobile,United States,/cart,9,136,False,False,0.0
SES04662,2025-06-26,2025-06,Paid Search,Desktop,United States,/home,1,18,True,False,0.0
SES04663,2024-12-28,2024-12,Paid Search,Desktop,United States,/about,2,507,False,False,0.0
SES04664,2025-06-01,2025-06,Paid Search,Tablet,United States,/home,1,18,True,False,0.0
SES04665,2024-10-16,2024-10,Direct,Desktop,United States,/sale,1,5,True,False,0.0
SES04666,2024-10-10,2024-10,Social Media,Mobile,United States,/home,7,745,False,False,0.0
SES04667,2025-01-19,2025-01,Social Media,Desktop,United States,/contact,7,298,False,False,0.0
SES04668,2024-09-21,2024-09,Organic Search,Desktop,United States,/contact,3,180,False,False,0.0
SES04669,2024-10-19,2024-10,Organic Search,Mobile,United States,/sale,9,150,False,False,0.0
SES04670,2024-07-07,2024-07,Organic Search,Desktop,United Kingdom,/home,1,30,True,False,0.0
SES04671,2024-07-11,2024-07,Organic Search,Tablet,United States,/about,8,426,False,False,0.0
SES04672,2025-03-14,2025-03,Organic Search,Tablet,Canada,/about,1,33,True,False,0.0
SES04673,2025-03-06,2025-03,Email,Desktop,United Kingdom,/home,1,15,True,False,0.0
SES04674,2024-11-22,2024-11,Paid Search,Mobile,United States,/home,1,12,True,False,0.0
SES04675,2024-10-26,2024-10,Direct,Desktop,United States,/sale,9,780,False,False,0.0
SES04676,2024-07-18,2024-07,Organic Search,Desktop,United Kingdom,/products,1,35,True,False,0.0
SES04677,2024-09-02,2024-09,Referral,Tablet,United Kingdom,/home,9,86,False,False,0.0
SES04678,2025-01-22,2025-01,Organic Search,Mobile,United States,/about,1,29,True,False,0.0
SES04679,2024-11-16,2024-11,Social Media,Tablet,United States,/home,5,301,False,False,0.0
SES04680,2025-03-16,2025-03,Paid Search,Tablet,United Kingdom,/home,9,836,False,False,0.0
SES04681,2025-01-29,2025-01,Organic Search,Desktop,United Kingdom,/blog,1,8,True,False,0.0
SES04682,2025-04-04,2025-04,Social Media,Mobile,United States,/about,1,12,True,False,0.0
SES04683,2024-09-16,2024-09,Social Media,Mobile,United States,/home,1,6,True,False,0.0
SES04684,2025-04-28,2025-04,Paid Search,Desktop,Germany,/checkout,3,151,False,False,0.0
SES04685,2025-05-07,2025-05,Social Media,Desktop,United States,/home,4,422,False,False,0.0
SES04686,2025-02-03,2025-02,Organic Search,Mobile,United States,/cart,6,683,False,True,47.52
SES04687,2024-11-18,2024-11,Organic Search,Desktop,Australia,/products,3,785,False,False,0.0
SES04688,2025-06-01,2025-06,Direct,Desktop,United Kingdom,/products,8,534,False,False,0.0
SES04689,2025-02-05,2025-02,Email,Mobile,Australia,/products,1,8,True,False,0.0
SES04690,2025-01-25,2025-01,Organic Search,Desktop,United States,/home,5,875,False,False,0.0
SES04691,2025-06-25,2025-06,Paid Search,Tablet,Canada,/products,10,66,False,False,0.0
SES04692,2024-07-09,2024-07,Paid Search,Desktop,United States,/products,9,287,False,False,0.0
SES04693,2025-01-07,2025-01,Organic Search,Desktop,United States,/contact,4,85,False,False,0.0
SES04694,2025-02-17,2025-02,Email,Desktop,United States,/home,1,9,True,False,0.0
SES04695,2024-07-13,2024-07,Direct,Mobile,Canada,/products,8,92,False,False,0.0
SES04696,2025-01-06,2025-01,Paid Search,Desktop,Canada,/checkout,2,98,False,False,0.0
SES04697,2024-12-07,2024-12,Paid Search,Mobile,United States,/products,1,21,True,False,0.0
SES04698,2025-05-19,2025-05,Organic Search,Desktop,Canada,/products,2,731,False,False,0.0
SES04699,2024-09-25,2024-09,Organic Search,Desktop,United States,/sale,1,44,True,False,0.0
SES04700,2025-03-08,2025-03,Organic Search,Desktop,United States,/home,2,60,False,False,0.0
SES04701,2025-01-23,2025-01,Social Media,Desktop,United States,/sale,1,22,True,False,0.0
SES04702,2025-02-28,2025-02,Direct,Desktop,United States,/about,7,712,False,False,0.0
SES04703,2024-10-28,2024-10,Paid Search,Mobile,United Kingdom,/blog,1,27,True,False,0.0
SES04704,2025-03-10,2025-03,Direct,Desktop,United States,/blog,1,38,True,False,0.0
SES04705,2024-12-07,2024-12,Organic Search,Mobile,Canada,/products,10,501,False,False,0.0
SES04706,2024-07-19,2024-07,Direct,Mobile,United Kingdom,/home,1,38,True,False,0.0
SES04707,2025-04-16,2025-04,Direct,Desktop,United States,/sale,3,68,False,False,0.0
SES04708,2024-11-15,2024-11,Organic Search,Desktop,United Kingdom,/cart,11,402,False,False,0.0
SES04709,2025-03-08,2025-03,Direct,Desktop,United States,/home,5,554,False,False,0.0
SES04710,2025-05-30,2025-05,Organic Search,Tablet,United States,/blog,1,9,True,False,0.0
SES04711,2025-02-22,2025-02,Direct,Mobile,United States,/about,3,447,False,False,0.0
SES04712,2024-08-11,2024-08,Direct,Desktop,Australia,/home,7,691,False,False,0.0
SES04713,2024-08-09,2024-08,Organic Search,Mobile,United States,/home,1,32,True,False,0.0
SES04714,2024-07-07,2024-07,Paid Search,Mobile,United Kingdom,/checkout,1,33,True,False,0.0
SES04715,2024-09-01,2024-09,Social Media,Mobile,United Kingdom,/home,1,7,True,False,0.0
SES04716,2025-02-10,2025-02,Direct,Desktop,United States,/sale,8,511,False,False,0.0
SES04717,2025-02-03,2025-02,Email,Desktop,United States,/checkout,6,453,False,False,0.0
SES04718,2025-03-26,2025-03,Direct,Desktop,United States,/sale,3,689,False,False,0.0
SES04719,2025-04-07,2025-04,Email,Desktop,United States,/about,10,287,False,True,236.15
SES04720,2024-08-30,2024-08,Referral,Tablet,United Kingdom,/about,1,42,True,False,0.0
SES04721,2024-11-28,2024-11,Organic Search,Desktop,United States,/home,7,694,False,False,0.0
SES04722,2024-11-16,2024-11,Email,Mobile,United States,/home,8,195,False,False,0.0
SES04723,2025-01-07,2025-01,Social Media,Tablet,Germany,/blog,1,20,True,False,0.0
SES04724,2024-09-23,2024-09,Direct,Tablet,Canada,/about,1,13,True,False,0.0
SES04725,2025-03-25,2025-03,Paid Search,Mobile,United States,/products,4,182,False,False,0.0
SES04726,2025-01-07,2025-01,Email,Desktop,Australia,/checkout,5,99,False,False,0.0
SES04727,2025-02-22,2025-02,Social Media,Mobile,United States,/home,1,21,True,False,0.0
SES04728,2024-12-17,2024-12,Organic Search,Mobile,United States,/home,4,409,False,False,0.0
SES04729,2024-09-08,2024-09,Organic Search,Desktop,United States,/sale,1,40,True,False,0.0
SES04730,2025-02-28,2025-02,Social Media,Desktop,United States,/sale,1,5,True,False,0.0
SES04731,2025-01-30,2025-01,Organic Search,Desktop,United Kingdom,/products,1,18,True,False,0.0
SES04732,2025-02-26,2025-02,Organic Search,Desktop,United Kingdom,/products,1,13,True,False,0.0
SES04733,2024-07-03,2024-07,Paid Search,Mobile,United States,/cart,1,20,True,False,0.0
SES04734,2024-10-05,2024-10,Email,Desktop,Australia,/sale,1,34,True,False,0.0
SES04735,2024-08-18,2024-08,Organic Search,Mobile,United Kingdom,/about,5,496,False,False,0.0
SES04736,2024-08-01,2024-08,Direct,Desktop,Australia,/checkout,8,659,False,False,0.0
SES04737,2024-08-04,2024-08,Email,Desktop,Canada,/checkout,7,74,False,False,0.0
SES04738,2024-10-24,2024-10,Email,Desktop,United States,/products,1,10,True,False,0.0
SES04739,2024-07-08,2024-07,Organic Search,Mobile,Canada,/products,7,373,False,False,0.0
SES04740,2025-02-04,2025-02,Referral,Mobile,United States,/sale,7,876,False,False,0.0
SES04741,2025-05-16,2025-05,Social Media,Desktop,United States,/sale,10,745,False,False,0.0
SES04742,2025-04-14,2025-04,Organic Search,Mobile,Germany,/about,3,584,False,False,0.0
SES04743,2024-08-09,2024-08,Social Media,Mobile,United States,/products,1,16,True,False,0.0
SES04744,2024-08-22,2024-08,Referral,Desktop,Germany,/contact,4,250,False,False,0.0
SES04745,2024-11-12,2024-11,Referral,Mobile,Australia,/checkout,4,409,False,False,0.0
SES04746,2025-03-25,2025-03,Social Media,Tablet,Australia,/sale,1,21,True,False,0.0
SES04747,2025-01-13,2025-01,Direct,Mobile,United States,/sale,1,11,True,False,0.0
SES04748,2025-04-30,2025-04,Email,Desktop,Canada,/home,8,427,False,False,0.0
SES04749,2025-05-12,2025-05,Paid Search,Mobile,United States,/about,10,779,False,False,0.0
SES04750,2024-09-25,2024-09,Social Media,Desktop,Canada,/home,1,22,True,False,0.0
SES04751,2024-10-27,2024-10,Paid Search,Tablet,Germany,/products,9,223,False,False,0.0
SES04752,2025-05-11,2025-05,Organic Search,Desktop,Canada,/products,1,21,True,False,0.0
SES04753,2024-09-23,2024-09,Organic Search,Desktop,United Kingdom,/products,11,645,False,True,221.59
SES04754,2024-08-09,2024-08,Organic Search,Mobile,United Kingdom,/home,6,817,False,False,0.0
SES04755,2025-03-19,2025-03,Paid Search,Mobile,United States,/products,11,803,False,False,0.0
SES04756,2025-02-27,2025-02,Direct,Mobile,United States,/checkout,1,16,True,False,0.0
SES04757,2025-03-14,2025-03,Social Media,Desktop,United States,/products,11,484,False,False,0.0
SES04758,2025-01-18,2025-01,Organic Search,Mobile,United States,/home,1,14,True,False,0.0
SES04759,2025-01-14,2025-01,Social Media,Desktop,United States,/cart,8,619,False,False,0.0
SES04760,2025-03-25,2025-03,Social Media,Mobile,United States,/home,1,20,True,False,0.0
SES04761,2024-08-10,2024-08,Organic Search,Mobile,United States,/products,2,608,False,False,0.0
SES04762,2024-09-24,2024-09,Email,Desktop,United States,/products,7,681,False,False,0.0
SES04763,2025-06-30,2025-06,Organic Search,Desktop,United States,/home,1,30,True,False,0.0
SES04764,2025-02-09,2025-02,Social Media,Mobile,United Kingdom,/products,1,7,True,False,0.0
SES04765,2025-03-08,2025-03,Organic Search,Mobile,United States,/cart,10,590,False,False,0.0
SES04766,2024-08-31,2024-08,Direct,Mobile,Australia,/blog,4,416,False,False,0.0
SES04767,2024-12-26,2024-12,Organic Search,Desktop,United States,/home,1,39,True,False,0.0
SES04768,2025-01-04,2025-01,Paid Search,Desktop,United States,/checkout,10,550,False,False,0.0
SES04769,2024-12-25,2024-12,Email,Desktop,United States,/blog,2,737,False,False,0.0
SES04770,2025-04-13,2025-04,Email,Desktop,Germany,/checkout,4,596,False,False,0.0
SES04771,2024-10-06,2024-10,Organic Search,Mobile,Australia,/home,1,13,True,False,0.0
SES04772,2024-09-30,2024-09,Organic Search,Mobile,Canada,/products,5,885,False,False,0.0
SES04773,2024-10-09,2024-10,Direct,Tablet,United States,/products,7,85,False,False,0.0
SES04774,2024-07-03,2024-07,Paid Search,Mobile,United States,/products,2,806,False,False,0.0
SES04775,2025-01-05,2025-01,Social Media,Mobile,United States,/contact,10,514,False,False,0.0
SES04776,2024-07-07,2024-07,Referral,Mobile,United States,/products,10,810,False,False,0.0
SES04777,2024-11-18,2024-11,Organic Search,Desktop,United States,/cart,3,208,False,False,0.0
SES04778,2025-06-22,2025-06,Email,Desktop,United States,/home,10,253,False,False,0.0
SES04779,2024-07-30,2024-07,Paid Search,Mobile,United Kingdom,/products,11,802,False,False,0.0
SES04780,2025-02-27,2025-02,Referral,Mobile,Canada,/sale,2,179,False,False,0.0
SES04781,2025-03-09,2025-03,Direct,Mobile,United Kingdom,/products,1,35,True,False,0.0
SES04782,2025-05-28,2025-05,Organic Search,Desktop,Australia,/checkout,9,764,False,False,0.0
SES04783,2024-07-20,2024-07,Email,Desktop,United States,/home,6,677,False,False,0.0
SES04784,2024-09-17,2024-09,Referral,Mobile,United States,/products,5,166,False,False,0.0
SES04785,2024-09-06,2024-09,Referral,Desktop,United States,/home,1,22,True,False,0.0
SES04786,2024-08-31,2024-08,Paid Search,Mobile,Germany,/home,1,32,True,False,0.0
SES04787,2025-05-23,2025-05,Paid Search,Tablet,Canada,/home,11,199,False,False,0.0
SES04788,2025-04-05,2025-04,Organic Search,Mobile,Canada,/sale,1,41,True,False,0.0
SES04789,2024-10-08,2024-10,Organic Search,Desktop,Australia,/about,11,238,False,False,0.0
SES04790,2024-12-18,2024-12,Direct,Tablet,United States,/home,4,91,False,False,0.0
SES04791,2024-12-10,2024-12,Organic Search,Tablet,United States,/products,8,448,False,False,0.0
SES04792,2025-04-27,2025-04,Paid Search,Mobile,Australia,/home,6,626,False,False,0.0
SES04793,2024-07-08,2024-07,Paid Search,Tablet,United States,/home,2,118,False,False,0.0
SES04794,2025-06-07,2025-06,Organic Search,Mobile,Canada,/products,3,810,False,False,0.0
SES04795,2025-03-14,2025-03,Direct,Mobile,Canada,/home,1,9,True,False,0.0
SES04796,2024-11-14,2024-11,Organic Search,Desktop,United Kingdom,/products,1,24,True,False,0.0
SES04797,2025-02-13,2025-02,Social Media,Desktop,United Kingdom,/products,1,9,True,False,0.0
SES04798,2025-05-08,2025-05,Direct,Desktop,Australia,/blog,1,10,True,False,0.0
SES04799,2025-03-16,2025-03,Email,Desktop,Australia,/checkout,8,456,False,False,0.0
SES04800,2024-07-02,2024-07,Social Media,Mobile,United States,/products,1,36,True,False,0.0
SES04801,2025-04-14,2025-04,Organic Search,Desktop,United States,/cart,1,36,True,False,0.0
SES04802,2024-12-22,2024-12,Paid Search,Desktop,United States,/home,2,299,False,False,0.0
SES04803,2024-08-14,2024-08,Organic Search,Mobile,United States,/products,6,448,False,False,0.0
SES04804,2024-08-29,2024-08,Direct,Desktop,United Kingdom,/products,9,584,False,False,0.0
SES04805,2024-08-14,2024-08,Organic Search,Mobile,United States,/products,1,44,True,False,0.0
SES04806,2025-04-29,2025-04,Direct,Mobile,United States,/home,2,879,False,True,165.71
SES04807,2024-09-25,2024-09,Organic Search,Desktop,United Kingdom,/home,11,90,False,False,0.0
SES04808,2025-01-08,2025-01,Paid Search,Mobile,Canada,/cart,9,755,False,False,0.0
SES04809,2024-11-04,2024-11,Organic Search,Desktop,Canada,/products,1,6,True,False,0.0
SES04810,2025-06-14,2025-06,Organic Search,Desktop,United States,/about,8,651,False,False,0.0
SES04811,2024-10-06,2024-10,Organic Search,Mobile,Germany,/home,9,809,False,False,0.0
SES04812,2024-12-06,2024-12,Social Media,Mobile,United States,/home,1,30,True,False,0.0
SES04813,2025-06-27,2025-06,Paid Search,Tablet,United States,/sale,1,28,True,False,0.0
SES04814,2024-11-20,2024-11,Direct,Desktop,United States,/products,1,32,True,False,0.0
SES04815,2024-12-09,2024-12,Organic Search,Mobile,United States,/sale,1,16,True,False,0.0
SES04816,2024-10-05,2024-10,Direct,Mobile,United States,/sale,1,17,True,False,0.0
SES04817,2024-10-11,2024-10,Direct,Desktop,United States,/products,1,42,True,False,0.0
SES04818,2024-11-29,2024-11,Direct,Desktop,United States,/products,1,24,True,False,0.0
SES04819,2025-02-11,2025-02,Email,Mobile,Germany,/home,1,10,True,False,0.0
SES04820,2025-03-08,2025-03,Email,Desktop,United States,/contact,6,243,False,False,0.0
SES04821,2025-05-25,2025-05,Direct,Desktop,United States,/cart,7,354,False,False,0.0
SES04822,2025-06-17,2025-06,Organic Search,Desktop,United States,/cart,9,438,False,True,94.55
SES04823,2025-04-26,2025-04,Paid Search,Mobile,United States,/sale,1,25,True,False,0.0
SES04824,2025-04-02,2025-04,Direct,Mobile,United States,/checkout,11,89,False,False,0.0
SES04825,2025-02-08,2025-02,Email,Desktop,United States,/home,1,17,True,False,0.0
SES04826,2025-06-15,2025-06,Social Media,Mobile,United States,/blog,11,814,False,False,0.0
SES04827,2025-06-24,2025-06,Email,Desktop,United States,/products,5,107,False,False,0.0
SES04828,2024-11-15,2024-11,Organic Search,Desktop,United States,/sale,1,30,True,False,0.0
SES04829,2024-10-16,2024-10,Direct,Mobile,United States,/sale,1,35,True,False,0.0
SES04830,2025-02-25,2025-02,Email,Desktop,Canada,/home,1,27,True,False,0.0
SES04831,2024-08-29,2024-08,Organic Search,Desktop,United States,/home,6,227,False,False,0.0
SES04832,2025-03-01,2025-03,Paid Search,Desktop,United States,/home,1,32,True,False,0.0
SES04833,2025-04-27,2025-04,Direct,Desktop,Canada,/products,1,21,True,False,0.0
SES04834,2025-04-15,2025-04,Social Media,Mobile,United States,/checkout,1,30,True,False,0.0
SES04835,2025-04-28,2025-04,Paid Search,Desktop,Australia,/home,9,138,False,False,0.0
SES04836,2024-08-23,2024-08,Organic Search,Desktop,United States,/sale,4,469,False,False,0.0
SES04837,2024-07-05,2024-07,Organic Search,Mobile,Australia,/checkout,1,27,True,False,0.0
SES04838,2025-03-01,2025-03,Organic Search,Desktop,United States,/products,1,38,True,False,0.0
SES04839,2025-05-28,2025-05,Organic Search,Desktop,United States,/sale,2,174,False,False,0.0
SES04840,2024-12-31,2024-12,Email,Mobile,United States,/contact,1,44,True,False,0.0
SES04841,2025-02-25,2025-02,Organic Search,Desktop,Canada,/products,11,101,False,False,0.0
SES04842,2025-02-10,2025-02,Paid Search,Desktop,Australia,/home,11,327,False,False,0.0
SES04843,2025-04-21,2025-04,Organic Search,Mobile,United States,/checkout,6,194,False,False,0.0
SES04844,2025-02-28,2025-02,Organic Search,Desktop,Canada,/checkout,8,377,False,False,0.0
SES04845,2025-01-08,2025-01,Paid Search,Desktop,United States,/home,8,375,False,False,0.0
SES04846,2025-01-22,2025-01,Organic Search,Tablet,United States,/about,1,13,True,False,0.0
SES04847,2024-10-28,2024-10,Paid Search,Desktop,Germany,/home,3,871,False,False,0.0
SES04848,2025-03-17,2025-03,Organic Search,Desktop,United States,/home,1,36,True,False,0.0
SES04849,2025-02-04,2025-02,Organic Search,Mobile,United States,/blog,10,408,False,False,0.0
SES04850,2025-01-22,2025-01,Organic Search,Desktop,United States,/home,7,475,False,False,0.0
SES04851,2024-09-24,2024-09,Social Media,Desktop,United States,/home,8,146,False,False,0.0
SES04852,2025-06-23,2025-06,Paid Search,Mobile,Germany,/blog,8,544,False,False,0.0
SES04853,2025-04-17,2025-04,Email,Desktop,United States,/cart,4,854,False,False,0.0
SES04854,2024-12-18,2024-12,Direct,Desktop,United Kingdom,/home,11,126,False,False,0.0
SES04855,2024-08-16,2024-08,Email,Mobile,United States,/about,1,13,True,False,0.0
SES04856,2024-09-11,2024-09,Organic Search,Desktop,United States,/checkout,4,275,False,False,0.0
SES04857,2024-09-23,2024-09,Referral,Desktop,United States,/cart,1,9,True,False,0.0
SES04858,2025-06-03,2025-06,Paid Search,Desktop,United States,/home,1,43,True,False,0.0
SES04859,2024-09-27,2024-09,Organic Search,Desktop,United States,/products,1,28,True,False,0.0
SES04860,2024-08-11,2024-08,Organic Search,Mobile,Australia,/cart,1,39,True,False,0.0
SES04861,2024-10-13,2024-10,Email,Tablet,United States,/home,5,407,False,False,0.0
SES04862,2024-09-17,2024-09,Paid Search,Tablet,United States,/sale,7,630,False,False,0.0
SES04863,2025-01-08,2025-01,Paid Search,Tablet,United States,/cart,1,20,True,False,0.0
SES04864,2024-09-20,2024-09,Direct,Mobile,United Kingdom,/home,1,29,True,False,0.0
SES04865,2025-02-27,2025-02,Social Media,Tablet,United States,/products,1,41,True,False,0.0
SES04866,2025-01-18,2025-01,Paid Search,Mobile,Australia,/products,10,330,False,False,0.0
SES04867,2025-06-08,2025-06,Organic Search,Tablet,Canada,/products,1,38,True,False,0.0
SES04868,2025-02-23,2025-02,Organic Search,Tablet,Australia,/contact,7,652,False,False,0.0
SES04869,2024-08-19,2024-08,Organic Search,Desktop,Australia,/about,1,23,True,False,0.0
SES04870,2024-12-10,2024-12,Organic Search,Desktop,United States,/cart,9,474,False,False,0.0
SES04871,2024-12-15,2024-12,Organic Search,Desktop,United Kingdom,/home,5,682,False,False,0.0
SES04872,2025-02-03,2025-02,Paid Search,Mobile,Canada,/about,5,868,False,False,0.0
SES04873,2024-12-25,2024-12,Direct,Tablet,Germany,/home,7,324,False,False,0.0
SES04874,2025-04-27,2025-04,Organic Search,Tablet,United States,/home,1,31,True,False,0.0
SES04875,2025-05-08,2025-05,Social Media,Mobile,Canada,/home,1,25,True,False,0.0
SES04876,2024-10-29,2024-10,Paid Search,Desktop,United States,/products,1,23,True,False,0.0
SES04877,2024-12-22,2024-12,Direct,Desktop,United States,/home,7,879,False,True,175.2
SES04878,2025-05-03,2025-05,Organic Search,Tablet,United States,/home,3,97,False,False,0.0
SES04879,2025-05-27,2025-05,Email,Desktop,United Kingdom,/sale,1,20,True,False,0.0
SES04880,2025-03-13,2025-03,Paid Search,Desktop,Canada,/products,1,11,True,False,0.0
SES04881,2024-10-17,2024-10,Social Media,Desktop,United States,/products,1,5,True,False,0.0
SES04882,2024-08-17,2024-08,Social Media,Mobile,United States,/about,1,12,True,False,0.0
SES04883,2025-05-31,2025-05,Paid Search,Mobile,Germany,/home,1,42,True,False,0.0
SES04884,2024-09-16,2024-09,Referral,Mobile,Canada,/home,1,28,True,False,0.0
SES04885,2025-01-15,2025-01,Organic Search,Desktop,United Kingdom,/contact,6,642,False,False,0.0
SES04886,2024-11-11,2024-11,Organic Search,Tablet,Canada,/checkout,9,359,False,False,0.0
SES04887,2024-09-22,2024-09,Direct,Mobile,United States,/home,5,593,False,False,0.0
SES04888,2024-08-24,2024-08,Social Media,Desktop,United States,/sale,1,36,True,False,0.0
SES04889,2024-08-12,2024-08,Direct,Desktop,United States,/products,1,22,True,False,0.0
SES04890,2024-08-21,2024-08,Paid Search,Tablet,United States,/about,4,808,False,False,0.0
SES04891,2024-07-07,2024-07,Paid Search,Mobile,United States,/products,1,5,True,False,0.0
SES04892,2024-09-04,2024-09,Organic Search,Desktop,United States,/sale,11,447,False,False,0.0
SES04893,2025-02-18,2025-02,Organic Search,Desktop,Germany,/checkout,1,40,True,False,0.0
SES04894,2025-05-31,2025-05,Email,Mobile,Canada,/sale,11,899,False,False,0.0
SES04895,2024-07-28,2024-07,Direct,Desktop,Australia,/home,1,39,True,False,0.0
SES04896,2024-11-10,2024-11,Organic Search,Mobile,Australia,/products,9,887,False,False,0.0
SES04897,2025-02-16,2025-02,Social Media,Desktop,Canada,/cart,1,27,True,False,0.0
SES04898,2025-02-28,2025-02,Social Media,Desktop,Australia,/checkout,11,726,False,False,0.0
SES04899,2025-01-03,2025-01,Organic Search,Desktop,United States,/home,1,40,True,False,0.0
SES04900,2024-09-30,2024-09,Organic Search,Desktop,United States,/products,9,718,False,False,0.0
SES04901,2025-01-13,2025-01,Paid Search,Mobile,Germany,/cart,2,558,False,False,0.0
SES04902,2024-07-04,2024-07,Direct,Mobile,Australia,/products,1,15,True,False,0.0
SES04903,2025-06-28,2025-06,Paid Search,Mobile,Canada,/home,4,275,False,False,0.0
SES04904,2025-05-11,2025-05,Organic Search,Desktop,United States,/sale,10,434,False,False,0.0
SES04905,2024-07-25,2024-07,Paid Search,Desktop,United States,/about,7,498,False,True,129.91
SES04906,2025-03-08,2025-03,Direct,Desktop,United Kingdom,/about,8,102,False,False,0.0
SES04907,2025-05-03,2025-05,Social Media,Mobile,United States,/home,2,218,False,False,0.0
SES04908,2024-12-20,2024-12,Organic Search,Mobile,United Kingdom,/about,10,767,False,False,0.0
SES04909,2024-07-13,2024-07,Email,Mobile,United States,/sale,6,576,False,False,0.0
SES04910,2024-12-30,2024-12,Paid Search,Desktop,United States,/products,1,41,True,False,0.0
SES04911,2025-02-14,2025-02,Paid Search,Mobile,Germany,/home,1,22,True,False,0.0
SES04912,2025-05-22,2025-05,Social Media,Mobile,United States,/sale,1,26,True,False,0.0
SES04913,2024-08-27,2024-08,Direct,Tablet,United Kingdom,/sale,1,10,True,False,0.0
SES04914,2024-07-19,2024-07,Organic Search,Mobile,Canada,/products,10,890,False,False,0.0
SES04915,2024-09-28,2024-09,Email,Desktop,Canada,/home,1,36,True,False,0.0
SES04916,2024-08-18,2024-08,Organic Search,Mobile,United States,/products,1,37,True,False,0.0
SES04917,2024-09-13,2024-09,Paid Search,Tablet,United States,/cart,4,632,False,False,0.0
SES04918,2024-11-18,2024-11,Organic Search,Tablet,United States,/home,1,9,True,False,0.0
SES04919,2025-02-20,2025-02,Organic Search,Mobile,United States,/home,10,800,False,False,0.0
SES04920,2025-03-26,2025-03,Direct,Mobile,Australia,/cart,8,219,False,True,226.71
SES04921,2024-12-15,2024-12,Organic Search,Desktop,United States,/cart,1,15,True,False,0.0
SES04922,2024-09-14,2024-09,Referral,Desktop,United Kingdom,/about,9,374,False,False,0.0
SES04923,2024-08-21,2024-08,Referral,Mobile,Canada,/products,1,10,True,False,0.0
SES04924,2024-08-10,2024-08,Organic Search,Desktop,United States,/contact,1,13,True,False,0.0
SES04925,2025-05-23,2025-05,Social Media,Mobile,United States,/products,6,212,False,False,0.0
SES04926,2024-07-12,2024-07,Organic Search,Mobile,United States,/sale,1,37,True,False,0.0
SES04927,2024-11-09,2024-11,Organic Search,Mobile,United States,/home,10,590,False,False,0.0
SES04928,2024-08-10,2024-08,Organic Search,Mobile,United States,/sale,5,152,False,False,0.0
SES04929,2024-08-29,2024-08,Organic Search,Desktop,Canada,/products,5,877,False,False,0.0
SES04930,2024-12-03,2024-12,Direct,Desktop,Canada,/checkout,8,172,False,False,0.0
SES04931,2024-11-02,2024-11,Paid Search,Desktop,United States,/products,10,559,False,True,170.65
SES04932,2025-04-20,2025-04,Organic Search,Mobile,Canada,/sale,7,680,False,False,0.0
SES04933,2025-02-09,2025-02,Referral,Desktop,United States,/products,1,36,True,False,0.0
SES04934,2025-06-18,2025-06,Paid Search,Mobile,United States,/contact,9,427,False,False,0.0
SES04935,2025-06-09,2025-06,Organic Search,Desktop,United States,/contact,1,30,True,False,0.0
SES04936,2025-01-21,2025-01,Direct,Desktop,United Kingdom,/products,7,796,False,False,0.0
SES04937,2024-11-17,2024-11,Organic Search,Desktop,Canada,/sale,1,13,True,False,0.0
SES04938,2024-10-15,2024-10,Email,Desktop,United States,/home,1,42,True,False,0.0
SES04939,2025-01-29,2025-01,Paid Search,Desktop,United States,/sale,4,712,False,False,0.0
SES04940,2025-02-22,2025-02,Direct,Desktop,United States,/sale,3,211,False,False,0.0
SES04941,2024-12-10,2024-12,Organic Search,Desktop,United States,/cart,1,6,True,False,0.0
SES04942,2024-10-24,2024-10,Direct,Desktop,United States,/cart,1,14,True,False,0.0
SES04943,2024-12-14,2024-12,Paid Search,Desktop,United States,/products,1,26,True,False,0.0
SES04944,2025-05-10,2025-05,Social Media,Mobile,United Kingdom,/home,1,43,True,False,0.0
SES04945,2025-06-30,2025-06,Organic Search,Desktop,United States,/home,2,84,False,False,0.0
SES04946,2025-02-01,2025-02,Referral,Tablet,United States,/products,3,99,False,False,0.0
SES04947,2025-01-16,2025-01,Organic Search,Desktop,Germany,/checkout,6,556,False,False,0.0
SES04948,2024-12-23,2024-12,Direct,Desktop,Germany,/products,1,38,True,False,0.0
SES04949,2024-12-25,2024-12,Direct,Desktop,United States,/products,7,578,False,False,0.0
SES04950,2025-03-13,2025-03,Paid Search,Mobile,Canada,/home,1,31,True,False,0.0
SES04951,2025-06-23,2025-06,Email,Desktop,United States,/checkout,1,33,True,False,0.0
SES04952,2025-01-16,2025-01,Organic Search,Desktop,United States,/sale,1,19,True,False,0.0
SES04953,2024-07-17,2024-07,Organic Search,Desktop,Australia,/home,10,604,False,False,0.0
SES04954,2024-08-10,2024-08,Organic Search,Tablet,Canada,/home,3,266,False,False,0.0
SES04955,2024-12-24,2024-12,Referral,Desktop,United States,/home,1,16,True,False,0.0
SES04956,2025-03-29,2025-03,Organic Search,Mobile,United States,/home,1,6,True,False,0.0
SES04957,2024-11-27,2024-11,Social Media,Desktop,United States,/sale,2,412,False,False,0.0
SES04958,2025-02-25,2025-02,Social Media,Desktop,United States,/sale,1,35,True,False,0.0
SES04959,2025-05-16,2025-05,Paid Search,Mobile,Germany,/checkout,5,476,False,False,0.0
SES04960,2025-04-16,2025-04,Paid Search,Desktop,Australia,/products,1,28,True,False,0.0
SES04961,2024-07-12,2024-07,Direct,Desktop,Australia,/contact,8,207,False,False,0.0
SES04962,2025-03-09,2025-03,Email,Desktop,United States,/checkout,4,695,False,False,0.0
SES04963,2025-04-02,2025-04,Email,Mobile,Australia,/blog,1,10,True,False,0.0
SES04964,2025-05-07,2025-05,Direct,Desktop,United States,/home,4,553,False,False,0.0
SES04965,2025-01-19,2025-01,Paid Search,Desktop,Australia,/about,1,5,True,False,0.0
SES04966,2024-08-26,2024-08,Paid Search,Desktop,United Kingdom,/checkout,6,621,False,False,0.0
SES04967,2024-09-20,2024-09,Social Media,Desktop,Canada,/home,6,318,False,False,0.0
SES04968,2025-01-22,2025-01,Direct,Tablet,United States,/home,3,290,False,False,0.0
SES04969,2024-10-20,2024-10,Organic Search,Desktop,United States,/blog,1,31,True,False,0.0
SES04970,2025-05-03,2025-05,Organic Search,Desktop,United Kingdom,/products,1,27,True,False,0.0
SES04971,2025-01-02,2025-01,Organic Search,Desktop,Canada,/products,4,72,False,False,0.0
SES04972,2025-06-17,2025-06,Direct,Desktop,United Kingdom,/products,7,677,False,False,0.0
SES04973,2024-12-10,2024-12,Direct,Desktop,United States,/products,11,698,False,False,0.0
SES04974,2024-10-24,2024-10,Organic Search,Desktop,United States,/cart,9,361,False,False,0.0
SES04975,2025-02-23,2025-02,Organic Search,Mobile,United States,/home,1,14,True,False,0.0
SES04976,2025-02-16,2025-02,Referral,Mobile,United States,/home,1,7,True,False,0.0
SES04977,2024-09-29,2024-09,Organic Search,Desktop,Canada,/products,1,37,True,False,0.0
SES04978,2024-07-02,2024-07,Social Media,Desktop,United States,/contact,1,39,True,False,0.0
SES04979,2024-12-19,2024-12,Organic Search,Mobile,United Kingdom,/home,9,822,False,False,0.0
SES04980,2025-06-15,2025-06,Organic Search,Desktop,United States,/sale,6,720,False,False,0.0
SES04981,2025-05-31,2025-05,Social Media,Tablet,United States,/cart,1,34,True,False,0.0
SES04982,2025-01-31,2025-01,Organic Search,Desktop,United States,/cart,1,30,True,False,0.0
SES04983,2025-05-22,2025-05,Paid Search,Tablet,Australia,/products,1,43,True,False,0.0
SES04984,2024-10-23,2024-10,Direct,Tablet,United States,/products,1,44,True,False,0.0
SES04985,2025-05-14,2025-05,Organic Search,Tablet,United States,/products,2,75,False,False,0.0
SES04986,2025-04-19,2025-04,Email,Desktop,United States,/cart,2,430,False,False,0.0
SES04987,2024-12-14,2024-12,Direct,Desktop,United States,/products,10,348,False,False,0.0
SES04988,2025-05-17,2025-05,Organic Search,Tablet,United States,/checkout,7,562,False,False,0.0
SES04989,2025-01-06,2025-01,Paid Search,Mobile,United States,/cart,1,31,True,False,0.0
SES04990,2025-05-04,2025-05,Paid Search,Mobile,United States,/products,8,626,False,False,0.0
SES04991,2025-04-09,2025-04,Organic Search,Mobile,United States,/products,10,857,False,False,0.0
SES04992,2024-09-21,2024-09,Organic Search,Desktop,United States,/about,5,760,False,False,0.0
SES04993,2024-10-31,2024-10,Direct,Mobile,Canada,/cart,1,13,True,False,0.0
SES04994,2025-06-30,2025-06,Organic Search,Desktop,Canada,/blog,11,793,False,False,0.0
SES04995,2024-11-28,2024-11,Social Media,Mobile,United States,/products,1,33,True,False,0.0
SES04996,2024-07-16,2024-07,Organic Search,Mobile,United States,/about,1,26,True,False,0.0
SES04997,2025-02-22,2025-02,Referral,Mobile,United States,/home,1,21,True,False,0.0
SES04998,2025-06-16,2025-06,Paid Search,Desktop,United States,/cart,2,533,False,False,0.0
SES04999,2024-09-29,2024-09,Direct,Desktop,United Kingdom,/products,5,417,False,False,0.0
SES05000,2024-08-26,2024-08,Organic Search,Desktop,Canada,/sale,10,832,False,False,0.0
